-- phpMyAdmin SQL Dump
-- version 3.1.3.1
-- http://www.phpmyadmin.net
--
-- Host: localhost
-- Generation Time: Apr 01, 2012 at 03:37 AM
-- Server version: 5.1.33
-- PHP Version: 5.2.9

SET SQL_MODE="NO_AUTO_VALUE_ON_ZERO";


/*!40101 SET @OLD_CHARACTER_SET_CLIENT=@@CHARACTER_SET_CLIENT */;
/*!40101 SET @OLD_CHARACTER_SET_RESULTS=@@CHARACTER_SET_RESULTS */;
/*!40101 SET @OLD_COLLATION_CONNECTION=@@COLLATION_CONNECTION */;
/*!40101 SET NAMES utf8 */;

--
-- Database: `qlvt`
--

-- --------------------------------------------------------

--
-- Table structure for table `branch`
--

CREATE TABLE IF NOT EXISTS `branch` (
  `id` bigint(20) NOT NULL AUTO_INCREMENT,
  `stationId` bigint(20) NOT NULL,
  `name` varchar(200) COLLATE utf8_unicode_ci NOT NULL,
  `createdDate` date NOT NULL,
  `updatedDate` date NOT NULL,
  `createBy` bigint(20) NOT NULL,
  `updateBy` bigint(20) NOT NULL,
  PRIMARY KEY (`id`)
) ENGINE=MyISAM  DEFAULT CHARSET=utf8 COLLATE=utf8_unicode_ci AUTO_INCREMENT=51 ;

--
-- Dumping data for table `branch`
--

INSERT INTO `branch` (`id`, `stationId`, `name`, `createdDate`, `updatedDate`, `createBy`, `updateBy`) VALUES
(13, 31, 'Cung Văn Trai', '2012-01-30', '2012-01-31', 1, 1),
(12, 31, 'Cung Minh Khôi', '2012-01-30', '2012-01-31', 1, 1),
(11, 31, 'Cung Thanh Hóa', '2012-01-27', '2012-01-31', 1, 1),
(9, 31, 'Cung Đò Lèn', '2012-01-30', '2012-01-30', 1, 1),
(8, 31, 'Cung Bỉm Sơn', '2012-01-09', '2012-01-31', 1, 1),
(14, 31, 'Trạm Thông tin Thanh Hóa', '2012-01-30', '2012-01-31', 1, 1),
(20, 31, 'Trạm ĐTĐB Thanh Hóa', '2012-01-31', '2012-01-31', 1, 1),
(19, 31, 'Cung Nguồn điện Thanh Hóa', '2012-01-31', '2012-01-31', 1, 1),
(21, 32, 'Cung Trường Lâm', '2012-01-31', '2012-01-31', 1, 1),
(22, 32, 'Cung Cầu Giát', '2012-01-31', '2012-01-31', 1, 1),
(23, 32, 'Cung Chợ Sy', '2012-01-31', '2012-01-31', 1, 1),
(24, 32, 'Cung Quán Hành', '2012-01-31', '2012-01-31', 1, 1),
(25, 32, 'Cung Nghĩa Thuận', '2012-01-31', '2012-01-31', 1, 1),
(26, 32, 'Trạm Thông tin Cầu Giát', '2012-01-31', '2012-01-31', 1, 1),
(27, 32, 'Cung Nguồn điện Cầu Giát', '2012-01-31', '2012-01-31', 1, 1),
(28, 32, 'Trạm ĐTĐB Cầu Giát', '2012-01-31', '2012-01-31', 1, 1),
(29, 33, 'Cung Vinh', '2012-01-31', '2012-01-31', 1, 1),
(30, 33, 'Cung Yên Trung', '2012-01-31', '2012-01-31', 1, 1),
(31, 33, 'Cung Đức Lạc', '2012-01-31', '2012-01-31', 1, 1),
(32, 33, 'Cung Thanh Luyện', '2012-01-31', '2012-01-31', 1, 1),
(33, 33, 'Cung Hương Phố', '2012-02-01', '2012-02-01', 1, 1),
(34, 33, 'Cung Phúc Trạch', '2012-02-01', '2012-02-01', 1, 1),
(35, 33, 'Trạm Thông tin Vinh', '2012-02-01', '2012-02-01', 1, 1),
(36, 33, 'Cung Nguồn điện Vinh', '2012-02-01', '2012-02-01', 1, 1),
(37, 33, 'Trạm ĐTĐB Vinh', '2012-02-01', '2012-02-01', 1, 1),
(38, 34, 'Cung Kim Lũ', '2012-02-01', '2012-02-01', 1, 1),
(39, 34, 'Cung Đồng Lê', '2012-02-01', '2012-02-01', 1, 1),
(40, 34, 'Cung Lạc Sơn', '2012-02-01', '2012-02-01', 1, 1),
(41, 34, 'Cung Minh Lễ', '2012-02-01', '2012-02-01', 1, 1),
(42, 34, 'Cung Hoàn Lão', '2012-02-01', '2012-02-01', 1, 1),
(43, 34, 'Cung Phúc Tự', '2012-02-01', '2012-02-01', 1, 1),
(44, 34, 'Trạm Thông tin Đồng Lê', '2012-02-01', '2012-02-01', 1, 1),
(45, 34, 'Cung Nguồn điện Đồng Lê', '2012-02-01', '2012-02-01', 1, 1),
(46, 34, 'Trạm ĐTĐB Đồng Lê', '2012-02-01', '2012-02-01', 1, 1),
(47, 35, 'Trạm Kiểm tu', '2012-02-01', '2012-02-01', 1, 1),
(48, 35, 'Tổ QL cáp quang', '2012-02-01', '2012-02-01', 1, 1),
(49, 35, 'Tổ Bổ trợ', '2012-02-01', '2012-02-01', 1, 1),
(50, 31, 'Trung tâm Thanh Hóa', '2012-02-09', '2012-02-09', 1, 1);

-- --------------------------------------------------------

--
-- Table structure for table `station`
--

CREATE TABLE IF NOT EXISTS `station` (
  `id` bigint(20) NOT NULL AUTO_INCREMENT,
  `name` varchar(100) CHARACTER SET utf8 COLLATE utf8_unicode_ci NOT NULL,
  `createdDate` date NOT NULL,
  `updatedDate` date NOT NULL,
  `createBy` bigint(20) NOT NULL,
  `updateBy` bigint(20) NOT NULL,
  PRIMARY KEY (`id`)
) ENGINE=MyISAM  DEFAULT CHARSET=latin1 AUTO_INCREMENT=37 ;

--
-- Dumping data for table `station`
--

INSERT INTO `station` (`id`, `name`, `createdDate`, `updatedDate`, `createBy`, `updateBy`) VALUES
(27, 'Công ty', '2011-12-31', '2011-12-31', 1, 1),
(31, 'Trung tâm Thanh Hóa', '2012-01-08', '2012-01-08', 1, 1),
(32, 'Trung tâm Cầu Giát', '2012-01-08', '2012-01-08', 1, 1),
(33, 'Trung tâm Vinh', '2012-01-08', '2012-01-08', 1, 1),
(34, 'Trung tâm Đồng Lê', '2012-01-08', '2012-01-08', 1, 1),
(35, 'Xí nghiệp XL và DV TTTH Điện', '2012-01-08', '2012-02-01', 1, 1);

-- --------------------------------------------------------

--
-- Table structure for table `subtaskannualdetail`
--

CREATE TABLE IF NOT EXISTS `subtaskannualdetail` (
  `id` bigint(20) NOT NULL AUTO_INCREMENT,
  `taskDetailId` bigint(20) NOT NULL,
  `branchId` bigint(20) NOT NULL,
  `lastYearValue` double DEFAULT NULL,
  `lastYear` int(11) NOT NULL,
  `currentYear` int(11) NOT NULL,
  `increaseValue` double DEFAULT NULL,
  `decreaseValue` double DEFAULT NULL,
  `realValue` double DEFAULT NULL,
  `createdDate` date NOT NULL,
  `updatedDate` date NOT NULL,
  `updateBy` bigint(20) NOT NULL,
  `createBy` bigint(20) NOT NULL,
  PRIMARY KEY (`id`)
) ENGINE=MyISAM  DEFAULT CHARSET=utf8 COLLATE=utf8_unicode_ci AUTO_INCREMENT=42 ;

--
-- Dumping data for table `subtaskannualdetail`
--

INSERT INTO `subtaskannualdetail` (`id`, `taskDetailId`, `branchId`, `lastYearValue`, `lastYear`, `currentYear`, `increaseValue`, `decreaseValue`, `realValue`, `createdDate`, `updatedDate`, `updateBy`, `createBy`) VALUES
(18, 4, 50, 2, 0, 0, NULL, NULL, 2, '2012-03-12', '2012-03-12', 1, 1),
(17, 4, 19, 1, 0, 0, NULL, NULL, 1, '2012-03-12', '2012-03-12', 1, 1),
(16, 4, 20, 1, 0, 0, NULL, NULL, 1, '2012-03-12', '2012-03-12', 1, 1),
(15, 4, 14, 1, 0, 0, NULL, NULL, 1, '2012-03-12', '2012-03-12', 1, 1),
(14, 4, 8, 1, 0, 0, NULL, NULL, 1, '2012-03-12', '2012-03-12', 1, 1),
(13, 4, 9, 1, 0, 0, NULL, NULL, 1, '2012-03-12', '2012-03-12', 1, 1),
(12, 4, 11, 1, 0, 0, NULL, NULL, 1, '2012-03-12', '2012-03-12', 1, 1),
(11, 4, 12, 1, 0, 0, NULL, NULL, 1, '2012-03-12', '2012-03-12', 1, 1),
(10, 4, 13, 1, 0, 0, NULL, NULL, 1, '2012-03-12', '2012-03-12', 1, 1),
(19, 5, 13, 1, 0, 0, NULL, NULL, 1, '2012-03-13', '2012-03-13', 1, 1),
(20, 5, 12, 1, 0, 0, NULL, NULL, 1, '2012-03-13', '2012-03-13', 1, 1),
(21, 5, 11, 1, 0, 0, NULL, NULL, 1, '2012-03-13', '2012-03-13', 1, 1),
(22, 5, 9, 1, 0, 0, NULL, NULL, 1, '2012-03-13', '2012-03-13', 1, 1),
(23, 5, 8, 1, 0, 0, NULL, NULL, 1, '2012-03-13', '2012-03-13', 1, 1),
(24, 5, 14, 1, 0, 0, NULL, NULL, 1, '2012-03-13', '2012-03-13', 1, 1),
(25, 5, 20, 1, 0, 0, NULL, NULL, 1, '2012-03-13', '2012-03-13', 1, 1),
(26, 5, 19, 1, 0, 0, NULL, NULL, 1, '2012-03-13', '2012-03-13', 1, 1),
(27, 5, 50, 2, 0, 0, NULL, NULL, 2, '2012-03-13', '2012-03-13', 1, 1),
(28, 6, 13, 1, 0, 0, NULL, NULL, 1, '2012-03-13', '2012-03-13', 1, 1),
(29, 6, 12, 2, 0, 0, NULL, NULL, 2, '2012-03-13', '2012-03-13', 1, 1),
(30, 6, 11, 1, 0, 0, NULL, NULL, 1, '2012-03-13', '2012-03-13', 1, 1),
(31, 6, 9, 1, 0, 0, NULL, NULL, 1, '2012-03-13', '2012-03-13', 1, 1),
(32, 6, 8, 1, 0, 0, NULL, NULL, 1, '2012-03-13', '2012-03-13', 1, 1),
(33, 6, 14, 1, 0, 0, NULL, NULL, 1, '2012-03-13', '2012-03-13', 1, 1),
(34, 6, 20, 1, 0, 0, NULL, NULL, 1, '2012-03-13', '2012-03-13', 1, 1),
(35, 6, 19, 1, 0, 0, NULL, NULL, 1, '2012-03-13', '2012-03-13', 1, 1),
(36, 6, 50, 1, 0, 0, NULL, NULL, 1, '2012-03-13', '2012-03-13', 1, 1),
(37, 7, 13, 1, 0, 0, NULL, NULL, 1, '2012-03-13', '2012-03-13', 1, 1),
(38, 7, 12, 2, 0, 0, NULL, NULL, 2, '2012-03-13', '2012-03-13', 1, 1),
(39, 7, 11, 3, 0, 0, NULL, NULL, 3, '2012-03-13', '2012-03-13', 1, 1),
(40, 7, 8, 4, 0, 0, NULL, NULL, 4, '2012-03-13', '2012-03-13', 1, 1),
(41, 7, 20, 4, 0, 0, NULL, NULL, 4, '2012-03-13', '2012-03-13', 1, 1);

-- --------------------------------------------------------

--
-- Table structure for table `subtaskdetail`
--

CREATE TABLE IF NOT EXISTS `subtaskdetail` (
  `id` bigint(20) NOT NULL AUTO_INCREMENT,
  `taskDetailId` bigint(20) NOT NULL,
  `branchId` bigint(20) NOT NULL,
  `q1` double DEFAULT NULL,
  `q2` double DEFAULT NULL,
  `q3` double DEFAULT NULL,
  `q4` double DEFAULT NULL,
  `createdDate` date NOT NULL,
  `updatedDate` date NOT NULL,
  `updateBy` bigint(20) NOT NULL,
  `createBy` bigint(20) NOT NULL,
  PRIMARY KEY (`id`),
  UNIQUE KEY `sub_task_detail_index` (`taskDetailId`,`branchId`)
) ENGINE=MyISAM  DEFAULT CHARSET=utf8 COLLATE=utf8_unicode_ci AUTO_INCREMENT=19 ;

--
-- Dumping data for table `subtaskdetail`
--

INSERT INTO `subtaskdetail` (`id`, `taskDetailId`, `branchId`, `q1`, `q2`, `q3`, `q4`, `createdDate`, `updatedDate`, `updateBy`, `createBy`) VALUES
(14, 3, 8, 1, NULL, NULL, NULL, '2012-03-12', '2012-03-12', 1, 1),
(15, 3, 14, 1, NULL, NULL, NULL, '2012-03-12', '2012-03-12', 1, 1),
(16, 3, 20, 1, NULL, NULL, NULL, '2012-03-12', '2012-03-12', 1, 1),
(17, 3, 19, 1, NULL, NULL, NULL, '2012-03-12', '2012-03-12', 1, 1),
(18, 3, 50, 2, NULL, NULL, NULL, '2012-03-12', '2012-03-12', 1, 1),
(13, 3, 9, 1, NULL, NULL, NULL, '2012-03-12', '2012-03-12', 1, 1),
(11, 3, 12, 1, NULL, NULL, NULL, '2012-03-12', '2012-03-12', 1, 1),
(12, 3, 11, 1, NULL, NULL, NULL, '2012-03-12', '2012-03-12', 1, 1),
(10, 3, 13, 1, NULL, NULL, NULL, '2012-03-12', '2012-03-12', 1, 1);

-- --------------------------------------------------------

--
-- Table structure for table `task`
--

CREATE TABLE IF NOT EXISTS `task` (
  `id` bigint(20) NOT NULL AUTO_INCREMENT,
  `name` varchar(100) CHARACTER SET utf8 COLLATE utf8_unicode_ci NOT NULL,
  `code` varchar(11) CHARACTER SET utf8 COLLATE utf8_unicode_ci NOT NULL,
  `defaultValue` double NOT NULL,
  `unit` varchar(20) CHARACTER SET utf8 COLLATE utf8_unicode_ci NOT NULL,
  `quota` int(11) NOT NULL DEFAULT '0',
  `taskTypeCode` int(11) NOT NULL,
  `childTasks` text,
  `updateBy` bigint(20) NOT NULL,
  `createBy` bigint(20) NOT NULL,
  `createdDate` date NOT NULL,
  `updatedDate` date NOT NULL,
  PRIMARY KEY (`id`),
  UNIQUE KEY `code` (`code`)
) ENGINE=MyISAM  DEFAULT CHARSET=latin1 AUTO_INCREMENT=395 ;

--
-- Dumping data for table `task`
--

INSERT INTO `task` (`id`, `name`, `code`, `defaultValue`, `unit`, `quota`, `taskTypeCode`, `childTasks`, `updateBy`, `createBy`, `createdDate`, `updatedDate`) VALUES
(17, 'Công tác kiểm tra', '1.200', 1, 'hệ', 0, 2, NULL, 1, 1, '2012-01-15', '2012-03-13'),
(14, 'HỆ THỐNG ĐƯỜNG TRUYỀN TẢI', '1.000', 1, 'hệ', 0, 1, '1.100 ; 1.200 ; ', 1, 1, '2012-01-15', '2012-03-13'),
(15, 'Công tác trực giải quyết trở ngại ', '1.100', 1, 'hệ', 0, 2, NULL, 1, 1, '2012-01-15', '2012-03-13'),
(16, 'Trực giải quyết trở ngại đường truyền tải', '1.101', 0.25, 'km/t', 91, 3, NULL, 1, 1, '2012-01-15', '2012-02-02'),
(18, 'Kiểm tra, phát cây thông thoại đường dây trần ĐB, TD ', '1.201', 0.89, 'km/t', 9, 3, NULL, 1, 1, '2012-01-15', '2012-02-06'),
(19, 'Kiểm tra, phát cây thông thoại đường dây trần RN, xa ĐS', '1.202', 1.06, 'km/t', 9, 3, NULL, 1, 1, '2012-01-16', '2012-02-06'),
(20, 'Kiểm tra đường dây cáp chôn ', '1.203', 0.667, 'km/t', 6, 3, NULL, 1, 1, '2012-01-16', '2012-03-13'),
(21, 'Kiểm tra đường dây cáp treo', '1.204', 0.167, 'km/t', 9, 3, NULL, 1, 1, '2012-01-16', '2012-02-06'),
(22, 'Công tác duy tu tháng', '1.300', 1, 'hệ', 0, 3, NULL, 1, 1, '2012-01-16', '2012-02-01'),
(23, 'Quét nhện đường dây trần khu vực ĐB, TD', '1.301', 0.75, 'km/t', 3, 3, NULL, 1, 1, '2012-01-16', '2012-02-06'),
(24, 'Quét nhện đường dây trần khu vực rừng núi, xa ĐS ', '1.302', 0.9, 'km/t', 3, 3, NULL, 1, 1, '2012-01-16', '2012-02-06'),
(25, 'Duy tu tháng hộp cáp TT≤ 200 đôi', '1.303', 0.25, 'hộp', 3, 3, NULL, 1, 1, '2012-01-16', '2012-02-03'),
(35, 'Duy tu năm tủ đấu dây', '1.406', 1.5, 'tủ', 1, 3, NULL, 1, 1, '2012-01-27', '2012-02-03'),
(27, 'Duy tu tháng hộp cáp TT> 200 đôi', '1.304', 0.75, 'hộp', 3, 3, NULL, 1, 1, '2012-01-16', '2012-02-03'),
(28, 'Công tác duy tu năm định kỳ', '1.400', 1, 'hệ', 0, 2, NULL, 1, 1, '2012-01-16', '2012-03-13'),
(29, 'Duy tu năm bể cáp', '1.401', 1, 'bể', 1, 3, NULL, 1, 1, '2012-01-16', '2012-02-03'),
(30, 'Duy tu năm cột nhập ga, nhập đài', '1.402', 16, 'cột', 1, 3, NULL, 1, 1, '2012-01-16', '2012-02-03'),
(31, 'Duy tu năm hộp cáp TT≤ 200 đôi', '1.403', 1, 'hộp', 1, 3, NULL, 1, 1, '2012-01-16', '2012-02-03'),
(32, 'Duy tu năm hộp cáp TT> 200 đôi', '1.404', 1.5, 'hộp', 1, 3, NULL, 1, 1, '2012-01-16', '2012-02-03'),
(34, 'Duy tu năm tăng đơ dây co', '1.405', 0.3, 'cái', 1, 3, NULL, 1, 1, '2012-01-22', '2012-02-03'),
(36, 'Điều tra lập kế hoạch quý', '1.407', 70, 'ga', 1, 3, NULL, 1, 1, '2012-01-27', '2012-02-03'),
(37, 'Đắp ụ cột', '1.408', 0.5, 'ụ', 1, 3, NULL, 1, 1, '2012-01-30', '2012-02-03'),
(38, 'Đắp ụ dây co', '1.409', 0.3, 'ụ', 1, 3, NULL, 1, 1, '2012-01-30', '2012-02-03'),
(40, 'Lau sứ, chấm sơn, vặn chặt cuống sứ', '1.410', 0.083, 'quả', 1, 3, NULL, 1, 1, '2012-01-30', '2012-02-03'),
(41, 'Phát cây tiêu chuẩn đường dây trần khu vực ĐB, TD', '1.411', 8, 'km/t', 1, 3, NULL, 1, 1, '2012-01-31', '2012-02-03'),
(42, 'Phát cây tiêu chuẩn đường dây trần khu vực rừng núi', '1.412', 30, 'km/t', 1, 3, NULL, 1, 1, '2012-01-31', '2012-02-03'),
(43, 'Sơn hộp cáp TT các loại', '1.413', 0.5, 'hộp', 1, 3, NULL, 1, 1, '2012-01-31', '2012-02-03'),
(44, 'Sơn biển báo cáp chôn', '1.414', 0.17, 'cái', 1, 3, NULL, 1, 1, '2012-01-31', '2012-02-03'),
(45, 'Sơn cạo bàn đảo H', '1.415', 0.31, 'cái', 1, 3, NULL, 1, 1, '2012-01-31', '2012-02-03'),
(46, 'Sơn cạo coliê dây co', '1.416', 0.17, 'cái', 1, 3, NULL, 1, 1, '2012-01-31', '2012-02-03'),
(47, 'Sơn cạo ghế thử dây', '1.417', 4.17, 'cái', 1, 3, NULL, 1, 1, '2012-01-31', '2012-02-03'),
(48, 'Sơn cạo kẹp sứ ấm', '1.418', 0.21, 'bộ', 1, 3, NULL, 1, 1, '2012-01-31', '2012-02-03'),
(49, 'Sơn cạo giá Potyle đỡ dây qua cầu', '1.419', 15, 'giá', 1, 3, NULL, 1, 1, '2012-01-31', '2012-02-03'),
(50, 'Sơn cạo trụ Potyle đỡ dây qua cầu', '1.420', 40, 'trụ', 1, 3, NULL, 1, 1, '2012-01-31', '2012-02-03'),
(51, 'Sơn cạo sắt chống xà 40x4x600', '1.421', 0.21, 'thanh', 1, 3, NULL, 1, 1, '2012-01-31', '2012-02-03'),
(52, 'Sơn cạo sắt chống xà 40x4x900', '1.422', 0.31, 'thanh', 1, 3, NULL, 1, 1, '2012-01-31', '2012-02-03'),
(53, 'Sơn cạo sắt nối cột các loại', '1.423', 2, 'm ', 1, 3, NULL, 1, 1, '2012-01-31', '2012-02-03'),
(54, 'Sơn cạo tăng đơ dây co', '1.424', 0.3, 'cái', 1, 3, NULL, 1, 1, '2012-01-31', '2012-02-03'),
(55, 'Sơn cạo thang cột thử dây', '1.425', 4.2, 'cái', 1, 3, NULL, 1, 1, '2012-01-31', '2012-02-03'),
(56, 'Sơn cạo thanh giằng cột H L75x75x8x1600', '1.427', 2.2, 'thanh', 1, 3, NULL, 1, 1, '2012-01-31', '2012-02-03'),
(57, 'Sơn cạo xà sắt L75x75x8x1100', '1.428', 1.5, 'thanh', 1, 3, NULL, 1, 1, '2012-01-31', '2012-02-03'),
(58, 'Sơn cạo xà sắt L75x75x8x2500', '1.429', 3.2, 'thanh', 1, 3, NULL, 1, 1, '2012-01-31', '2012-02-03'),
(59, 'Sơn cạo xà sắt L75x75x8x3600', '1.430', 4.6, 'thanh', 1, 3, NULL, 1, 1, '2012-01-31', '2012-02-03'),
(60, 'Sơn giá đỡ cáp', '1.431', 0.5, 'cái', 1, 3, NULL, 1, 1, '2012-01-31', '2012-02-03'),
(61, 'Sơn nền, viết số cột thông tin', '1.432', 0.42, 'cột', 1, 3, NULL, 1, 1, '2012-01-31', '2012-02-03'),
(62, 'Sơn tủ cáp đường dài', '1.433', 1, 'tủ', 1, 3, NULL, 1, 1, '2012-01-31', '2012-02-03'),
(63, 'Sơn nền, viết số cột mốc cáp quang', '1.434', 0.42, 'cột', 1, 3, NULL, 1, 1, '2012-01-31', '2012-02-03'),
(64, 'Đo, kiểm tra chất lượng cáp quang', '1.435', 10, 'điểm', 1, 3, NULL, 1, 1, '2012-01-31', '2012-02-03'),
(65, 'Điều tra lập kế hoạch quý tổ cáp quang', '1.436', 80, 'tổ', 1, 3, NULL, 1, 1, '2012-01-31', '2012-02-03'),
(66, 'Đo tiêu chuẩn điện khí 1 chiều đường dây trần', '1.437', 10, 'điểm', 1, 3, NULL, 1, 1, '2012-01-31', '2012-02-03'),
(67, 'Công tác duy tu năm không định kỳ', '1.500', 1, 'hệ', 0, 2, '', 1, 1, '2012-01-31', '2012-03-13'),
(68, 'Chặt cây to cạnh đường dây', '1.501', 1.5, 'cây', 1, 0, NULL, 1, 1, '2012-01-31', '2012-02-03'),
(69, 'Chỉnh cọc mốc cáp ', '1.502', 0.5, 'cái', 1, 0, NULL, 1, 1, '2012-01-31', '2012-02-03'),
(70, 'Chỉnh dây co chùng', '1.503', 4, 'cái', 1, 0, NULL, 1, 1, '2012-01-31', '2012-02-03'),
(71, 'Chỉnh xà lệch ', '1.504', 4, 'cái', 1, 0, NULL, 1, 1, '2012-01-31', '2012-02-03'),
(72, 'Củng cố hệ rẽ nhập', '1.505', 16, 'hệ', 1, 0, NULL, 1, 1, '2012-01-31', '2012-02-03'),
(73, 'Dịch cột TT bị xói lở', '1.506', 24, 'cột', 1, 0, NULL, 1, 1, '2012-01-31', '2012-02-03'),
(74, 'Dựng mới, lắp phụ kiện cột bê tông đơn', '1.507', 48, 'cột', 1, 0, NULL, 1, 1, '2012-01-31', '2012-02-03'),
(75, 'Dựng mới, lắp phụ kiện cột bê tông H', '1.508', 80, 'cột', 1, 0, NULL, 1, 1, '2012-01-31', '2012-02-03'),
(76, 'Dựng mới cột chống bằng bê tông ', '1.509', 24, 'cột', 1, 0, NULL, 1, 1, '2012-01-31', '2012-02-03'),
(77, 'Đào tìm, xử lý cáp TT chôn bị hỏng', '1.510', 3, 'm', 1, 0, NULL, 1, 1, '2012-01-31', '2012-02-03'),
(78, 'Đắp đất chân cột bị xói lở', '1.511', 0.5, 'cột', 1, 0, NULL, 1, 1, '2012-01-31', '2012-02-03'),
(79, 'Đắp đất đường ra cột cắt thử', '1.512', 16, 'm3', 1, 0, NULL, 1, 1, '2012-01-31', '2012-02-03'),
(80, 'Đấu phối hộp cáp TT ≤ 20 đôi', '1.513', 4, 'hộp', 1, 0, NULL, 1, 1, '2012-01-31', '2012-02-03'),
(81, 'Đấu phối hộp cáp TT > 20 đôi đến 50 đôi', '1.514', 6, 'hộp', 1, 0, NULL, 1, 1, '2012-01-31', '2012-02-03'),
(82, 'Đấu phối hộp cáp TT > 50 đôi đến 100 đôi', '1.515', 8, 'hộp', 1, 0, NULL, 1, 1, '2012-01-31', '2012-02-03'),
(83, 'Đấu phối hộp cáp TT > 100 đôi ', '1.516', 12, 'hộp', 1, 0, NULL, 1, 1, '2012-01-31', '2012-02-03'),
(84, 'Đấu phối lại tủ cáp đường dài', '1.517', 8, 'tủ', 1, 0, NULL, 1, 1, '2012-01-31', '2012-02-03'),
(85, 'Điều tra, lập hồ sơ kỹ thuật đường truyền tải', '1.518', 10, 'km/t', 1, 0, NULL, 1, 1, '2012-01-31', '2012-02-03'),
(86, 'Đổ bê tông chân cột đơn, cột chống', '1.519', 16, 'cột', 1, 0, NULL, 1, 1, '2012-01-31', '2012-02-03'),
(87, 'Đổ bê tông chân cột H', '1.520', 32, 'cột', 1, 0, NULL, 1, 1, '2012-01-31', '2012-02-03'),
(88, 'Gia cố cột  TT bị vỡ', '1.521', 4, 'cột', 1, 0, NULL, 1, 1, '2012-01-31', '2012-02-03'),
(89, 'Gia cố giá đỡ cáp qua cầu', '1.522', 1, 'cái', 1, 0, NULL, 1, 1, '2012-01-31', '2012-02-03'),
(90, 'Hàn mối nối dây trần', '1.523', 2, 'mối', 1, 0, NULL, 1, 1, '2012-01-31', '2012-02-03'),
(91, 'Hàn mối nối cáp đồng', '1.524', 1.5, 'mối', 1, 0, NULL, 1, 1, '2012-01-31', '2012-02-03'),
(92, 'Hàn mối nối cáp quang', '1.525', 36, 'mối', 1, 0, NULL, 1, 1, '2012-01-31', '2012-02-03'),
(93, 'Hàn vít thử dây', '1.526', 2, 'bộ', 1, 0, NULL, 1, 1, '2012-01-31', '2012-02-03'),
(94, 'Kè đá hộc chân cột TT bằng rọ thép B40', '1.527', 32, 'm3', 1, 0, NULL, 1, 1, '2012-01-31', '2012-02-03'),
(95, 'Kéo cáp treo thông tin chùng', '1.528', 32, 'km/s', 1, 0, NULL, 1, 1, '2012-01-31', '2012-02-03'),
(96, 'Kéo cột nghiêng', '1.529', 4, 'cột', 1, 0, NULL, 1, 1, '2012-01-31', '2012-02-03'),
(97, 'Kéo dây chùng', '1.530', 15, 'km/s', 1, 0, NULL, 1, 1, '2012-01-31', '2012-02-03'),
(98, 'Kéo, hàn nối lại cáp cột kết cuối', '1.531', 12, 'hệ', 1, 0, NULL, 1, 1, '2012-01-31', '2012-02-03'),
(99, 'Khôi phục dây trần thông tin bị đứt', '1.532', 90, 'km/s', 1, 0, NULL, 1, 1, '2012-01-31', '2012-02-03'),
(100, 'Làm biển treo đánh số đầu cáp TT', '1.533', 0.1, 'cái', 1, 0, NULL, 1, 1, '2012-01-31', '2012-02-03'),
(101, 'Làm cầu ra cột cắt thử', '1.534', 32, 'cái', 1, 0, NULL, 1, 1, '2012-01-31', '2012-02-03'),
(102, 'Làm dây co chống gió 3 sợi ', '1.535', 12, 'sợi', 1, 0, NULL, 1, 1, '2012-01-31', '2012-02-03'),
(103, 'Làm dây co góc 5 sợi ≤ 10m', '1.536', 16, 'sợi', 1, 0, NULL, 1, 1, '2012-01-31', '2012-02-03'),
(104, 'Làm dây co góc 5 sợi > 10m', '1.537', 18, 'sợi', 1, 0, NULL, 1, 1, '2012-01-31', '2012-02-03'),
(105, 'Làm dây co góc 7 sợi ≤ 10m', '1.538', 20, 'sợi', 1, 0, NULL, 1, 1, '2012-01-31', '2012-02-03'),
(106, 'Làm dây co góc 7 sợi > 10m', '1.539', 22, 'sợi', 1, 0, NULL, 1, 1, '2012-01-31', '2012-02-03'),
(107, 'Làm gốc dây co 3 sợi', '1.540', 3, 'cái', 1, 0, NULL, 1, 1, '2012-01-31', '2012-02-03'),
(108, 'Làm gốc dây co 5 sợi', '1.541', 5, 'cái', 1, 0, NULL, 1, 1, '2012-01-31', '2012-02-03'),
(109, 'Làm gốc dây co 7 sợi', '1.542', 6, 'cái', 1, 0, NULL, 1, 1, '2012-01-31', '2012-02-03'),
(110, 'Làm thu lôi phân cấp', '1.543', 16, 'bộ', 1, 0, NULL, 1, 1, '2012-01-31', '2012-02-03'),
(111, 'Làm thu lôi thường', '1.544', 6, 'cái', 1, 0, NULL, 1, 1, '2012-01-31', '2012-02-03'),
(112, 'Lắp đặt ghế thử dây', '1.545', 16, 'cái', 1, 0, NULL, 1, 1, '2012-01-31', '2012-02-03'),
(113, 'Lắp đặt gông treo cáp quang ', '1.546', 1, 'cái', 1, 0, NULL, 1, 1, '2012-01-31', '2012-02-03'),
(114, 'Lắp đặt ống nhựa bảo vệ cáp các loại ', '1.547', 0.25, 'm', 1, 0, NULL, 1, 1, '2012-01-31', '2012-02-03'),
(115, 'Lấp đất rãnh cáp quang sụt lún', '1.548', 0.5, 'm', 1, 0, NULL, 1, 1, '2012-01-31', '2012-02-03'),
(116, 'Sửa chữa bể cáp các loại bị vỡ', '1.549', 4, 'cái', 1, 0, NULL, 1, 1, '2012-01-31', '2012-02-03'),
(117, 'Sửa chữa thang cột thử dây', '1.550', 8, 'cái', 1, 0, NULL, 1, 1, '2012-01-31', '2012-02-03'),
(118, 'Sửa chữa thu lôi phân cấp', '1.551', 4, 'cái', 1, 0, NULL, 1, 1, '2012-01-31', '2012-02-03'),
(119, 'Thay bàn đảo', '1.552', 4, 'cái', 1, 0, NULL, 1, 1, '2012-01-31', '2012-02-03'),
(120, 'Thay bu lông các loại ', '1.553', 0.5, 'cái', 1, 0, NULL, 1, 1, '2012-01-31', '2012-02-03'),
(121, 'Thay bu lông lắp xà', '1.554', 0.5, 'cái', 1, 0, NULL, 1, 1, '2012-01-31', '2012-02-03'),
(122, 'Thay bu lông lắp sắt nối', '1.555', 0.5, 'cái', 1, 0, NULL, 1, 1, '2012-01-31', '2012-02-03'),
(123, 'Thay bu lông lắp thanh giằng cột H', '1.556', 0.5, 'cái', 1, 0, NULL, 1, 1, '2012-01-31', '2012-02-03'),
(124, 'Thay bu lông lắp giá đỡ dây qua cầu', '1.557', 0.5, 'cái', 1, 0, NULL, 1, 1, '2012-01-31', '2012-02-03'),
(125, 'Thay cáp đồng thông tin chôn đường dài', '1.558', 3, 'm', 1, 0, NULL, 1, 1, '2012-01-31', '2012-02-03'),
(126, 'Thay cáp đồng thông tin chôn nội hạt', '1.559', 3, 'm', 1, 0, NULL, 1, 1, '2012-01-31', '2012-02-03'),
(127, 'Thay cáp đồng thông tin treo đường dài', '1.560', 64, 'km/s', 1, 0, NULL, 1, 1, '2012-01-31', '2012-02-03'),
(128, 'Thay cáp đồng thông tin treo nội hạt', '1.561', 48, 'km/s', 1, 0, NULL, 1, 1, '2012-01-31', '2012-02-03'),
(129, 'Thay cáp quang chôn ', '1.562', 3, 'km/s', 1, 0, NULL, 1, 1, '2012-01-31', '2012-02-03'),
(130, 'Thay cáp quang treo ', '1.563', 64, 'km/s', 1, 0, NULL, 1, 1, '2012-01-31', '2012-02-03'),
(131, 'Thay cột bê tông đơn', '1.564', 48, 'cột', 1, 0, NULL, 1, 1, '2012-01-31', '2012-02-03'),
(132, 'Thay cột bê tông H', '1.565', 64, 'cột', 1, 0, NULL, 1, 1, '2012-01-31', '2012-02-03'),
(133, 'Thay cột chống', '1.566', 24, 'cột', 1, 0, NULL, 1, 1, '2012-01-31', '2012-02-03'),
(134, 'Thay cọc mốc cáp thông tin', '1.567', 1, 'cọc', 1, 0, NULL, 1, 1, '2012-01-31', '2012-02-03'),
(135, 'Thay cuống sứ A18', '1.568', 1, 'cái', 1, 0, NULL, 1, 1, '2012-01-31', '2012-02-03'),
(136, 'Thay cuống sứ đảo, xà sắt', '1.569', 1, 'cái', 1, 0, NULL, 1, 1, '2012-01-31', '2012-02-03'),
(137, 'Thay dây bọc các loại', '1.570', 0.2, 'm', 1, 0, NULL, 1, 1, '2012-01-31', '2012-02-03'),
(138, 'Thay dây chịu lực treo cáp ', '1.571', 64, 'km/s', 1, 0, NULL, 1, 1, '2012-01-31', '2012-02-03'),
(139, 'Thay dây Cs 3mm, thu hồi', '1.572', 64, 'km/s', 1, 0, NULL, 1, 1, '2012-01-31', '2012-02-03'),
(140, 'Thay dây Fe 4mm, thu hồi', '1.573', 90, 'km/s', 1, 0, NULL, 1, 1, '2012-01-31', '2012-02-03'),
(141, 'Thay dây xúp bưu điện', '1.574', 0.02, 'm', 1, 0, NULL, 1, 1, '2012-01-31', '2012-02-03'),
(142, 'Thay ghế thử dây', '1.575', 4, 'cái', 1, 0, NULL, 1, 1, '2012-01-31', '2012-02-03'),
(143, 'Thay hộp cáp TT ≤ 20 đôi', '1.576', 6, 'hộp', 1, 0, NULL, 1, 1, '2012-01-31', '2012-02-03'),
(144, 'Thay hộp cáp TT > 20 đôi đến 50 đôi', '1.577', 8, 'hộp', 1, 0, NULL, 1, 1, '2012-01-31', '2012-02-03'),
(145, 'Thay hộp cáp TT > 50 đôi đến 100 đôi', '1.578', 12, 'hộp', 1, 0, NULL, 1, 1, '2012-01-31', '2012-02-03'),
(146, 'Thay hộp cáp TT > 100 đôi ', '1.579', 16, 'hộp', 1, 0, NULL, 1, 1, '2012-01-31', '2012-02-03'),
(147, 'Thay kẹp sứ ấm', '1.580', 2, 'bộ', 1, 0, NULL, 1, 1, '2012-01-31', '2012-02-03'),
(148, 'Thay kẹp treo cáp 3 đinh', '1.581', 0.5, 'cái', 1, 0, NULL, 1, 1, '2012-01-31', '2012-02-03'),
(149, 'Thay mối hãm Cu', '1.582', 0.25, 'mối', 1, 0, NULL, 1, 1, '2012-01-31', '2012-02-03'),
(150, 'Thay mối hãm Fe', '1.583', 0.25, 'mối', 1, 0, NULL, 1, 1, '2012-01-31', '2012-02-03'),
(151, 'Thay mối nối dây Cs', '1.584', 2, 'mối', 1, 0, NULL, 1, 1, '2012-01-31', '2012-02-03'),
(152, 'Thay mối nối dây Fe', '1.585', 2, 'mối', 1, 0, NULL, 1, 1, '2012-01-31', '2012-02-03'),
(153, 'Thay nắp bể cáp quang', '1.586', 3, 'cái', 1, 0, NULL, 1, 1, '2012-01-31', '2012-02-03'),
(154, 'Thay sắt chống xà 900', '1.587', 1, 'cái', 1, 0, NULL, 1, 1, '2012-01-31', '2012-02-03'),
(155, 'Thay sắt nối cột ≤ 3 m', '1.588', 12, 'thanh', 1, 0, NULL, 1, 1, '2012-01-31', '2012-02-03'),
(156, 'Thay sắt nối cột > 3 m', '1.589', 16, 'thanh', 1, 0, NULL, 1, 1, '2012-01-31', '2012-02-03'),
(157, 'Thay sứ A18', '1.590', 0.5, 'qủa', 1, 0, NULL, 1, 1, '2012-01-31', '2012-02-03'),
(158, 'Thay sứ ấm', '1.591', 0.5, 'qủa', 1, 0, NULL, 1, 1, '2012-01-31', '2012-02-03'),
(159, 'Thay tai dây co', '1.592', 1, 'cái', 1, 0, NULL, 1, 1, '2012-01-31', '2012-02-03'),
(160, 'Thay tăng đơ dây co', '1.593', 2, 'cái', 1, 0, NULL, 1, 1, '2012-01-31', '2012-02-03'),
(161, 'Thay thân dây co 3 sợi', '1.594', 6, 'cái', 1, 0, NULL, 1, 1, '2012-01-31', '2012-02-03'),
(162, 'Thay thân dây co 5 sợi', '1.595', 8, 'cái', 1, 0, NULL, 1, 1, '2012-01-31', '2012-02-03'),
(163, 'Thay thân dây co 7 sợi', '1.596', 10, 'cái', 1, 0, NULL, 1, 1, '2012-01-31', '2012-02-03'),
(164, 'Thay thang cột thử dây', '1.597', 4, 'cái', 1, 0, NULL, 1, 1, '2012-01-31', '2012-02-03'),
(165, 'Thay thanh giằng cột H 75x75x8x1600', '1.598', 2, 'thanh', 1, 0, NULL, 1, 1, '2012-01-31', '2012-02-03'),
(166, 'Thay vít thử dây', '1.599', 2, 'bộ', 1, 0, NULL, 1, 1, '2012-01-31', '2012-02-03'),
(167, 'Thay xà bê tông 2,5m', '1.600', 8, 'cái', 1, 3, NULL, 1, 1, '2012-01-31', '2012-02-03'),
(169, 'Thay xà gỗ 1,1m', '1.601', 4, 'cái', 1, 3, NULL, 1, 1, '2012-02-01', '2012-02-03'),
(170, 'Thay xà gỗ 2,5m', '1.602', 8, 'cái', 1, 3, NULL, 1, 1, '2012-02-01', '2012-02-03'),
(171, 'CÔNG TÁC THÁNG', '1.A', 1, 'hệ', 0, 3, NULL, 1, 1, '2012-02-01', '2012-02-03'),
(172, 'CÔNG TÁC NĂM', '1.B', 1, 'hệ', 0, 3, NULL, 1, 1, '2012-02-01', '2012-02-03'),
(174, 'GIỜ BỔ TRỢ SẢN XUẤT', 'A', 0, 'giờ', 0, 3, NULL, 1, 1, '2012-02-01', '2012-02-03'),
(176, 'CÔNG TÁC THÁNG', 'I', 1, 'giờ', 0, 3, NULL, 1, 1, '2012-02-01', '2012-02-03'),
(175, 'GIỜ TRỰC TIẾP SẢN XUẤT', 'B', 1, 'giờ', 0, 3, NULL, 1, 1, '2012-02-01', '2012-02-01'),
(177, 'CÔNG TÁC NĂM', 'II', 1, 'giờ', 0, 1, '4 ; 5 ; ', 1, 1, '2012-02-01', '2012-03-13'),
(178, 'Định kỳ', '4', 1, 'giờ', 0, 1, '1.400 ; 2.400 ; ', 1, 1, '2012-02-01', '2012-03-13'),
(179, 'Không định kỳ', '5', 1, 'giờ', 0, 1, '1.500 ; 2.500 ; ', 1, 1, '2012-02-01', '2012-03-13'),
(180, 'Đột xuất', '3', 1, 'giờ', 0, 3, NULL, 1, 1, '2012-02-01', '2012-02-01'),
(181, 'Thay xà sắt 2,5m', '1.603', 8, 'cái', 1, 3, NULL, 1, 1, '2012-02-01', '2012-02-03'),
(182, 'Thu hồi cột bê tông', '1.604', 24, 'cột', 1, 3, NULL, 1, 1, '2012-02-01', '2012-02-03'),
(183, 'Xây bể cáp quang loại nắp 2 đan', '1.605', 94, 'bể', 1, 3, NULL, 1, 1, '2012-02-01', '2012-02-03'),
(184, 'Xây bể cáp quang loại nắp 3 đan', '1.606', 108, 'bể', 1, 3, NULL, 1, 1, '2012-02-01', '2012-02-03'),
(185, 'Xây kè cột bị xói lỡ bằng đá hộc', '1.607', 32, 'm3', 1, 3, NULL, 1, 1, '2012-02-01', '2012-02-03'),
(186, 'Xây ụ chân dây co bằng đá hộc', '1.608', 16, 'ụ', 1, 3, NULL, 1, 1, '2012-02-01', '2012-02-03'),
(187, 'Xây ụ quầy cột đơn bằng đá hộc', '1.609', 20, 'ụ', 1, 3, NULL, 1, 1, '2012-02-01', '2012-02-03'),
(188, 'Xây ụ quầy cột H bằng đá hộc', '1.610', 24, 'ụ', 1, 3, NULL, 1, 1, '2012-02-01', '2012-02-03'),
(189, 'Điều tra, lập hồ sơ kỹ thuật tuyến cáp quang', '1.611', 4, 'km/t', 1, 3, NULL, 1, 1, '2012-02-01', '2012-02-03'),
(190, 'Hàn nối cáp quang bị đứt', '1.612', 36, 'mối', 1, 3, NULL, 1, 1, '2012-02-01', '2012-02-03'),
(191, 'Kéo cột nghiêng nặng', '1.613', 16, 'cột', 1, 3, NULL, 1, 1, '2012-02-01', '2012-02-03'),
(192, 'Nắn chỉnh cọc mốc cáp', '1.614', 0.3, 'cọc', 1, 3, NULL, 1, 1, '2012-02-01', '2012-02-03'),
(193, 'Thay sắt chống xà 600', '1.616', 1, 'cái', 1, 3, NULL, 1, 1, '2012-02-01', '2012-02-03'),
(194, 'Thay tấm đan bể cáp', '1.617', 1, 'cái', 1, 3, NULL, 1, 1, '2012-02-01', '2012-02-03'),
(195, 'TRẠM-TỔNG ĐÀI', '2.000', 1, 'hệ', 1, 3, NULL, 1, 1, '2012-02-01', '2012-02-03'),
(196, 'Công tác trực giải quyết trở ngại', '2.100', 1, 'hệ', 1, 3, NULL, 1, 1, '2012-02-01', '2012-02-03'),
(197, 'Trực GQTN kiêm k.tra hệ p.thanh, TĐ âm tần ', '2.101', 1, 'hệ', 91, 3, NULL, 1, 1, '2012-02-01', '2012-02-03'),
(198, 'Trực GQTN kiêm kiểm tra thiết bị TT quang ga', '2.102', 2, 'ga', 91, 3, NULL, 1, 1, '2012-02-01', '2012-02-03'),
(199, 'Trực GQTN kiêm kiểm tra thiết bị TT quang trạm', '2.103', 2, 'trạm', 91, 3, NULL, 1, 1, '2012-02-01', '2012-02-03'),
(200, 'Trực GQTN kiêm kiểm tra thiết bị trạm TT ', '2.104', 24, 'trạm', 91, 3, NULL, 1, 1, '2012-02-01', '2012-02-03'),
(201, 'Trực GQTN kiêm kiểm tra thiết bị trạm TT Đồng Hới ', '2.105', 8, 'trạm', 91, 3, NULL, 1, 1, '2012-02-01', '2012-02-03'),
(202, 'Trực GQTN kiêm kiểm tra tổng đài kỹ thuật số (SEI) ', '2.106', 1, 'đài', 91, 3, NULL, 1, 1, '2012-02-01', '2012-02-03'),
(203, 'Trực, thử điện thoại truyền hình, hội nghị', '2.107', 8, 'ca', 91, 3, NULL, 1, 1, '2012-02-01', '2012-02-03'),
(204, 'Trực trạm trung tâm ', '2.108', 2, 'trạm', 91, 3, NULL, 1, 1, '2012-02-01', '2012-02-03'),
(205, 'Công tác kiểm tra', '2.200', 1, 'hệ', 1, 3, NULL, 1, 1, '2012-02-01', '2012-02-03'),
(206, 'Kiểm tra ngày bộ Giao tiếp các loại', '2.201', 0.17, 'bộ', 91, 3, NULL, 1, 1, '2012-02-01', '2012-02-03'),
(207, 'Kiểm tra ngày hệ thống phóng thanh ga ', '2.202', 0.5, 'hệ', 91, 3, NULL, 1, 1, '2012-02-01', '2012-02-03'),
(208, 'Kiểm tra ngày máy VTĐ ', '2.203', 0.25, 'máy', 91, 3, NULL, 1, 1, '2012-02-01', '2012-02-03'),
(209, 'Kiểm tra ngày máy FAX', '2.204', 0.17, 'máy', 91, 3, NULL, 1, 1, '2012-02-01', '2012-02-03'),
(210, 'Kiểm tra ngày máy tải ba 3 đường', '2.205', 0.5, 'máy', 91, 3, NULL, 1, 1, '2012-02-01', '2012-02-03'),
(211, 'Kiểm tra ngày máy tải ba 12 đường', '2.206', 1, 'máy', 91, 3, NULL, 1, 1, '2012-02-01', '2012-02-03'),
(212, 'Kiểm tra ngày máy tăng âm tải ba', '2.207', 0.5, 'máy', 91, 3, NULL, 1, 1, '2012-02-01', '2012-02-03'),
(213, 'Kiểm tra ngày thiết bị MP 2100', '2.208', 0.25, 'máy', 91, 3, NULL, 1, 1, '2012-02-01', '2012-02-03'),
(214, 'Kiểm tra ngày tổng đài điện tử số', '2.209', 0.5, 'đài', 91, 3, NULL, 1, 1, '2012-02-01', '2012-02-03'),
(215, 'Kiểm tra ngày tủ nguồn TT', '2.210', 0.25, 'tủ', 91, 3, NULL, 1, 1, '2012-02-01', '2012-02-03'),
(216, 'Kiểm tra ngày tổng đài âm tần', '2.211', 1, 'đài', 91, 3, NULL, 1, 1, '2012-02-01', '2012-02-03'),
(217, 'Kiểm tra ngày đài Tập trung trong ga', '2.212', 0.5, 'đài', 91, 3, NULL, 1, 1, '2012-02-01', '2012-02-03'),
(218, 'Kiểm tra ngày máy điện thoại chạy tàu các loại', '2.213', 0.17, 'máy', 91, 3, NULL, 1, 1, '2012-02-01', '2012-02-03'),
(219, 'Kiểm tra ngày phân cơ âm tần chạy tầu', '2.214', 0.25, 'bộ', 91, 3, NULL, 1, 1, '2012-02-01', '2012-02-03'),
(220, 'Kiểm tra ngày phân cơ âm tần hành chính', '2.215', 0.17, 'bộ', 91, 3, NULL, 1, 1, '2012-02-01', '2012-02-03'),
(221, 'Kiểm tra ngày thiết bị thông tin quang (ga)', '2.216', 0.5, 'hệ', 91, 3, NULL, 1, 1, '2012-02-01', '2012-02-03'),
(222, 'Kiểm tra ngày thiết bị thông tin quang (trạm)', '2.217', 0.75, 'hệ', 91, 3, NULL, 1, 1, '2012-02-01', '2012-02-03'),
(223, 'Kiểm tra ngày tổng đài SEI', '2.218', 0.5, 'đài', 91, 3, NULL, 1, 1, '2012-02-01', '2012-02-03'),
(224, 'Công tác duy tu tháng', '2.300', 1, 'hệ', 0, 3, NULL, 1, 1, '2012-02-01', '2012-02-01'),
(225, 'CÔNG TÁC THÁNG', '2.A', 1, 'giờ', 0, 3, NULL, 1, 1, '2012-02-01', '2012-02-01'),
(226, 'CÔNG TÁC NĂM', '2.B', 1, 'giờ', 0, 3, NULL, 1, 1, '2012-02-01', '2012-02-01'),
(227, 'Duy tu quý Biến áp các loại', '2.301', 0.5, 'cái', 1, 3, NULL, 1, 1, '2012-02-01', '2012-02-03'),
(228, 'Duy tu quý Cầu đo điện', '2.302', 0.5, 'bộ', 1, 3, NULL, 1, 1, '2012-02-01', '2012-02-03'),
(229, 'Duy tu quý Hệ ADSL', '2.303', 0.25, 'hệ', 1, 3, NULL, 1, 1, '2012-02-01', '2012-02-03'),
(230, 'Duy tu quý Hệ thống chống sét lầu thông tin', '2.305', 2, 'hệ', 1, 3, NULL, 1, 1, '2012-02-01', '2012-02-03'),
(231, 'Trực trạm ĐTĐB', '2.110', 1, 'trạm', 1, 3, NULL, 1, 1, '2012-02-01', '2012-02-03'),
(232, 'Trực GQTN kiêm kiểm tra TĐ điện tử số', '2.109', 1, 'đài', 91, 3, NULL, 1, 1, '2012-02-01', '2012-02-03'),
(233, 'Duy tu quý Hệ thống điện thoại truyền hình', '2.306', 1, 'hệ', 1, 3, NULL, 1, 1, '2012-02-01', '2012-02-03'),
(234, 'Duy tu quý Hệ thống máng cáp thông tin', '2.307', 2, 'hệ', 1, 3, NULL, 1, 1, '2012-02-01', '2012-02-03'),
(235, 'Duy tu quý Hộp cáp TT ', '2.308', 1, 'hộp', 1, 3, NULL, 1, 1, '2012-02-01', '2012-02-03'),
(236, 'Duy tu quý Quạt thông gió', '2.309', 0.5, 'cái', 1, 3, NULL, 1, 1, '2012-02-01', '2012-02-03'),
(237, 'Duy tu quý Thiết bị chống sét điện lưới SRF', '2.310', 0.25, 'bộ', 1, 3, NULL, 1, 1, '2012-02-01', '2012-02-03'),
(238, 'Duy tu tháng bể + ắc quy', '2.311', 1, 'bể', 3, 3, NULL, 1, 1, '2012-02-01', '2012-02-03'),
(239, 'Duy tu tháng Bộ nguồn các loại', '2.312', 1, 'bộ', 3, 3, NULL, 1, 1, '2012-02-01', '2012-02-03'),
(240, 'Duy tu tháng bộ giao tiếp các loại', '2.313', 0.25, 'bộ', 3, 3, NULL, 1, 1, '2012-02-01', '2012-02-03'),
(241, 'Duy tu tháng Bộ lọc, bộ thu lôi đường dài', '2.314', 0.25, 'bộ', 3, 3, NULL, 1, 1, '2012-02-01', '2012-02-03'),
(242, 'Duy tu tháng Bộ lưu điện', '2.315', 0.5, 'bộ', 3, 3, NULL, 1, 1, '2012-02-01', '2012-02-03'),
(243, 'Duy tu tháng Bộ rung các loại', '2.316', 0.5, 'bộ', 3, 3, NULL, 1, 1, '2012-02-01', '2012-02-03'),
(244, 'Duy tu tháng Bộ tiêu hao R-C', '2.317', 0.25, 'bộ', 3, 3, NULL, 1, 1, '2012-02-01', '2012-02-03'),
(245, 'Duy tu tháng Đài tập trung trong ga', '2.318', 0.75, 'đài', 3, 3, NULL, 1, 1, '2012-02-01', '2012-02-03'),
(246, 'Duy tu tháng Giá đo thử đường dài', '2.319', 1, 'giá', 3, 3, NULL, 1, 1, '2012-02-01', '2012-02-03'),
(247, 'Duy tu tháng Giá MDF, ODF, DDF', '2.320', 0.5, 'giá', 3, 3, NULL, 1, 1, '2012-02-01', '2012-02-03'),
(248, 'Duy tu tháng Hệ phóng thanh', '2.321', 3, 'hệ', 3, 3, NULL, 1, 1, '2012-02-01', '2012-02-03'),
(249, 'Duy tu tháng Hệ thống bán vé tự động', '2.322', 0.25, 'hệ', 3, 3, NULL, 1, 1, '2012-02-01', '2012-02-03'),
(250, 'Duy tu tháng Máy điện thoại nam châm', '2.323', 0.25, 'máy', 3, 3, NULL, 1, 1, '2012-02-01', '2012-02-03'),
(251, 'Duy tu tháng Máy điều độ nhánh ', '2.324', 0.5, 'bộ', 3, 3, NULL, 1, 1, '2012-02-01', '2012-02-03'),
(252, 'Duy tu tháng Máy đo ET 70 (cả thu và phát)', '2.325', 0.25, 'bộ', 3, 3, NULL, 1, 1, '2012-02-01', '2012-02-03'),
(253, 'Duy tu tháng Máy đo phân cơ, máy đo các loại', '2.326', 0.25, 'máy', 3, 3, NULL, 1, 1, '2012-02-01', '2012-02-03'),
(254, 'Duy tu tháng Máy đo thông số bậc hai', '2.327', 0.25, 'máy', 3, 3, NULL, 1, 1, '2012-02-01', '2012-02-03'),
(255, 'Duy tu tháng Máy FAX', '2.328', 0.25, 'máy', 3, 3, NULL, 1, 1, '2012-02-01', '2012-02-03'),
(256, 'Duy tu tháng Máy hiện sóng', '2.329', 0.5, 'máy', 3, 3, NULL, 1, 1, '2012-02-01', '2012-02-03'),
(257, 'Duy tu tháng Máy hút bụi', '2.330', 0.25, 'máy', 3, 3, NULL, 1, 1, '2012-02-01', '2012-02-03'),
(258, 'Duy tu tháng Máy phân đường YDHF-1', '2.331', 1, 'máy', 3, 3, NULL, 1, 1, '2012-02-01', '2012-02-03'),
(259, 'Duy tu tháng Máy tải ba VBO-3', '2.332', 4, 'máy', 3, 3, NULL, 1, 1, '2012-02-02', '2012-02-03'),
(260, 'Duy tu tháng Máy tải ba VBO-12', '2.333', 8, 'máy', 3, 3, NULL, 1, 1, '2012-02-03', '2012-02-03'),
(261, 'Duy tu tháng Máy tăng âm tải 3', '2.334', 3, 'máy', 3, 3, NULL, 1, 1, '2012-02-03', '2012-02-03'),
(262, 'Duy tu tháng Máy tính cước', '2.335', 0.25, 'máy', 3, 3, NULL, 1, 1, '2012-02-03', '2012-02-03'),
(263, 'Duy tu tháng Máy tính quản lý', '2.336', 0.25, 'máy', 3, 3, NULL, 1, 1, '2012-02-03', '2012-02-03'),
(264, 'Duy tu tháng Máy vô tuyến điện ', '2.337', 1, 'hệ', 3, 3, NULL, 1, 1, '2012-02-03', '2012-02-03'),
(265, 'Duy tu tháng Modem các loại (của SDH và ADSL)', '2.338', 0.17, 'cái', 3, 3, NULL, 1, 1, '2012-02-03', '2012-02-03'),
(266, 'Duy tu tháng Ổn áp 1  pha các loại', '2.339', 1, 'cái', 3, 3, NULL, 1, 1, '2012-02-03', '2012-02-03'),
(267, 'Duy tu tháng Ổn áp 3 pha các loại', '2.340', 1.5, 'cái', 3, 3, NULL, 1, 1, '2012-02-03', '2012-02-03'),
(268, 'Duy tu tháng Phân cơ điện thoại âm tần các loại', '2.341', 0.5, 'bộ', 3, 3, NULL, 1, 1, '2012-02-03', '2012-02-03'),
(269, 'Duy tu tháng Phân cơ điện thoại hội nghị+loa+Mcrô', '2.342', 0.5, 'hệ', 3, 3, NULL, 1, 1, '2012-02-03', '2012-02-03'),
(270, 'Duy tu tháng Tăng âm 2 chiều SZ-1', '2.343', 1, 'máy', 3, 3, NULL, 1, 1, '2012-02-03', '2012-02-03'),
(271, 'Duy tu tháng Thiết bị chuyển tiếp DYF-1', '2.344', 0.5, 'máy', 3, 3, NULL, 1, 1, '2012-02-03', '2012-02-03'),
(272, 'Duy tu tháng Thiết bị kết nối chéo', '2.345', 3, 'ht', 3, 3, NULL, 1, 1, '2012-02-03', '2012-02-03'),
(273, 'Duy tu tháng thiết bị MP 2100', '2.346', 0.5, 'máy', 3, 3, NULL, 1, 1, '2012-02-03', '2012-02-03'),
(274, 'Duy tu tháng Thiết bị mux', '2.347', 1, 'tb', 3, 3, NULL, 1, 1, '2012-02-03', '2012-02-03'),
(275, 'Duy tu tháng Thiết bị SDH ', '2.348', 3, 'tb', 3, 3, NULL, 1, 1, '2012-02-03', '2012-02-03'),
(276, 'Duy tu tháng thiết bị t.dẫn quang: AN-FM-120-ETH', '2.349', 0.5, 'máy', 3, 3, NULL, 1, 1, '2012-02-03', '2012-02-03'),
(277, 'Duy tu tháng Tổng đài điện tử số (kể cả bàn PO)', '2.350', 4, 'đài', 3, 3, NULL, 1, 1, '2012-02-03', '2012-02-03'),
(278, 'Duy tu tháng Tổng đài điều độ, dưỡng lộ', '2.351', 2, 'đài', 3, 3, NULL, 1, 1, '2012-02-03', '2012-02-03'),
(279, 'Duy tu tháng Tổng đài kỹ thuật số SEI ', '2.352', 0.75, 'đài', 3, 3, NULL, 1, 1, '2012-02-03', '2012-02-03'),
(280, 'Duy tu tháng Tủ nguồn AC/DC cả ắc quy (SDH và TĐĐT)', '2.353', 1, 'tủ', 3, 3, NULL, 1, 1, '2012-02-03', '2012-02-03'),
(281, 'Điều tra lập kế hoạch quý trạm TT', '2.354', 24, 'trạm', 1, 3, NULL, 1, 1, '2012-02-03', '2012-02-03'),
(282, 'Đo kênh tải ba', '2.355', 8, 'máy', 1, 3, NULL, 1, 1, '2012-02-03', '2012-02-03'),
(283, 'Đo tiêu chuẩn điện khí 1 chiều đường dây cáp quang', '2.356', 10, 'điểm', 0, 3, NULL, 1, 1, '2012-02-03', '2012-02-03'),
(284, 'Đo tiêu chuẩn điện khí 1 chiều đường dây trần', '2.357', 10, 'điểm', 1, 3, NULL, 1, 1, '2012-02-03', '2012-02-03'),
(285, 'Bảo quản Tbị TT dự phòng tại trạm', '2.358', 0.25, 't.bộ', 91, 3, NULL, 1, 1, '2012-02-03', '2012-02-03'),
(286, 'Phối hợp Quân đội đo cáp đồng luồng E1', '2.359', 10, 'lần', 3, 3, NULL, 1, 1, '2012-02-03', '2012-02-03'),
(287, 'Công tác duy tu năm định kỳ', '2.400', 1, 'hệ', 0, 3, NULL, 1, 1, '2012-02-03', '2012-02-03'),
(288, 'Duy tu năm Biến áp các loại', '2.401', 1, 'cái', 1, 3, NULL, 1, 1, '2012-02-03', '2012-02-03'),
(289, 'Duy tu năm Bộ nguồn các loại', '2.402', 1.5, 'bộ', 1, 3, NULL, 1, 1, '2012-02-03', '2012-02-03'),
(290, 'Duy tu năm bộ giao tiếp các loại', '2.403', 0.5, 'bộ', 1, 3, NULL, 1, 1, '2012-02-03', '2012-02-03'),
(291, 'Duy tu năm Bộ lọc, bộ thu lôi đường dài...', '2.404', 0.5, 'bộ', 1, 3, NULL, 1, 1, '2012-02-03', '2012-02-03'),
(292, 'Duy tu năm Bộ lưu điện', '2.405', 1, 'bộ', 1, 3, NULL, 1, 1, '2012-02-03', '2012-02-03'),
(293, 'Duy tu năm Bộ rung các loại ', '2.406', 1, 'bộ', 1, 3, NULL, 1, 1, '2012-02-03', '2012-02-03'),
(294, 'Duy tu năm Bộ tiêu hao R-C', '2.407', 0.5, 'bộ', 1, 3, NULL, 1, 1, '2012-02-03', '2012-02-03'),
(295, 'Duy tu năm Cầu đo điện', '2.408', 1, 'bộ', 1, 3, NULL, 1, 1, '2012-02-03', '2012-02-03'),
(296, 'Duy tu năm Đài tập trung trong ga', '2.409', 2, 'đài', 1, 3, NULL, 1, 1, '2012-02-03', '2012-02-03'),
(297, 'Duy tu năm Giá đo thử đường dài', '2.410', 2, 'giá', 1, 3, NULL, 1, 1, '2012-02-03', '2012-02-03'),
(298, 'Duy tu năm Giá MDF, ODF, DDF', '2.411', 1, 'giá', 1, 3, NULL, 1, 1, '2012-02-03', '2012-02-03'),
(299, 'Duy tu năm Hệ ADSL', '2.412', 0.5, 'hệ', 1, 3, NULL, 1, 1, '2012-02-03', '2012-02-03'),
(300, 'Duy tu năm Hệ ăng ten', '2.413', 3, 'hệ', 1, 3, NULL, 1, 1, '2012-02-03', '2012-02-03'),
(301, 'Duy tu năm Hệ phóng thanh', '2.414', 3, 'hệ', 1, 3, NULL, 1, 1, '2012-02-03', '2012-02-03'),
(302, 'Duy tu năm Hệ thống bán vé tự động', '2.415', 0.5, 'hệ', 1, 3, NULL, 1, 1, '2012-02-03', '2012-02-03'),
(303, 'Duy tu năm Hệ thống chống sét lầu thông tin', '2.416', 3, 'hệ', 1, 3, NULL, 1, 1, '2012-02-03', '2012-02-03'),
(304, 'Duy tu năm Hệ thống điện thoại truyền hình', '2.417', 1.5, 'hệ', 1, 3, NULL, 1, 1, '2012-02-03', '2012-02-03'),
(305, 'Duy tu năm Hệ thống máng cáp thông tin', '2.418', 3, 'hệ', 1, 3, NULL, 1, 1, '2012-02-03', '2012-02-03'),
(306, 'Duy tu năm Hệ thống tiếp đất', '2.419', 2, 'hệ', 1, 3, NULL, 1, 1, '2012-02-03', '2012-02-03'),
(307, 'Duy tu năm Hộp cáp TT', '2.420', 1.5, 'hộp', 1, 3, NULL, 1, 1, '2012-02-03', '2012-02-03'),
(308, 'Duy tu năm Máy điện thoại  nam châm', '2.421', 0.5, 'máy', 1, 3, NULL, 1, 1, '2012-02-03', '2012-02-03'),
(309, 'Duy tu năm Máy điện thoại  tự động, cộng điện', '2.422', 0.33, 'máy', 1, 3, NULL, 1, 1, '2012-02-03', '2012-02-03'),
(310, 'Duy tu năm Máy điều độ nhánh ', '2.423', 1, 'bộ', 1, 3, NULL, 1, 1, '2012-02-03', '2012-02-03'),
(311, 'Duy tu năm Máy điều hòa nhiệt độ ', '2.424', 4, 'máy', 1, 3, NULL, 1, 1, '2012-02-03', '2012-02-03'),
(312, 'Duy tu năm Máy đo ET 70 (cả thu và phát)', '2.425', 0.5, 'bộ', 1, 3, NULL, 1, 1, '2012-02-03', '2012-02-03'),
(313, 'Duy tu năm Máy đo phân cơ, máy đo các loại', '2.426', 0.5, 'máy', 1, 3, NULL, 1, 1, '2012-02-03', '2012-02-03'),
(314, 'Duy tu năm Máy đo thông số bậc hai', '2.427', 0.5, 'máy', 1, 3, NULL, 1, 1, '2012-02-03', '2012-02-03'),
(315, 'Duy tu năm Máy FAX', '2.428', 0.5, 'máy', 1, 3, NULL, 1, 1, '2012-02-03', '2012-02-03'),
(316, 'Duy tu năm Máy hiện sóng', '2.429', 1, 'máy', 1, 3, NULL, 1, 1, '2012-02-03', '2012-02-03'),
(317, 'Duy tu năm Máy hút bụi', '2.430', 0.5, 'máy', 1, 3, NULL, 1, 1, '2012-02-03', '2012-02-03'),
(318, 'Duy tu năm Máy phân đường YDHF-1', '2.431', 1.5, 'máy', 1, 3, NULL, 1, 1, '2012-02-03', '2012-02-03'),
(319, 'Duy tu năm Máy tải ba VBO 3', '2.432', 16, 'máy', 1, 3, NULL, 1, 1, '2012-02-03', '2012-02-03'),
(320, 'Duy tu năm Máy tải ba VBO-12', '2.433', 32, 'máy', 1, 3, NULL, 1, 1, '2012-02-03', '2012-02-03'),
(321, 'Duy tu năm Máy tăng âm tải 3', '2.434', 16, 'máy', 1, 3, NULL, 1, 1, '2012-02-03', '2012-02-03'),
(322, 'Duy tu năm Máy tính cước', '2.435', 0.5, 'máy', 1, 3, NULL, 1, 1, '2012-02-03', '2012-02-03'),
(323, 'Duy tu năm Máy tính quản lý', '2.436', 0.5, 'máy', 1, 3, NULL, 1, 1, '2012-02-03', '2012-02-03'),
(324, 'Duy tu năm Máy vô tuyến điện ', '2.437', 2, 'máy', 1, 3, NULL, 1, 1, '2012-02-03', '2012-02-03'),
(325, 'Duy tu năm Modem các loại (của SDH và ADSL)', '2.438', 0.5, 'cái', 1, 3, NULL, 1, 1, '2012-02-03', '2012-02-03'),
(326, 'Duy tu năm Ổn áp 1 pha các loại', '2.439', 1.5, 'cái', 1, 3, NULL, 1, 1, '2012-02-03', '2012-02-03'),
(327, 'Duy tu năm Ổn áp 3 pha các loại', '2.440', 2, 'cái', 1, 3, NULL, 1, 1, '2012-02-03', '2012-02-03'),
(328, 'Duy tu năm Phân cơ điện thoại âm tần các loại', '2.441', 1, 'bộ', 1, 3, NULL, 1, 1, '2012-02-03', '2012-02-03'),
(329, 'Duy tu năm Phân cơ điện thoại hội nghị+loa+Mcrô', '2.442', 1, 'hệ', 1, 3, NULL, 1, 1, '2012-02-03', '2012-02-03'),
(330, 'Duy tu năm Quạt thông gió', '2.443', 1, 'cái', 1, 3, NULL, 1, 1, '2012-02-03', '2012-02-03'),
(331, 'Duy tu năm Tăng âm 2 chiều SZ-1', '2.444', 1.5, 'máy', 1, 3, NULL, 1, 1, '2012-02-03', '2012-02-03'),
(332, 'Duy tu năm Thiết bị chống sét điện lưới SRF', '2.445', 0.5, 'bộ', 1, 3, NULL, 1, 1, '2012-02-03', '2012-02-03'),
(333, 'Duy tu năm Thiết bị chống sét đường truyền tín hiệu', '2.446', 0.5, 'cái', 1, 3, NULL, 1, 1, '2012-02-03', '2012-02-03'),
(334, 'Duy tu năm Thiết bị chuyển tiếp DYF-1', '2.447', 1, 'máy', 1, 3, NULL, 1, 1, '2012-02-03', '2012-02-03'),
(335, 'Duy tu năm Thiết bị kết nối chéo', '2.448', 8, 'ht', 1, 3, NULL, 1, 1, '2012-02-03', '2012-02-03'),
(336, 'Duy tu năm thiết bị MP 2100', '2.449', 1, 'máy', 1, 3, NULL, 1, 1, '2012-02-03', '2012-02-03'),
(337, 'Duy tu năm Thiết bị mux', '2.450', 4, 'tb', 1, 3, NULL, 1, 1, '2012-02-03', '2012-02-03'),
(338, 'Duy tu năm Thiết bị SDH ', '2.451', 8, 'tb', 1, 3, NULL, 1, 1, '2012-02-03', '2012-02-03'),
(339, 'Duy tu tháng thiết bị truyền dẫn quang: AN-FM-120-ETH', '2.452', 1, 'máy', 1, 3, NULL, 1, 1, '2012-02-03', '2012-02-03'),
(340, 'Duy tu năm Tổng đài điện tử số (kể cả bàn PO)', '2.453', 16, 'đài', 1, 3, NULL, 1, 1, '2012-02-03', '2012-02-03'),
(341, 'Duy tu năm Tổng đài điều độ, dưỡng lộ', '2.454', 8, 'đài', 1, 3, NULL, 1, 1, '2012-02-03', '2012-02-03'),
(342, 'Duy tu năm Tổng đài kỹ thuật số SEI ', '2.455', 2, 'đài', 1, 3, NULL, 1, 1, '2012-02-03', '2012-02-03'),
(343, 'Duy tu năm Tủ nguồn AC/DC cả ắc quy (SDH và TĐĐT)', '2.456', 2, 'tủ', 1, 3, NULL, 1, 1, '2012-02-03', '2012-02-03'),
(344, 'Công tác duy tu năm không định kỳ', '2.500', 1, 'hệ', 0, 0, NULL, 1, 1, '2012-02-03', '2012-02-03'),
(345, 'Thay dây đất bảo vệ thiết bị', '2.501', 16, 'sợi', 1, 0, NULL, 1, 1, '2012-02-03', '2012-02-03'),
(346, 'Sửa chữa phân cơ âm tần', '2.502', 8, 'bộ', 1, 0, NULL, 1, 1, '2012-02-03', '2012-02-03'),
(347, 'Thay cụm lá mía máy phát điện  điện thoại', '2.503', 0.5, 'cụm', 1, 0, NULL, 1, 1, '2012-02-03', '2012-02-03'),
(348, 'Thay cuộn dây chuông máy điện thoại', '2.504', 0.25, 'cuộn', 1, 0, NULL, 1, 1, '2012-02-03', '2012-02-03'),
(349, 'Thay cuộn cảm ứng', '2.505', 0.25, 'cuộn', 1, 0, NULL, 1, 1, '2012-02-03', '2012-02-03'),
(350, 'Thay dây cooc đông các loại', '2.506', 0.5, 'sợi', 1, 0, NULL, 1, 1, '2012-02-03', '2012-02-03'),
(351, 'Thay hộp đựng pin', '2.507', 0.17, 'hộp', 1, 0, NULL, 1, 1, '2012-02-03', '2012-02-03'),
(352, 'Thay máy điện thoại các loại', '2.508', 0.25, 'cái', 1, 0, NULL, 1, 1, '2012-02-03', '2012-02-03'),
(353, 'Thay ống cầu chì , ống bảo an chân không', '2.510', 0.17, 'bộ', 1, 0, NULL, 1, 1, '2012-02-03', '2012-02-03'),
(354, 'Thay phân cơ điện thoại âm tần', '2.511', 1, 'bộ', 1, 0, NULL, 1, 1, '2012-02-03', '2012-02-03'),
(355, 'Thay thính thoại cơ', '2.512', 0.08, 'cái', 1, 0, NULL, 1, 1, '2012-02-03', '2012-02-03'),
(356, 'Thay hộp cáp TT loại < 50 đôi', '2.513', 16, 'hộp', 1, 0, NULL, 1, 1, '2012-02-03', '2012-02-03'),
(357, 'Thay hộp cáp TT loại > 50 đôi', '2.514', 32, 'hộp', 1, 0, NULL, 1, 1, '2012-02-03', '2012-02-03'),
(358, 'Sơn cột chống sét lầu TT (2 nước)', '2.515', 16, 'cột', 1, 0, NULL, 1, 1, '2012-02-03', '2012-02-03'),
(359, 'Thay bảng đấu dây máy  ĐTNC', '2.516', 0.5, 'cái', 1, 0, NULL, 1, 1, '2012-02-03', '2012-02-03'),
(360, 'Thay bảng gỗ lắp phân cơ 400x600mm', '2.517', 1, 'cái', 1, 0, NULL, 1, 1, '2012-02-03', '2012-02-03'),
(361, 'Thay bảng lắp bộ bảo an', '2.518', 0.75, 'cái', 1, 0, NULL, 1, 1, '2012-02-03', '2012-02-03'),
(362, 'Thay bộ bảo an đế sứ PL350', '2.519', 0.5, 'bộ', 1, 0, NULL, 1, 1, '2012-02-03', '2012-02-03'),
(363, 'Thay dây co cột chống sét lầu TT', '2.520', 4, 'sợi', 1, 0, NULL, 1, 1, '2012-02-03', '2012-02-03'),
(364, 'Thay khung phân cơ ', '2.521', 1.5, 'cái', 1, 0, NULL, 1, 1, '2012-02-03', '2012-02-03'),
(365, 'Thay nẹp nhựa bảo vệ dây', '2.522', 0.1, 'm', 1, 0, NULL, 1, 1, '2012-02-03', '2012-02-03'),
(366, 'Thay giắc cắm 6 chân', '2.523', 0.5, 'cái', 1, 0, NULL, 1, 1, '2012-02-03', '2012-02-03'),
(367, 'Thay Cad các loại', '2.524', 0.5, 'cái', 1, 0, NULL, 1, 1, '2012-02-03', '2012-02-03'),
(368, 'Sửa chữa bộ nguồn các loại', '2.525', 8, 'cái', 1, 0, NULL, 1, 1, '2012-02-03', '2012-02-03'),
(369, 'Lắp đặt máy điện thoại các loại', '2.526', 1, 'cái', 1, 0, NULL, 1, 1, '2012-02-03', '2012-02-03'),
(370, 'Thay máy điều hòa nhiệt độ', '2.527', 16, 'cái', 1, 0, NULL, 1, 1, '2012-02-03', '2012-02-03'),
(371, 'TÍN HIỆU RA, VÀO GA VÀ ĐƯỜNG NGANG', '3.000', 1, 'hệ', 0, 3, NULL, 1, 1, '2012-02-06', '2012-02-06'),
(372, 'Công tác thường trực', '3.100', 1, 'giờ', 0, 3, NULL, 1, 1, '2012-02-06', '2012-02-06'),
(373, 'Trực, GQTN kiêm kiểm tra thiết bị ga THĐM ≤ 3 đường ', '3.101', 6, 'ga', 91, 3, NULL, 1, 1, '2012-02-06', '2012-02-06'),
(374, 'Trực, GQTN kiêm kiểm tra thiết bị ga THĐM > 3 đường ', '3.102', 10, 'ga', 91, 3, NULL, 1, 1, '2012-02-06', '2012-02-06'),
(375, 'Trực GQTN kiêm kiểm tra thiết bị ga tín hiệu ĐKTT ≤ 3 đường', '3.103', 14, 'ga', 91, 3, NULL, 1, 1, '2012-02-06', '2012-02-06'),
(376, 'Trực GQTN kiêm kiểm tra thiết bị ga tín hiệu ĐKTT > 3 đường', '3.104', 22, 'ga', 91, 3, NULL, 1, 1, '2012-02-06', '2012-02-06'),
(377, 'Công tác kiểm tra', '3.200', 0, 'hệ', 0, 3, NULL, 1, 1, '2012-02-20', '2012-02-20'),
(378, 'Kiểm tra ngày cột tín hiệu cầu chung', '3.201', 0.583, 'cột', 91, 3, NULL, 1, 1, '2012-02-28', '2012-02-28'),
(379, 'Kiểm tra ngày cột tín hiệu đường ngang cự ly < 3km', '3.202', 0.583, 'cột', 91, 3, NULL, 1, 1, '2012-02-28', '2012-02-28'),
(380, 'Kiểm tra ngày cột tín hiệu đường ngang cự ly 3km - ≤ 7km', '3.203', 0.583, 'cột', 91, 3, NULL, 1, 1, '2012-02-28', '2012-02-28'),
(381, 'Kiểm tra ngày cột tín hiệu đường ngang cự ly > 7km', '3.204', 0.583, 'cột', 91, 3, NULL, 1, 1, '2012-02-28', '2012-02-28'),
(382, 'Kiểm tra ngày cột tín hiệu vào ga', '3.205', 0.25, 'cột', 91, 3, NULL, 1, 1, '2012-02-28', '2012-02-28'),
(383, 'Kiểm tra tầm nhìn tín hiệu', '3.206', 0.33, 'cột', 6, 3, NULL, 1, 1, '2012-02-28', '2012-02-28'),
(384, 'Kiểm tra ngày cột tín hiệu đèn mầu báo trước ', '3.207', 0.25, 'cột', 91, 3, NULL, 1, 1, '2012-02-28', '2012-02-28'),
(385, 'Kiểm tra ngày cột tín hiệu đèn mầu chặn đường', '3.208', 0.33, 'cột', 91, 3, NULL, 1, 1, '2012-02-28', '2012-02-28'),
(386, 'Kiểm tra ngày cột tín hiệu ra ga cao', '3.209', 0.25, 'cột', 91, 3, NULL, 1, 1, '2012-02-28', '2012-02-28'),
(387, 'Kiểm tra ngày cột tín hiệu ra ga thấp', '3.210', 0.167, 'cột', 91, 3, NULL, 1, 1, '2012-02-28', '2012-02-28'),
(388, 'Kiểm tra ngày Cột tín hiệu phòng vệ ', '3.211', 0.25, 'cột', 91, 3, NULL, 1, 1, '2012-02-28', '2012-02-28'),
(389, 'Kiểm tra ngày Cột thao tác tài xế', '3.212', 0.25, 'cột', 91, 3, NULL, 1, 1, '2012-02-28', '2012-02-28'),
(390, 'Kiểm tra ngày Hệ tín hiệu cơ khí 3 cánh (cột bê tông)', '3.213', 0.217, 'hệ', 91, 3, NULL, 1, 1, '2012-02-28', '2012-02-28'),
(391, 'Kiểm tra ngày Hệ tín hiệu cơ khí 2 cánh (cột sắt)', '3.214', 0.33, 'hệ', 91, 3, NULL, 1, 1, '2012-02-28', '2012-02-28');

-- --------------------------------------------------------

--
-- Table structure for table `taskdetail`
--

CREATE TABLE IF NOT EXISTS `taskdetail` (
  `id` bigint(20) NOT NULL AUTO_INCREMENT,
  `taskId` bigint(20) NOT NULL,
  `year` int(4) NOT NULL,
  `stationId` bigint(20) NOT NULL,
  `annual` tinyint(1) NOT NULL,
  `createdDate` date NOT NULL,
  `updatedDate` date NOT NULL,
  `createBy` bigint(20) NOT NULL,
  `updateBy` bigint(20) NOT NULL,
  PRIMARY KEY (`id`)
) ENGINE=MyISAM  DEFAULT CHARSET=utf8 COLLATE=utf8_unicode_ci AUTO_INCREMENT=8 ;

--
-- Dumping data for table `taskdetail`
--

INSERT INTO `taskdetail` (`id`, `taskId`, `year`, `stationId`, `annual`, `createdDate`, `updatedDate`, `createBy`, `updateBy`) VALUES
(4, 16, 2012, 31, 1, '2012-03-12', '2012-03-12', 1, 1),
(3, 68, 2012, 31, 0, '2012-03-12', '2012-03-12', 1, 1),
(5, 18, 2012, 31, 1, '2012-03-13', '2012-03-13', 1, 1),
(6, 20, 2012, 31, 1, '2012-03-13', '2012-03-13', 1, 1),
(7, 35, 2012, 31, 1, '2012-03-13', '2012-03-13', 1, 1);

-- --------------------------------------------------------

--
-- Table structure for table `user`
--

CREATE TABLE IF NOT EXISTS `user` (
  `id` bigint(20) NOT NULL AUTO_INCREMENT,
  `userName` varchar(50) CHARACTER SET utf8 COLLATE utf8_unicode_ci NOT NULL,
  `passWord` varchar(50) CHARACTER SET utf8 COLLATE utf8_unicode_ci NOT NULL,
  `userRole` varchar(10) CHARACTER SET utf8 COLLATE utf8_unicode_ci NOT NULL,
  `stationId` bigint(20) DEFAULT NULL,
  `createdDate` date NOT NULL,
  `updatedDate` date NOT NULL,
  `createBy` bigint(20) NOT NULL,
  `updateBy` bigint(20) NOT NULL,
  PRIMARY KEY (`id`),
  UNIQUE KEY `username` (`userName`)
) ENGINE=MyISAM  DEFAULT CHARSET=latin1 AUTO_INCREMENT=38 ;

--
-- Dumping data for table `user`
--

INSERT INTO `user` (`id`, `userName`, `passWord`, `userRole`, `stationId`, `createdDate`, `updatedDate`, `createBy`, `updateBy`) VALUES
(34, 'dien', '52ec538941f82416e7ce1caf283a765f', 'USER', 33, '2012-01-16', '2012-01-16', 1, 1),
(8, 'admin', '21232f297a57a5a743894a0e4a801fc3', 'ADMIN', 27, '2011-12-28', '2011-12-28', 1, 1),
(32, 'dang', '81dc9bdb52d04dc20036dbd8313ed055', 'USER', 31, '2012-01-09', '2012-01-31', 1, 1),
(30, 'quanly', '76ce09fc04225228897e61087b1172a8', 'MANAGER', 27, '2012-01-08', '2012-01-08', 1, 1),
(33, 'hoaa', 'dcc86935fdabd462ac2298ad004df366', 'USER', 32, '2012-01-09', '2012-01-09', 1, 1),
(35, 'hoan', '892e2583ccbd69cb1081fec008ce4735', 'USER', 34, '2012-01-27', '2012-01-27', 1, 1),
(36, 'long', '0f5264038205edfb1ac05fbb0e8c5e94', 'USER', 35, '2012-01-27', '2012-01-27', 1, 1),
(37, 'dung', '625d45c587033e8970af8b4e3fdb575c', 'USER', 31, '2012-02-02', '2012-02-02', 1, 1);
