CREATE DATABASE  IF NOT EXISTS `qlvt` /*!40100 DEFAULT CHARACTER SET utf8 COLLATE utf8_unicode_ci */;
USE `qlvt`;
-- MySQL dump 10.13  Distrib 5.5.16, for Win32 (x86)
--
-- Host: localhost    Database: qlvt
-- ------------------------------------------------------
-- Server version	5.5.19

/*!40101 SET @OLD_CHARACTER_SET_CLIENT=@@CHARACTER_SET_CLIENT */;
/*!40101 SET @OLD_CHARACTER_SET_RESULTS=@@CHARACTER_SET_RESULTS */;
/*!40101 SET @OLD_COLLATION_CONNECTION=@@COLLATION_CONNECTION */;
/*!40101 SET NAMES utf8 */;
/*!40103 SET @OLD_TIME_ZONE=@@TIME_ZONE */;
/*!40103 SET TIME_ZONE='+00:00' */;
/*!40014 SET @OLD_UNIQUE_CHECKS=@@UNIQUE_CHECKS, UNIQUE_CHECKS=0 */;
/*!40014 SET @OLD_FOREIGN_KEY_CHECKS=@@FOREIGN_KEY_CHECKS, FOREIGN_KEY_CHECKS=0 */;
/*!40101 SET @OLD_SQL_MODE=@@SQL_MODE, SQL_MODE='NO_AUTO_VALUE_ON_ZERO' */;
/*!40111 SET @OLD_SQL_NOTES=@@SQL_NOTES, SQL_NOTES=0 */;

--
-- Table structure for table `task`
--

DROP TABLE IF EXISTS `task`;
/*!40101 SET @saved_cs_client     = @@character_set_client */;
/*!40101 SET character_set_client = utf8 */;
CREATE TABLE `task` (
  `id` bigint(20) NOT NULL AUTO_INCREMENT,
  `name` varchar(100) CHARACTER SET utf8 COLLATE utf8_unicode_ci NOT NULL,
  `code` varchar(11) CHARACTER SET utf8 COLLATE utf8_unicode_ci NOT NULL,
  `defaultValue` double NOT NULL,
  `unit` varchar(20) CHARACTER SET utf8 COLLATE utf8_unicode_ci NOT NULL,
  `quota` int(11) NOT NULL DEFAULT '0',
  `taskTypeCode` int(11) NOT NULL,
  `childTasks` text,
  `updateBy` bigint(20) NOT NULL,
  `createBy` bigint(20) NOT NULL,
  `createdDate` date NOT NULL,
  `updatedDate` date NOT NULL,
  PRIMARY KEY (`id`),
  UNIQUE KEY `code` (`code`)
) ENGINE=MyISAM AUTO_INCREMENT=876 DEFAULT CHARSET=latin1;
/*!40101 SET character_set_client = @saved_cs_client */;

--
-- Dumping data for table `task`
--

LOCK TABLES `task` WRITE;
/*!40000 ALTER TABLE `task` DISABLE KEYS */;
INSERT INTO `task` VALUES (17,'Công tác kiểm tra','1.200',1,'hệ',0,2,NULL,1,1,'2012-01-15','2012-05-29'),(14,'HỆ THỐNG ĐƯỜNG TRUYỀN TẢI','1.000',1,'hệ',0,3,NULL,1,1,'2012-01-15','2012-02-02'),(15,'Công tác trực giải quyết trở ngại ','1.100',1,'hệ',0,2,NULL,1,1,'2012-01-15','2012-03-17'),(16,'Trực giải quyết trở ngại đường truyền tải','1.101',0.25,'km/t',91,3,NULL,1,1,'2012-01-15','2012-02-02'),(18,'Kiểm tra, phát cây thông thoại đường dây trần ĐB, TD ','1.201',0.89,'km/t',9,3,NULL,1,1,'2012-01-15','2012-02-06'),(19,'Kiểm tra, phát cây thông thoại đường dây trần RN, xa ĐS','1.202',1.06,'km/t',9,3,NULL,1,1,'2012-01-16','2012-02-06'),(20,'Kiểm tra đường dây cáp chôn ','1.203',0.667,'km/t',6,3,NULL,1,1,'2012-01-16','2012-02-06'),(21,'Kiểm tra đường dây cáp treo','1.204',0.167,'km/t',9,3,NULL,1,1,'2012-01-16','2012-02-06'),(22,'Công tác duy tu tháng','1.300',1,'hệ',0,2,NULL,1,1,'2012-01-16','2012-05-29'),(23,'Quét nhện đường dây trần khu vực ĐB, TD','1.301',0.75,'km/t',3,3,NULL,1,1,'2012-01-16','2012-02-06'),(24,'Quét nhện đường dây trần khu vực rừng núi, xa ĐS ','1.302',0.9,'km/t',3,3,NULL,1,1,'2012-01-16','2012-02-06'),(25,'Duy tu tháng hộp cáp TT≤ 200 đôi','1.303',0.25,'hộp',3,3,NULL,1,1,'2012-01-16','2012-02-03'),(35,'Duy tu năm tủ đấu dây','1.406',1.5,'tủ',1,3,NULL,1,1,'2012-01-27','2012-02-03'),(27,'Duy tu tháng hộp cáp TT> 200 đôi','1.304',0.75,'hộp',3,3,NULL,1,1,'2012-01-16','2012-02-03'),(28,'Công tác duy tu năm định kỳ','1.400',1,'hệ',0,2,NULL,1,1,'2012-01-16','2012-05-29'),(29,'Duy tu năm bể cáp','1.401',1,'bể',1,3,NULL,1,1,'2012-01-16','2012-02-03'),(30,'Duy tu năm cột nhập ga, nhập đài','1.402',16,'cột',1,3,NULL,1,1,'2012-01-16','2012-02-03'),(31,'Duy tu năm hộp cáp TT≤ 200 đôi','1.403',1,'hộp',1,3,NULL,1,1,'2012-01-16','2012-02-03'),(32,'Duy tu năm hộp cáp TT> 200 đôi','1.404',1.5,'hộp',1,3,NULL,1,1,'2012-01-16','2012-02-03'),(34,'Duy tu năm tăng đơ dây co','1.405',0.3,'cái',1,3,NULL,1,1,'2012-01-22','2012-02-03'),(36,'Điều tra lập kế hoạch quý','1.407',70,'ga',1,3,NULL,1,1,'2012-01-27','2012-02-03'),(37,'Đắp ụ cột','1.408',0.5,'ụ',1,3,NULL,1,1,'2012-01-30','2012-02-03'),(38,'Đắp ụ dây co','1.409',0.3,'ụ',1,3,NULL,1,1,'2012-01-30','2012-02-03'),(40,'Lau sứ, chấm sơn, vặn chặt cuống sứ','1.410',0.083,'quả',1,3,NULL,1,1,'2012-01-30','2012-02-03'),(41,'Phát cây tiêu chuẩn đường dây trần khu vực ĐB, TD','1.411',8,'km/t',1,3,NULL,1,1,'2012-01-31','2012-02-03'),(42,'Phát cây tiêu chuẩn đường dây trần khu vực rừng núi','1.412',30,'km/t',1,3,NULL,1,1,'2012-01-31','2012-02-03'),(43,'Sơn hộp cáp TT các loại','1.413',0.5,'hộp',1,3,NULL,1,1,'2012-01-31','2012-02-03'),(44,'Sơn biển báo cáp chôn','1.414',0.17,'cái',1,3,NULL,1,1,'2012-01-31','2012-02-03'),(45,'Sơn cạo bàn đảo H','1.415',0.31,'cái',1,3,NULL,1,1,'2012-01-31','2012-02-03'),(46,'Sơn cạo coliê dây co','1.416',0.17,'cái',1,3,NULL,1,1,'2012-01-31','2012-02-03'),(47,'Sơn cạo ghế thử dây','1.417',4.17,'cái',1,3,NULL,1,1,'2012-01-31','2012-02-03'),(48,'Sơn cạo kẹp sứ ấm','1.418',0.21,'bộ',1,3,NULL,1,1,'2012-01-31','2012-02-03'),(49,'Sơn cạo giá Potyle đỡ dây qua cầu','1.419',15,'giá',1,3,NULL,1,1,'2012-01-31','2012-02-03'),(50,'Sơn cạo trụ Potyle đỡ dây qua cầu','1.420',40,'trụ',1,3,NULL,1,1,'2012-01-31','2012-02-03'),(51,'Sơn cạo sắt chống xà 40x4x600','1.421',0.21,'thanh',1,3,NULL,1,1,'2012-01-31','2012-02-03'),(52,'Sơn cạo sắt chống xà 40x4x900','1.422',0.31,'thanh',1,3,NULL,1,1,'2012-01-31','2012-02-03'),(53,'Sơn cạo sắt nối cột các loại','1.423',2,'m ',1,3,NULL,1,1,'2012-01-31','2012-02-03'),(54,'Sơn cạo tăng đơ dây co','1.424',0.3,'cái',1,3,NULL,1,1,'2012-01-31','2012-02-03'),(55,'Sơn cạo thang cột thử dây','1.425',4.2,'cái',1,3,NULL,1,1,'2012-01-31','2012-02-03'),(56,'Sơn cạo thanh giằng cột H L75x75x8x1600','1.427',2.2,'thanh',1,3,NULL,1,1,'2012-01-31','2012-02-03'),(57,'Sơn cạo xà sắt L75x75x8x1100','1.428',1.5,'thanh',1,3,NULL,1,1,'2012-01-31','2012-02-03'),(58,'Sơn cạo xà sắt L75x75x8x2500','1.429',3.2,'thanh',1,3,NULL,1,1,'2012-01-31','2012-02-03'),(59,'Sơn cạo xà sắt L75x75x8x3600','1.430',4.6,'thanh',1,3,NULL,1,1,'2012-01-31','2012-02-03'),(60,'Sơn giá đỡ cáp','1.431',0.5,'cái',1,3,NULL,1,1,'2012-01-31','2012-02-03'),(61,'Sơn nền, viết số cột thông tin','1.432',0.42,'cột',1,3,NULL,1,1,'2012-01-31','2012-02-03'),(62,'Sơn tủ cáp đường dài','1.433',1,'tủ',1,3,NULL,1,1,'2012-01-31','2012-02-03'),(63,'Sơn nền, viết số cột mốc cáp quang','1.434',0.42,'cột',1,3,NULL,1,1,'2012-01-31','2012-02-03'),(64,'Đo, kiểm tra chất lượng cáp quang','1.435',10,'điểm',1,3,NULL,1,1,'2012-01-31','2012-02-03'),(65,'Điều tra lập kế hoạch quý tổ cáp quang','1.436',80,'tổ',1,3,NULL,1,1,'2012-01-31','2012-02-03'),(66,'Đo tiêu chuẩn điện khí 1 chiều đường dây trần','1.437',10,'điểm',1,3,NULL,1,1,'2012-01-31','2012-02-03'),(67,'Công tác duy tu năm không định kỳ','1.500',1,'hệ',0,2,NULL,1,1,'2012-01-31','2012-05-29'),(68,'BS ống kẽm phi 34mm luồn cáp chôn','1.501',3,'m',1,0,'',1,1,'2012-01-31','2012-05-04'),(69,'BS ống nhựa 2 mãnh phi 40 mm','1.502',1,'m',1,0,'',1,1,'2012-01-31','2012-05-04'),(70,'Chặt cây to cạnh đường dây','1.503',1.5,'cây',1,0,'',1,1,'2012-01-31','2012-05-04'),(71,'Chỉnh cọc mốc cáp ','1.504',0.5,'cái',1,0,'',1,1,'2012-01-31','2012-05-04'),(72,'Chỉnh dây co chùng','1.505',4,'cái',1,0,'',1,1,'2012-01-31','2012-05-04'),(73,'Chỉnh xà lệch ','1.506',4,'cái',1,0,'',1,1,'2012-01-31','2012-05-04'),(74,'Củng cố hệ rẽ nhập','1.507',16,'hệ',1,0,'',1,1,'2012-01-31','2012-05-04'),(75,'Đào tìm, xử lý cáp TT chôn bị hỏng','1.508',3,'m',1,0,'',1,1,'2012-01-31','2012-05-04'),(76,'Đắp đất chân cột bị xói lở','1.509',0.5,'cột',1,0,'',1,1,'2012-01-31','2012-05-04'),(77,'Đắp đất đường ra cột cắt thử','1.510',16,'m3',1,0,'',1,1,'2012-01-31','2012-05-04'),(78,'Đấu phối hộp cáp TT > 100 đôi ','1.511',12,'hộp',1,0,'',1,1,'2012-01-31','2012-05-04'),(79,'Đấu phối hộp cáp TT > 20 đôi đến 50 đôi','1.512',6,'hộp',1,0,'',1,1,'2012-01-31','2012-05-04'),(80,'Đấu phối hộp cáp TT > 50 đôi đến 100 đôi','1.513',8,'hộp',1,0,'',1,1,'2012-01-31','2012-05-04'),(81,'Đấu phối hộp cáp TT ≤ 20 đôi','1.514',4,'hộp',1,0,'',1,1,'2012-01-31','2012-05-04'),(82,'Đấu phối lại tủ cáp đường dài','1.515',8,'tủ',1,0,'',1,1,'2012-01-31','2012-05-04'),(83,'Dịch cột TT bị xói lở','1.516',24,'cột',1,0,'',1,1,'2012-01-31','2012-05-04'),(84,'Điều tra, lập hồ sơ kỹ thuật đường truyền tải','1.517',10,'km/t',1,0,'',1,1,'2012-01-31','2012-05-04'),(85,'Điều tra, lập hồ sơ kỹ thuật tuyến cáp quang','1.518',4,'km/t',1,0,'',1,1,'2012-01-31','2012-05-04'),(86,'Đổ bê tông chân cột đơn, cột chống','1.519',16,'cột',1,0,'',1,1,'2012-01-31','2012-05-04'),(87,'Đổ bê tông chân cột H','1.520',32,'cột',1,0,NULL,1,1,'2012-01-31','2012-02-03'),(88,'Dựng mới cột chống bằng bê tông ','1.521',24,'cột',1,0,'',1,1,'2012-01-31','2012-05-04'),(89,'Dựng mới, lắp phụ kiện cột bê tông đơn','1.522',48,'cột',1,0,'',1,1,'2012-01-31','2012-05-04'),(90,'Dựng mới, lắp phụ kiện cột bê tông H','1.523',80,'cột',1,0,'',1,1,'2012-01-31','2012-05-04'),(91,'Gia cố cột  TT bị vỡ','1.524',4,'cột',1,0,'',1,1,'2012-01-31','2012-05-04'),(92,'Gia cố giá đỡ cáp qua cầu','1.525',1,'cái',1,0,'',1,1,'2012-01-31','2012-05-04'),(93,'Hàn mối nối cáp đồng','1.526',1.5,'mối',1,0,'',1,1,'2012-01-31','2012-05-04'),(94,'Hàn mối nối cáp quang','1.527',36,'mối',1,0,'',1,1,'2012-01-31','2012-05-04'),(95,'Hàn mối nối dây trần','1.528',2,'mối',1,0,'',1,1,'2012-01-31','2012-05-04'),(97,'Hàn vít thử dây','1.530',2,'bộ',1,0,'',1,1,'2012-01-31','2012-05-04'),(98,'Kè đá hộc chân cột TT bằng rọ thép B40','1.531',32,'m3',1,0,'',1,1,'2012-01-31','2012-05-04'),(99,'Kéo cáp thông tin treo chùng','1.532',32,'km/s',1,0,'',1,1,'2012-01-31','2012-05-04'),(100,'Kéo cột nghiêng','1.533',4,'cột',1,0,'',1,1,'2012-01-31','2012-05-04'),(101,'Kéo cột nghiêng nặng','1.534',16,'cột',1,0,'',1,1,'2012-01-31','2012-05-04'),(102,'Kéo dây chùng','1.535',15,'km/s',1,0,'',1,1,'2012-01-31','2012-05-04'),(103,'Kéo, hàn nối lại cáp cột kết cuối','1.536',12,'hệ',1,0,'',1,1,'2012-01-31','2012-05-04'),(104,'Khôi phục dây trần thông tin bị đứt','1.537',90,'km/s',1,0,'',1,1,'2012-01-31','2012-05-04'),(105,'Làm biển treo đánh số đầu cáp TT','1.538',0.1,'cái',1,0,'',1,1,'2012-01-31','2012-05-04'),(106,'Làm dây co 5 sợi > 10m','1.539',18,'sợi',1,0,'',1,1,'2012-01-31','2012-05-04'),(107,'Làm dây co góc 5 sợi ≤ 10m','1.540',16,'sợi',1,0,'',1,1,'2012-01-31','2012-05-04'),(108,'Làm dây co góc 7 sợi > 10m','1.541',22,'sợi',1,0,'',1,1,'2012-01-31','2012-05-04'),(109,'Làm dây co góc 7 sợi ≤ 10m','1.542',20,'sợi',1,0,'',1,1,'2012-01-31','2012-05-04'),(110,'Làm gốc dây co 5 sợi','1.543',5,'cái',1,0,'',1,1,'2012-01-31','2012-05-04'),(111,'Làm gốc dây co 7 sợi','1.544',6,'cái',1,0,'',1,1,'2012-01-31','2012-05-04'),(112,'Làm thu lôi phân cấp','1.545',16,'bộ',1,0,'',1,1,'2012-01-31','2012-05-04'),(113,'Làm thu lôi thường','1.546',6,'cái',1,0,'',1,1,'2012-01-31','2012-05-04'),(114,'Lắp đặt ghế thử dây','1.547',16,'cái',1,0,'',1,1,'2012-01-31','2012-05-04'),(115,'Lắp đặt gông treo cáp quang ','1.548',1,'cái',1,0,'',1,1,'2012-01-31','2012-05-04'),(116,'Lắp đặt ống nhựa bảo vệ cáp các loại ','1.549',0.25,'m',1,0,'',1,1,'2012-01-31','2012-05-04'),(117,'Lấp đất rãnh cáp thông tin sụt lún','1.550',0.5,'m',1,0,'',1,1,'2012-01-31','2012-05-04'),(118,'Nắn chỉnh cọc mốc cáp','1.551',0.3,'cọc',1,0,'',1,1,'2012-01-31','2012-05-04'),(119,'Sửa chữa bể cáp các loại bị vỡ','1.552',4,'cái',1,0,'',1,1,'2012-01-31','2012-05-04'),(120,'Sửa chữa cầu ra cột cắt thử','1.553',16,'cái',1,0,'',1,1,'2012-01-31','2012-05-04'),(121,'Sửa chữa thang cột thử dây','1.554',8,'cái',1,0,'',1,1,'2012-01-31','2012-05-04'),(122,'Sửa chữa thu lôi phân cấp','1.555',4,'cái',1,0,'',1,1,'2012-01-31','2012-05-04'),(123,'Thay bàn đảo chữ H','1.556',4,'cái',1,0,'',1,1,'2012-01-31','2012-05-04'),(124,'Thay bu lông 12x100','1.557',0.5,'cái',1,0,'',1,1,'2012-01-31','2012-05-04'),(125,'Thay bu lông 12x120','1.558',0.5,'cái',1,0,'',1,1,'2012-01-31','2012-05-04'),(126,'Thay bu lông 12x150','1.559',0.5,'cái',1,0,'',1,1,'2012-01-31','2012-05-04'),(127,'Thay bu lông 12x180','1.560',0.5,'cái',1,0,'',1,1,'2012-01-31','2012-05-04'),(128,'Thay bu lông 12x200','1.561',0.5,'cái',1,0,'',1,1,'2012-01-31','2012-05-04'),(129,'Thay bu lông 12x220','1.562',0.5,'cái',1,0,'',1,1,'2012-01-31','2012-05-04'),(130,'Thay bu lông 12x250','1.563',0.5,'cái',1,0,'',1,1,'2012-01-31','2012-05-04'),(131,'Thay bu lông 12x300','1.564',0.5,'cái',1,0,'',1,1,'2012-01-31','2012-05-04'),(132,'Thay bu lông 12x50','1.565',0.5,'cái',1,0,'',1,1,'2012-01-31','2012-05-04'),(133,'Thay cáp đồng thông tin chôn đường dài','1.566',3,'m',1,0,'',1,1,'2012-01-31','2012-05-04'),(134,'Thay cáp đồng thông tin chôn nội hạt','1.567',3,'m',1,0,'',1,1,'2012-01-31','2012-05-04'),(135,'Thay cáp đồng thông tin treo đường dài','1.568',64,'km/s',1,0,'',1,1,'2012-01-31','2012-05-04'),(136,'Thay cáp đồng thông tin treo nội hạt','1.569',48,'km/s',1,0,'',1,1,'2012-01-31','2012-05-04'),(137,'Thay cáp quang chôn ','1.570',3,'m',1,0,'',1,1,'2012-01-31','2012-05-04'),(138,'Thay cáp quang treo ','1.571',64,'km/s',1,0,'',1,1,'2012-01-31','2012-05-04'),(139,'Thay cọc mốc cáp thông tin','1.572',1,'cọc',1,0,'',1,1,'2012-01-31','2012-05-04'),(140,'Thay cột bê tông đơn loại 7,3 m','1.573',48,'cột',1,0,'',1,1,'2012-01-31','2012-05-04'),(141,'Thay cột bê tông H loại 7,3 m','1.574',64,'cột',1,0,'',1,1,'2012-01-31','2012-05-04'),(142,'Thay cột chống loại 7,3 m','1.575',24,'cột',1,0,'',1,1,'2012-01-31','2012-05-04'),(143,'Thay cuống sứ A18','1.576',1,'cái',1,0,'',1,1,'2012-01-31','2012-05-04'),(144,'Thay cuống sứ đảo, xà sắt','1.577',1,'cái',1,0,'',1,1,'2012-01-31','2012-05-04'),(145,'Thay dây bọc các loại','1.578',0.2,'m',1,0,'',1,1,'2012-01-31','2012-05-04'),(146,'Thay dây chịu lực treo cáp ','1.579',64,'km/s',1,0,'',1,1,'2012-01-31','2012-05-04'),(147,'Thay dây Cs 3mm, thu hồi','1.580',64,'km/s',1,0,'',1,1,'2012-01-31','2012-05-04'),(148,'Thay dây Fe 4mm, thu hồi','1.581',90,'km/s',1,0,'',1,1,'2012-01-31','2012-05-04'),(149,'Thay dây xúp bưu điện','1.582',0.02,'m',1,0,'',1,1,'2012-01-31','2012-05-04'),(150,'Thay ghế thử dây','1.583',4,'cái',1,0,'',1,1,'2012-01-31','2012-05-04'),(151,'Thay hộp cáp TT > 100 đôi ','1.584',16,'hộp',1,0,'',1,1,'2012-01-31','2012-05-04'),(152,'Thay hộp cáp TT ≤ 20 đôi','1.585',6,'hộp',1,0,'',1,1,'2012-01-31','2012-05-04'),(153,'Thay hộp cáp TT 100 đôi','1.586',12,'hộp',1,0,'',1,1,'2012-01-31','2012-05-04'),(154,'Thay hộp cáp TT 30 đôi','1.587',8,'hộp',1,0,'',1,1,'2012-01-31','2012-05-04'),(155,'Thay hộp cáp TT 50 đôi','1.588',10,'hộp',1,0,'',1,1,'2012-01-31','2012-05-04'),(156,'Thay kẹp sứ ấm','1.589',2,'bộ',1,0,'',1,1,'2012-01-31','2012-05-04'),(157,'Thay kẹp treo cáp 3 đinh','1.590',0.5,'cái',1,0,'',1,1,'2012-01-31','2012-05-04'),(158,'Thay mối hãm Cu','1.591',0.25,'mối',1,0,'',1,1,'2012-01-31','2012-05-04'),(159,'Thay mối hãm Fe','1.592',0.25,'mối',1,0,'',1,1,'2012-01-31','2012-05-04'),(160,'Thay mối nối dây Cs','1.593',2,'mối',1,0,'',1,1,'2012-01-31','2012-05-04'),(161,'Thay mối nối dây Fe','1.594',2,'mối',1,0,'',1,1,'2012-01-31','2012-05-04'),(162,'Thay sắt chống xà 600','1.595',1,'cái',1,0,'',1,1,'2012-01-31','2012-05-04'),(163,'Thay sắt chống xà 900','1.596',1,'cái',1,0,'',1,1,'2012-01-31','2012-05-04'),(164,'Thay sắt nối cột L100x100x10x2550 (phủ bì =1,2)','1.597',12,'thanh',1,0,'',1,1,'2012-01-31','2012-05-04'),(165,'Thay sắt nối cột L100x100x10x3150 (phủ bì =1,2)','1.598',16,'thanh',1,0,'',1,1,'2012-01-31','2012-05-04'),(166,'Thay sắt nối cột L100x100x10x4350 (phủ bì =1,2)','1.599',16,'thanh',1,0,'',1,1,'2012-01-31','2012-05-04'),(167,'Thay sắt nối cột L100x100x10x4950 (phủ bì =1,2)','1.600',16,'thanh',1,0,'',1,1,'2012-01-31','2012-05-29'),(169,'Thay sắt nối cột L100x100x10x5550 (phủ bì =1,2)','1.601',16,'thanh',1,0,'',1,1,'2012-02-01','2012-05-29'),(170,'Thay sắt nối cột L100x100x10x6150 (phủ bì =1,2)','1.602',18,'thanh',1,0,'',1,1,'2012-02-01','2012-05-29'),(171,'CÔNG TÁC THÁNG','1.A',1,'hệ',0,1,'1.100 ; 1.200 ; 1.300 ; ',1,1,'2012-02-01','2012-05-29'),(172,'CÔNG TÁC NĂM','1.B',1,'hệ',0,1,'1.400 ; 1.500 ; ',1,1,'2012-02-01','2012-05-29'),(174,'TỔNG KẾ HOẠCH GIAO ','A',0,'giờ',0,1,'B ; C ; ',1,1,'2012-02-01','2012-05-29'),(176,'ĐỊNH KỲ','I',1,'giờ',0,1,'1.400 ; 2.400 ; ',1,1,'2012-02-01','2012-05-29'),(175,'GIỜ BỔ TRỢ SẢN XUẤT ','B',1,'giờ',0,3,NULL,1,1,'2012-02-01','2012-03-18'),(177,'KHÔNG ĐỊNH KỲ ','II',1,'giờ',0,1,'1.500 ; 2.500 ; ',1,1,'2012-02-01','2012-05-29'),(181,'Thay sắt nối cột L100x100x10x7350 (phủ bì =1,2)','1.603',20,'thanh',1,0,'',1,1,'2012-02-01','2012-05-29'),(182,'Thay sắt nối cột L100x100x10x7950 (phủ bì =1,2)','1.604',20,'thanh',1,0,'',1,1,'2012-02-01','2012-05-29'),(183,'Thay sắt nối cột L100x100x10x8550 (phủ bì =1,2)','1.605',24,'thanh',1,0,'',1,1,'2012-02-01','2012-05-29'),(184,'Thay sắt nối cột L100x100x10x9150 (phủ bì =1,2)','1.606',24,'thanh',1,0,'',1,1,'2012-02-01','2012-05-29'),(185,'Thay sắt nối cột L100x100x10x9750 (phủ bì =1,2)','1.607',24,'thanh',1,0,'',1,1,'2012-02-01','2012-05-29'),(186,'Thay sứ A18','1.608',0.5,'qủa',1,0,'',1,1,'2012-02-01','2012-05-29'),(187,'Thay sứ ấm','1.609',0.5,'qủa',1,0,'',1,1,'2012-02-01','2012-05-29'),(188,'Thay tai dây co','1.610',1,'cái',1,0,'',1,1,'2012-02-01','2012-05-29'),(189,'Thay tấm đan bể cáp loại bể 2 đan','1.611',3,'cái',1,0,'',1,1,'2012-02-01','2012-05-29'),(190,'Thay tấm đan bể cáp loại bể 3 đan','1.612',36,'cái',3,0,'',1,1,'2012-02-01','2012-05-29'),(191,'Thay tăng đơ dây co','1.613',2,'cái',1,0,'',1,1,'2012-02-01','2012-05-29'),(192,'Thay thang cột thử dây','1.614',4,'cái',1,3,NULL,1,1,'2012-02-01','2012-05-04'),(193,'Thay thanh giằng cột H 75x75x8x1600','1.615',2,'thanh',1,3,NULL,1,1,'2012-02-01','2012-05-04'),(194,'Thay vít thử dây','1.616',2,'bộ',1,3,NULL,1,1,'2012-02-01','2012-05-04'),(195,'TRẠM-TỔNG ĐÀI','2.000',1,'hệ',1,3,NULL,1,1,'2012-02-01','2012-02-03'),(196,'Công tác trực giải quyết trở ngại','2.100',1,'hệ',1,2,NULL,1,1,'2012-02-01','2012-05-29'),(197,'Trực GQTN kiêm k.tra hệ p.thanh, TĐ âm tần ','2.101',1,'hệ',91,3,NULL,1,1,'2012-02-01','2012-02-03'),(198,'Trực GQTN kiêm kiểm tra thiết bị TT quang ga','2.102',2,'ga',91,3,NULL,1,1,'2012-02-01','2012-02-03'),(199,'Trực GQTN kiêm kiểm tra thiết bị TT quang trạm','2.103',2,'trạm',91,3,NULL,1,1,'2012-02-01','2012-02-03'),(200,'Trực GQTN kiêm kiểm tra thiết bị trạm TT ','2.104',24,'trạm',91,3,NULL,1,1,'2012-02-01','2012-02-03'),(201,'Trực GQTN kiêm kiểm tra thiết bị trạm TT Đồng Hới ','2.105',8,'trạm',91,3,NULL,1,1,'2012-02-01','2012-02-03'),(202,'Trực GQTN kiêm kiểm tra tổng đài kỹ thuật số (SEI) ','2.106',1,'đài',91,3,NULL,1,1,'2012-02-01','2012-02-03'),(203,'Trực, thử điện thoại truyền hình, hội nghị','2.107',8,'ca',91,3,NULL,1,1,'2012-02-01','2012-02-03'),(204,'Trực trạm trung tâm ','2.108',2,'trạm',91,3,NULL,1,1,'2012-02-01','2012-02-03'),(205,'Công tác kiểm tra','2.200',1,'hệ',1,2,NULL,1,1,'2012-02-01','2012-05-29'),(206,'Kiểm tra ngày bộ Giao tiếp các loại','2.201',0.17,'bộ',91,3,NULL,1,1,'2012-02-01','2012-02-03'),(207,'Kiểm tra ngày hệ thống phóng thanh ga ','2.202',0.5,'hệ',91,3,NULL,1,1,'2012-02-01','2012-02-03'),(208,'Kiểm tra ngày máy VTĐ ','2.203',0.25,'máy',91,3,NULL,1,1,'2012-02-01','2012-02-03'),(209,'Kiểm tra ngày máy FAX','2.204',0.17,'máy',91,3,NULL,1,1,'2012-02-01','2012-02-03'),(210,'Kiểm tra ngày máy tải ba 3 đường','2.205',0.5,'máy',91,3,NULL,1,1,'2012-02-01','2012-02-03'),(211,'Kiểm tra ngày máy tải ba 12 đường','2.206',1,'máy',91,3,NULL,1,1,'2012-02-01','2012-02-03'),(212,'Kiểm tra ngày máy tăng âm tải ba','2.207',0.5,'máy',91,3,NULL,1,1,'2012-02-01','2012-02-03'),(213,'Kiểm tra ngày thiết bị MP 2100','2.208',0.25,'máy',91,3,NULL,1,1,'2012-02-01','2012-02-03'),(214,'Kiểm tra ngày tổng đài điện tử số','2.209',0.5,'đài',91,3,NULL,1,1,'2012-02-01','2012-02-03'),(215,'Kiểm tra ngày tủ nguồn TT','2.210',0.25,'tủ',91,3,NULL,1,1,'2012-02-01','2012-02-03'),(216,'Kiểm tra ngày tổng đài âm tần','2.211',1,'đài',91,3,NULL,1,1,'2012-02-01','2012-02-03'),(217,'Kiểm tra ngày đài Tập trung trong ga','2.212',0.5,'đài',91,3,NULL,1,1,'2012-02-01','2012-02-03'),(218,'Kiểm tra ngày máy điện thoại chạy tàu các loại','2.213',0.17,'máy',91,3,NULL,1,1,'2012-02-01','2012-02-03'),(219,'Kiểm tra ngày phân cơ âm tần chạy tầu','2.214',0.25,'bộ',91,3,NULL,1,1,'2012-02-01','2012-02-03'),(220,'Kiểm tra ngày phân cơ âm tần hành chính','2.215',0.17,'bộ',91,3,NULL,1,1,'2012-02-01','2012-02-03'),(221,'Kiểm tra ngày thiết bị thông tin quang (ga)','2.216',0.5,'hệ',91,3,NULL,1,1,'2012-02-01','2012-02-03'),(222,'Kiểm tra ngày thiết bị thông tin quang (trạm)','2.217',0.75,'hệ',91,3,NULL,1,1,'2012-02-01','2012-02-03'),(223,'Kiểm tra ngày tổng đài SEI','2.218',0.5,'đài',91,3,NULL,1,1,'2012-02-01','2012-02-03'),(224,'Công tác duy tu tháng','2.300',1,'hệ',0,2,NULL,1,1,'2012-02-01','2012-05-29'),(225,'CÔNG TÁC THÁNG','2.A',1,'giờ',0,1,'2.100 ; 2.200 ; 2.300 ; ',1,1,'2012-02-01','2012-05-29'),(226,'CÔNG TÁC NĂM','2.B',1,'giờ',0,1,'2.400 ; 2.500 ; ',1,1,'2012-02-01','2012-05-29'),(227,'Duy tu quý Biến áp các loại','2.301',0.5,'cái',1,3,NULL,1,1,'2012-02-01','2012-02-03'),(228,'Duy tu quý Cầu đo điện','2.302',0.5,'bộ',1,3,NULL,1,1,'2012-02-01','2012-02-03'),(229,'Duy tu quý Hệ ADSL','2.303',0.25,'hệ',1,3,NULL,1,1,'2012-02-01','2012-02-03'),(230,'Duy tu quý Hệ thống chống sét lầu thông tin','2.305',2,'hệ',1,3,NULL,1,1,'2012-02-01','2012-02-03'),(231,'Trực trạm ĐTĐB','2.110',1,'trạm',1,3,NULL,1,1,'2012-02-01','2012-02-03'),(232,'Trực GQTN kiêm kiểm tra TĐ điện tử số','2.109',1,'đài',91,3,NULL,1,1,'2012-02-01','2012-02-03'),(233,'Duy tu quý Hệ thống điện thoại truyền hình','2.306',1,'hệ',1,3,NULL,1,1,'2012-02-01','2012-02-03'),(234,'Duy tu quý Hệ thống máng cáp thông tin','2.307',2,'hệ',1,3,NULL,1,1,'2012-02-01','2012-02-03'),(235,'Duy tu quý Hộp cáp TT ','2.308',1,'hộp',1,3,NULL,1,1,'2012-02-01','2012-02-03'),(236,'Duy tu quý Quạt thông gió','2.309',0.5,'cái',1,3,NULL,1,1,'2012-02-01','2012-02-03'),(237,'Duy tu quý Thiết bị chống sét điện lưới SRF','2.310',0.25,'bộ',1,3,NULL,1,1,'2012-02-01','2012-02-03'),(238,'Duy tu tháng bể + ắc quy','2.311',1,'bể',3,3,NULL,1,1,'2012-02-01','2012-02-03'),(239,'Duy tu tháng Bộ nguồn các loại','2.312',1,'bộ',3,3,NULL,1,1,'2012-02-01','2012-02-03'),(240,'Duy tu tháng bộ giao tiếp các loại','2.313',0.25,'bộ',3,3,NULL,1,1,'2012-02-01','2012-02-03'),(241,'Duy tu tháng Bộ lọc, bộ thu lôi đường dài','2.314',0.25,'bộ',3,3,NULL,1,1,'2012-02-01','2012-02-03'),(242,'Duy tu tháng Bộ lưu điện','2.315',0.5,'bộ',3,3,NULL,1,1,'2012-02-01','2012-02-03'),(243,'Duy tu tháng Bộ rung các loại','2.316',0.5,'bộ',3,3,NULL,1,1,'2012-02-01','2012-02-03'),(244,'Duy tu tháng Bộ tiêu hao R-C','2.317',0.25,'bộ',3,3,NULL,1,1,'2012-02-01','2012-02-03'),(245,'Duy tu tháng Đài tập trung trong ga','2.318',0.75,'đài',3,3,NULL,1,1,'2012-02-01','2012-02-03'),(246,'Duy tu tháng Giá đo thử đường dài','2.319',1,'giá',3,3,NULL,1,1,'2012-02-01','2012-02-03'),(247,'Duy tu tháng Giá MDF, ODF, DDF','2.320',0.5,'giá',3,3,NULL,1,1,'2012-02-01','2012-02-03'),(248,'Duy tu tháng Hệ phóng thanh','2.321',3,'hệ',3,3,NULL,1,1,'2012-02-01','2012-02-03'),(249,'Duy tu tháng Hệ thống bán vé tự động','2.322',0.25,'hệ',3,3,NULL,1,1,'2012-02-01','2012-02-03'),(250,'Duy tu tháng Máy điện thoại nam châm','2.323',0.25,'máy',3,3,NULL,1,1,'2012-02-01','2012-02-03'),(251,'Duy tu tháng Máy điều độ nhánh ','2.324',0.5,'bộ',3,3,NULL,1,1,'2012-02-01','2012-02-03'),(252,'Duy tu tháng Máy đo ET 70 (cả thu và phát)','2.325',0.25,'bộ',3,3,NULL,1,1,'2012-02-01','2012-02-03'),(253,'Duy tu tháng Máy đo phân cơ, máy đo các loại','2.326',0.25,'máy',3,3,NULL,1,1,'2012-02-01','2012-02-03'),(254,'Duy tu tháng Máy đo thông số bậc hai','2.327',0.25,'máy',3,3,NULL,1,1,'2012-02-01','2012-02-03'),(255,'Duy tu tháng Máy FAX','2.328',0.25,'máy',3,3,NULL,1,1,'2012-02-01','2012-02-03'),(256,'Duy tu tháng Máy hiện sóng','2.329',0.5,'máy',3,3,NULL,1,1,'2012-02-01','2012-02-03'),(257,'Duy tu tháng Máy hút bụi','2.330',0.25,'máy',3,3,NULL,1,1,'2012-02-01','2012-02-03'),(258,'Duy tu tháng Máy phân đường YDHF-1','2.331',1,'máy',3,3,NULL,1,1,'2012-02-01','2012-02-03'),(259,'Duy tu tháng Máy tải ba VBO-3','2.332',4,'máy',3,3,NULL,1,1,'2012-02-02','2012-02-03'),(260,'Duy tu tháng Máy tải ba VBO-12','2.333',8,'máy',3,3,NULL,1,1,'2012-02-03','2012-02-03'),(261,'Duy tu tháng Máy tăng âm tải 3','2.334',3,'máy',3,3,NULL,1,1,'2012-02-03','2012-02-03'),(262,'Duy tu tháng Máy tính cước','2.335',0.25,'máy',3,3,NULL,1,1,'2012-02-03','2012-02-03'),(263,'Duy tu tháng Máy tính quản lý','2.336',0.25,'máy',3,3,NULL,1,1,'2012-02-03','2012-02-03'),(264,'Duy tu tháng Máy vô tuyến điện ','2.337',1,'hệ',3,3,NULL,1,1,'2012-02-03','2012-02-03'),(265,'Duy tu tháng Modem các loại (của SDH và ADSL)','2.338',0.17,'cái',3,3,NULL,1,1,'2012-02-03','2012-02-03'),(266,'Duy tu tháng Ổn áp 1  pha các loại','2.339',1,'cái',3,3,NULL,1,1,'2012-02-03','2012-02-03'),(267,'Duy tu tháng Ổn áp 3 pha các loại','2.340',1.5,'cái',3,3,NULL,1,1,'2012-02-03','2012-02-03'),(268,'Duy tu tháng Phân cơ điện thoại âm tần các loại','2.341',0.5,'bộ',3,3,NULL,1,1,'2012-02-03','2012-02-03'),(269,'Duy tu tháng Phân cơ điện thoại hội nghị+loa+Mcrô','2.342',0.5,'hệ',3,3,NULL,1,1,'2012-02-03','2012-02-03'),(270,'Duy tu tháng Tăng âm 2 chiều SZ-1','2.343',1,'máy',3,3,NULL,1,1,'2012-02-03','2012-02-03'),(271,'Duy tu tháng Thiết bị chuyển tiếp DYF-1','2.344',0.5,'máy',3,3,NULL,1,1,'2012-02-03','2012-02-03'),(272,'Duy tu tháng Thiết bị kết nối chéo','2.345',3,'ht',3,3,NULL,1,1,'2012-02-03','2012-02-03'),(273,'Duy tu tháng thiết bị MP 2100','2.346',0.5,'máy',3,3,NULL,1,1,'2012-02-03','2012-02-03'),(274,'Duy tu tháng Thiết bị mux','2.347',1,'tb',3,3,NULL,1,1,'2012-02-03','2012-02-03'),(275,'Duy tu tháng Thiết bị SDH ','2.348',3,'tb',3,3,NULL,1,1,'2012-02-03','2012-02-03'),(276,'Duy tu tháng thiết bị t.dẫn quang: AN-FM-120-ETH','2.349',0.5,'máy',3,3,NULL,1,1,'2012-02-03','2012-02-03'),(277,'Duy tu tháng Tổng đài điện tử số (kể cả bàn PO)','2.350',4,'đài',3,3,NULL,1,1,'2012-02-03','2012-02-03'),(278,'Duy tu tháng Tổng đài điều độ, dưỡng lộ','2.351',2,'đài',3,3,NULL,1,1,'2012-02-03','2012-02-03'),(279,'Duy tu tháng Tổng đài kỹ thuật số SEI ','2.352',0.75,'đài',3,3,NULL,1,1,'2012-02-03','2012-02-03'),(280,'Duy tu tháng Tủ nguồn AC/DC cả ắc quy (SDH và TĐĐT)','2.353',1,'tủ',3,3,NULL,1,1,'2012-02-03','2012-02-03'),(281,'Điều tra lập kế hoạch quý trạm TT','2.354',24,'trạm',1,3,NULL,1,1,'2012-02-03','2012-02-03'),(282,'Đo kênh tải ba','2.355',8,'máy',1,3,NULL,1,1,'2012-02-03','2012-02-03'),(283,'Đo tiêu chuẩn điện khí 1 chiều đường dây cáp quang','2.356',10,'điểm',0,3,NULL,1,1,'2012-02-03','2012-02-03'),(284,'Đo tiêu chuẩn điện khí 1 chiều đường dây trần','2.357',10,'điểm',1,3,NULL,1,1,'2012-02-03','2012-02-03'),(285,'Bảo quản Tbị TT dự phòng tại trạm','2.358',0.25,'t.bộ',91,3,NULL,1,1,'2012-02-03','2012-02-03'),(286,'Phối hợp Quân đội đo cáp đồng luồng E1','2.359',10,'lần',3,3,NULL,1,1,'2012-02-03','2012-02-03'),(287,'Công tác duy tu năm định kỳ','2.400',1,'hệ',0,2,NULL,1,1,'2012-02-03','2012-05-29'),(288,'Duy tu năm Biến áp các loại','2.401',1,'cái',1,3,NULL,1,1,'2012-02-03','2012-02-03'),(289,'Duy tu năm Bộ nguồn các loại','2.402',1.5,'bộ',1,3,NULL,1,1,'2012-02-03','2012-02-03'),(290,'Duy tu năm bộ giao tiếp các loại','2.403',0.5,'bộ',1,3,NULL,1,1,'2012-02-03','2012-02-03'),(291,'Duy tu năm Bộ lọc, bộ thu lôi đường dài...','2.404',0.5,'bộ',1,3,NULL,1,1,'2012-02-03','2012-02-03'),(292,'Duy tu năm Bộ lưu điện','2.405',1,'bộ',1,3,NULL,1,1,'2012-02-03','2012-02-03'),(293,'Duy tu năm Bộ rung các loại ','2.406',1,'bộ',1,3,NULL,1,1,'2012-02-03','2012-02-03'),(294,'Duy tu năm Bộ tiêu hao R-C','2.407',0.5,'bộ',1,3,NULL,1,1,'2012-02-03','2012-02-03'),(295,'Duy tu năm Cầu đo điện','2.408',1,'bộ',1,3,NULL,1,1,'2012-02-03','2012-02-03'),(296,'Duy tu năm Đài tập trung trong ga','2.409',2,'đài',1,3,NULL,1,1,'2012-02-03','2012-02-03'),(297,'Duy tu năm Giá đo thử đường dài','2.410',2,'giá',1,3,NULL,1,1,'2012-02-03','2012-02-03'),(298,'Duy tu năm Giá MDF, ODF, DDF','2.411',1,'giá',1,3,NULL,1,1,'2012-02-03','2012-02-03'),(299,'Duy tu năm Hệ ADSL','2.412',0.5,'hệ',1,3,NULL,1,1,'2012-02-03','2012-02-03'),(300,'Duy tu năm Hệ ăng ten','2.413',3,'hệ',1,3,NULL,1,1,'2012-02-03','2012-02-03'),(301,'Duy tu năm Hệ phóng thanh','2.414',3,'hệ',1,3,NULL,1,1,'2012-02-03','2012-02-03'),(302,'Duy tu năm Hệ thống bán vé tự động','2.415',0.5,'hệ',1,3,NULL,1,1,'2012-02-03','2012-02-03'),(303,'Duy tu năm Hệ thống chống sét lầu thông tin','2.416',3,'hệ',1,3,NULL,1,1,'2012-02-03','2012-02-03'),(304,'Duy tu năm Hệ thống điện thoại truyền hình','2.417',1.5,'hệ',1,3,NULL,1,1,'2012-02-03','2012-02-03'),(305,'Duy tu năm Hệ thống máng cáp thông tin','2.418',3,'hệ',1,3,NULL,1,1,'2012-02-03','2012-02-03'),(306,'Duy tu năm Hệ thống tiếp đất','2.419',2,'hệ',1,3,NULL,1,1,'2012-02-03','2012-02-03'),(307,'Duy tu năm Hộp cáp TT','2.420',1.5,'hộp',1,3,NULL,1,1,'2012-02-03','2012-02-03'),(308,'Duy tu năm Máy điện thoại  nam châm','2.421',0.5,'máy',1,3,NULL,1,1,'2012-02-03','2012-02-03'),(309,'Duy tu năm Máy điện thoại  tự động, cộng điện','2.422',0.33,'máy',1,3,NULL,1,1,'2012-02-03','2012-02-03'),(310,'Duy tu năm Máy điều độ nhánh ','2.423',1,'bộ',1,3,NULL,1,1,'2012-02-03','2012-02-03'),(311,'Duy tu năm Máy điều hòa nhiệt độ ','2.424',4,'máy',1,3,NULL,1,1,'2012-02-03','2012-02-03'),(312,'Duy tu năm Máy đo ET 70 (cả thu và phát)','2.425',0.5,'bộ',1,3,NULL,1,1,'2012-02-03','2012-02-03'),(313,'Duy tu năm Máy đo phân cơ, máy đo các loại','2.426',0.5,'máy',1,3,NULL,1,1,'2012-02-03','2012-02-03'),(314,'Duy tu năm Máy đo thông số bậc hai','2.427',0.5,'máy',1,3,NULL,1,1,'2012-02-03','2012-02-03'),(315,'Duy tu năm Máy FAX','2.428',0.5,'máy',1,3,NULL,1,1,'2012-02-03','2012-02-03'),(316,'Duy tu năm Máy hiện sóng','2.429',1,'máy',1,3,NULL,1,1,'2012-02-03','2012-02-03'),(317,'Duy tu năm Máy hút bụi','2.430',0.5,'máy',1,3,NULL,1,1,'2012-02-03','2012-02-03'),(318,'Duy tu năm Máy phân đường YDHF-1','2.431',1.5,'máy',1,3,NULL,1,1,'2012-02-03','2012-02-03'),(319,'Duy tu năm Máy tải ba VBO 3','2.432',16,'máy',1,3,NULL,1,1,'2012-02-03','2012-02-03'),(320,'Duy tu năm Máy tải ba VBO-12','2.433',32,'máy',1,3,NULL,1,1,'2012-02-03','2012-02-03'),(321,'Duy tu năm Máy tăng âm tải 3','2.434',16,'máy',1,3,NULL,1,1,'2012-02-03','2012-02-03'),(322,'Duy tu năm Máy tính cước','2.435',0.5,'máy',1,3,NULL,1,1,'2012-02-03','2012-02-03'),(323,'Duy tu năm Máy tính quản lý','2.436',0.5,'máy',1,3,NULL,1,1,'2012-02-03','2012-02-03'),(324,'Duy tu năm Máy vô tuyến điện ','2.437',2,'máy',1,3,NULL,1,1,'2012-02-03','2012-02-03'),(325,'Duy tu năm Modem các loại (của SDH và ADSL)','2.438',0.5,'cái',1,3,NULL,1,1,'2012-02-03','2012-02-03'),(326,'Duy tu năm Ổn áp 1 pha các loại','2.439',1.5,'cái',1,3,NULL,1,1,'2012-02-03','2012-02-03'),(327,'Duy tu năm Ổn áp 3 pha các loại','2.440',2,'cái',1,3,NULL,1,1,'2012-02-03','2012-02-03'),(328,'Duy tu năm Phân cơ điện thoại âm tần các loại','2.441',1,'bộ',1,3,NULL,1,1,'2012-02-03','2012-02-03'),(329,'Duy tu năm Phân cơ điện thoại hội nghị+loa+Mcrô','2.442',1,'hệ',1,3,NULL,1,1,'2012-02-03','2012-02-03'),(330,'Duy tu năm Quạt thông gió','2.443',1,'cái',1,3,NULL,1,1,'2012-02-03','2012-02-03'),(331,'Duy tu năm Tăng âm 2 chiều SZ-1','2.444',1.5,'máy',1,3,NULL,1,1,'2012-02-03','2012-02-03'),(332,'Duy tu năm Thiết bị chống sét điện lưới SRF','2.445',0.5,'bộ',1,3,NULL,1,1,'2012-02-03','2012-02-03'),(333,'Duy tu năm Thiết bị chống sét đường truyền tín hiệu','2.446',0.5,'cái',1,3,NULL,1,1,'2012-02-03','2012-02-03'),(334,'Duy tu năm Thiết bị chuyển tiếp DYF-1','2.447',1,'máy',1,3,NULL,1,1,'2012-02-03','2012-02-03'),(335,'Duy tu năm Thiết bị kết nối chéo','2.448',8,'ht',1,3,NULL,1,1,'2012-02-03','2012-02-03'),(336,'Duy tu năm thiết bị MP 2100','2.449',1,'máy',1,3,NULL,1,1,'2012-02-03','2012-02-03'),(337,'Duy tu năm Thiết bị mux','2.450',4,'tb',1,3,NULL,1,1,'2012-02-03','2012-02-03'),(338,'Duy tu năm Thiết bị SDH ','2.451',8,'tb',1,3,NULL,1,1,'2012-02-03','2012-02-03'),(339,'Duy tu tháng thiết bị truyền dẫn quang: AN-FM-120-ETH','2.452',1,'máy',1,3,NULL,1,1,'2012-02-03','2012-02-03'),(340,'Duy tu năm Tổng đài điện tử số (kể cả bàn PO)','2.453',16,'đài',1,3,NULL,1,1,'2012-02-03','2012-02-03'),(341,'Duy tu năm Tổng đài điều độ, dưỡng lộ','2.454',8,'đài',1,3,NULL,1,1,'2012-02-03','2012-02-03'),(342,'Duy tu năm Tổng đài kỹ thuật số SEI ','2.455',2,'đài',1,3,NULL,1,1,'2012-02-03','2012-02-03'),(343,'Duy tu năm Tủ nguồn AC/DC cả ắc quy (SDH và TĐĐT)','2.456',2,'tủ',1,3,NULL,1,1,'2012-02-03','2012-02-03'),(344,'Công tác duy tu năm không định kỳ','2.500',1,'hệ',0,2,NULL,1,1,'2012-02-03','2012-05-29'),(345,'Di chuyển máy điện thoại','2.501',1,'cái',1,0,'',1,1,'2012-02-03','2012-05-04'),(346,'Làm + Thay dây đất','2.502',4,'sợi',1,0,'',1,1,'2012-02-03','2012-05-04'),(347,'Lắp đặt hệ dây đất các loại','2.503',12,'hệ',1,0,'',1,1,'2012-02-03','2012-05-04'),(348,'Lắp đặt mới máy điện thoại tự động','2.504',2,'cái',1,0,'',1,1,'2012-02-03','2012-05-04'),(349,'Sửa chữa bộ nguồn SDH-1600','2.505',8,'bộ',1,0,'',1,1,'2012-02-03','2012-05-04'),(350,'Sửa chữa bộ nguồn TĐĐT','2.506',8,'bộ',1,0,'',1,1,'2012-02-03','2012-05-04'),(351,'Sửa chữa Card các loại','2.507',16,'card',1,0,'',1,1,'2012-02-03','2012-05-04'),(353,'Sửa chữa hệ dây đất công tác','2.510',4,'hệ',1,0,'',1,1,'2012-02-03','2012-05-04'),(354,'Sửa chữa máy điện thoại các loại','2.511',8,'cái',1,0,'',1,1,'2012-02-03','2012-05-04'),(355,'Sửa chữa phân cơ âm tần','2.512',8,'bộ',1,0,'',1,1,'2012-02-03','2012-05-04'),(356,'\"Tăng cường giờ kiểm tra An toàn c/tàu Tết ','2.513',4,'ga',1,0,'',1,1,'2012-02-03','2012-05-04'),(357,'Thay bảng nhựa 150x200mm','2.514',0.5,'cái',1,0,'',1,1,'2012-02-03','2012-05-04'),(358,'Thay phân cơ điện thoại âm tần','2.515',1,'bộ',1,0,'',1,1,'2012-02-03','2012-05-04'),(359,'Thay máy điều hòa nhiệt độ','2.516',8,'cái',1,0,'',1,1,'2012-02-03','2012-05-04'),(360,'Thay bảng gỗ lắp phân cơ 400x600mm','2.517',1,'cái',1,0,'',1,1,'2012-02-03','2012-05-04'),(361,'Thay cụm lá mía máy phát điện','2.518',1,'cái',1,0,'',1,1,'2012-02-03','2012-05-04'),(362,'Thay bộ bảo an đế sứ PL350','2.519',0.5,'bộ',1,0,'',1,1,'2012-02-03','2012-05-04'),(363,'Thay cuộn cảm ứng','2.520',1,'cái',1,0,'',1,1,'2012-02-03','2012-05-04'),(364,'Thay khung phân cơ ','2.521',1.5,'cái',1,0,'',1,1,'2012-02-03','2012-05-04'),(365,'Thay cuộn dây chuông máy điện thoại','2.522',1,'cái',1,0,'',1,1,'2012-02-03','2012-05-04'),(366,'Thay dây cooc đông máy ĐTNC','2.523',0.1,'cái',1,0,'',1,1,'2012-02-03','2012-05-04'),(367,'Thay dây cooc đông máy ĐTTĐ','2.524',0.1,'cái',1,0,'',1,1,'2012-02-03','2012-05-04'),(368,'Thay dây link máy điện thoại','2.525',0.1,'cái',1,0,'',1,1,'2012-02-03','2012-05-04'),(369,'Thay dây tổ hợp bàn PO, máy ĐT','2.526',0.1,'cái',1,0,'',1,1,'2012-02-03','2012-05-04'),(370,'Thay hộp đựng pin loại 2 viên','2.527',0.5,'cái',1,0,'',1,1,'2012-02-03','2012-05-04'),(371,'TÍN HIỆU RA, VÀO GA VÀ ĐƯỜNG NGANG','3.000',1,'hệ',0,3,NULL,1,1,'2012-02-06','2012-02-06'),(372,'Công tác thường trực','3.100',1,'giờ',0,2,NULL,1,1,'2012-02-06','2012-05-29'),(373,'Trực, GQTN kiêm kiểm tra thiết bị ga THĐM ≤ 3 đường ','3.101',6,'ga',91,3,NULL,1,1,'2012-02-06','2012-02-06'),(374,'Trực, GQTN kiêm kiểm tra thiết bị ga THĐM > 3 đường ','3.102',10,'ga',91,3,NULL,1,1,'2012-02-06','2012-02-06'),(375,'Trực GQTN kiêm kiểm tra thiết bị ga tín hiệu ĐKTT ≤ 3 đường','3.103',14,'ga',91,3,NULL,1,1,'2012-02-06','2012-02-06'),(376,'Trực GQTN kiêm kiểm tra thiết bị ga tín hiệu ĐKTT > 3 đường','3.104',22,'ga',91,3,NULL,1,1,'2012-02-06','2012-02-06'),(377,'Công tác kiểm tra','3.200',0,'hệ',0,2,NULL,1,1,'2012-02-20','2012-05-29'),(378,'Kiểm tra ngày cột tín hiệu cầu chung','3.201',0.583,'cột',91,3,NULL,1,1,'2012-02-28','2012-02-28'),(379,'Kiểm tra ngày cột tín hiệu đường ngang cự ly < 3km','3.202',0.583,'cột',91,3,NULL,1,1,'2012-02-28','2012-02-28'),(380,'Kiểm tra ngày cột tín hiệu đường ngang cự ly 3km - ≤ 7km','3.203',0.583,'cột',91,3,NULL,1,1,'2012-02-28','2012-02-28'),(381,'Kiểm tra ngày cột tín hiệu đường ngang cự ly > 7km','3.204',0.583,'cột',91,3,NULL,1,1,'2012-02-28','2012-02-28'),(382,'Kiểm tra ngày cột tín hiệu vào ga','3.205',0.25,'cột',91,3,NULL,1,1,'2012-02-28','2012-02-28'),(383,'Kiểm tra tầm nhìn tín hiệu','3.206',0.33,'cột',6,3,NULL,1,1,'2012-02-28','2012-02-28'),(384,'Kiểm tra ngày cột tín hiệu đèn mầu báo trước ','3.207',0.25,'cột',91,3,NULL,1,1,'2012-02-28','2012-02-28'),(385,'Kiểm tra ngày cột tín hiệu đèn mầu chặn đường','3.208',0.33,'cột',91,3,NULL,1,1,'2012-02-28','2012-02-28'),(386,'Kiểm tra ngày cột tín hiệu ra ga cao','3.209',0.25,'cột',91,3,NULL,1,1,'2012-02-28','2012-02-28'),(387,'Kiểm tra ngày cột tín hiệu ra ga thấp','3.210',0.167,'cột',91,3,NULL,1,1,'2012-02-28','2012-02-28'),(388,'Kiểm tra ngày Cột tín hiệu phòng vệ ','3.211',0.25,'cột',91,3,NULL,1,1,'2012-02-28','2012-02-28'),(389,'Kiểm tra ngày Cột thao tác tài xế','3.212',0.25,'cột',91,3,NULL,1,1,'2012-02-28','2012-02-28'),(390,'Kiểm tra ngày Hệ tín hiệu cơ khí 3 cánh (cột bê tông)','3.213',0.217,'hệ',91,3,NULL,1,1,'2012-02-28','2012-02-28'),(391,'Kiểm tra ngày Hệ tín hiệu cơ khí 2 cánh (cột sắt)','3.214',0.33,'hệ',91,3,NULL,1,1,'2012-02-28','2012-02-28'),(841,'Công tác tháng','7.A',0,'hệ',0,1,'7.100 ; 7.200 ; 7.300  ; ',1,1,'2012-05-29','2012-05-29'),(393,'TỔNG GIỜ TRỰC TIẾP ','C',0,'giờ',0,1,'C.1 ; C.2 ; ',1,1,'2012-03-18','2012-05-29'),(392,'ĐỘT XUẤT ','III',0,'giờ',0,3,NULL,1,1,'2012-03-18','2012-03-18'),(396,'Thay xà bê tông 2,5m','1.617',8,'cái',1,3,NULL,1,1,'2012-05-04','2012-05-04'),(394,'TỔNG CÔNG TÁC THÁNG ','C.1',0,'giờ',0,1,'1.A ; 2.A ; ',1,1,'2012-03-18','2012-05-29'),(395,'TỔNG CÔNG TÁC NĂM  ','C.2',0,'giờ',0,1,'I ; II ; III ; ',1,1,'2012-03-18','2012-05-29'),(397,'Thay xà gỗ 1,1m','1.618',4,'cái',1,3,NULL,1,1,'2012-05-04','2012-05-04'),(398,'Thay xà gỗ 2,5m','1.619',8,'cái',1,3,NULL,1,1,'2012-05-04','2012-05-04'),(399,'Thay xà sắt 2,5m','1.620',8,'cái',1,3,NULL,1,1,'2012-05-04','2012-05-04'),(400,'Thu hồi cột bê tông','1.621',24,'cột',1,3,NULL,1,1,'2012-05-04','2012-05-04'),(401,'Tổ cáp quang','1.622',1,'tổ',1,3,NULL,1,1,'2012-05-04','2012-05-04'),(402,'Xây bể cáp quang loại 2 đan','1.623',94,'bể',1,3,NULL,1,1,'2012-05-04','2012-05-04'),(403,'Xây bể cáp quang loại 3 đan','1.624',108,'bể',1,3,NULL,1,1,'2012-05-04','2012-05-04'),(404,'Xây kè cột bị xói lỡ bằng đá hộc','1.625',32,'m3',1,3,NULL,1,1,'2012-05-04','2012-05-04'),(405,'Xây ụ chân dây co bằng đá hộc','1.626',16,'ụ',1,3,NULL,1,1,'2012-05-04','2012-05-04'),(406,'Xây ụ quầy cột đơn bằng đá hộc','1.627',20,'ụ',1,3,NULL,1,1,'2012-05-04','2012-05-04'),(407,'Xây ụ quầy cột H bằng đá hộc','1.628',24,'ụ',1,3,NULL,1,1,'2012-05-04','2012-05-04'),(408,'Thay hộp đựng pin loại 4 viên','2.528',0.5,'cái',1,3,NULL,1,1,'2012-05-04','2012-05-04'),(409,'Thay hộp đấu dây máy điện thoại','2.529',0.5,'cái',1,3,NULL,1,1,'2012-05-04','2012-05-04'),(410,'Thay máy điện thoại đi đường','2.530',0.5,'cái',1,3,NULL,1,1,'2012-05-04','2012-05-04'),(411,'Thay máy điện thoại dưỡng lộ','2.531',0.5,'cái',1,3,NULL,1,1,'2012-05-04','2012-05-04'),(412,'Thay máy điện thoại nam châm','2.532',0.5,'cái',1,3,NULL,1,1,'2012-05-04','2012-05-04'),(413,'Thay máy điện thoại tự động','2.533',0.5,'cái',1,3,NULL,1,1,'2012-05-04','2012-05-04'),(414,'Thay nẹp nhựa loại 20mm','2.534',0.2,'m',1,3,NULL,1,1,'2012-05-04','2012-05-04'),(415,'Thay nẹp nhựa loại 40mm','2.535',0.2,'m',1,3,NULL,1,1,'2012-05-04','2012-05-04'),(489,'Công tác duy tu năm không định kỳ','3.500',0,'hệ',1,2,NULL,1,1,'2012-05-04','2012-05-29'),(417,'Kiểm tra ngày Hệ tín hiệu cơ khí 1 cánh (cột sắt)','3.215',0.417,'hệ',90,3,NULL,1,1,'2012-05-04','2012-05-04'),(418,'Công tác duy tu tháng','3.300',0,'hệ',0,2,NULL,1,1,'2012-05-04','2012-05-29'),(419,'Duy tu tháng Cột tín hiệu đèn mầu báo trước ','3.301',0.67,'cột',3,3,NULL,1,1,'2012-05-04','2012-05-04'),(420,'Duy tu tháng Cột tín hiệu đèn mầu chặn đường','3.302',0.67,'cột',3,3,NULL,1,1,'2012-05-04','2012-05-04'),(421,'Duy tu tháng Cột tín hiệu đèn mầu dồn, ngăn dồn ','3.303',0.67,'cột',3,3,NULL,1,1,'2012-05-04','2012-05-04'),(422,'Duy tu tháng Cột tín hiệu đèn mầu lặp lại','3.304',0.67,'cột',3,3,NULL,1,1,'2012-05-04','2012-05-04'),(423,'Duy tu tháng Cột tín hiệu đèn mầu ra ga cao','3.305',0.67,'cột',3,3,NULL,1,1,'2012-05-04','2012-05-04'),(424,'Duy tu tháng Cột tín hiệu đèn màu ra ga kiêm dồn cao','3.306',0.67,'cột',3,3,NULL,1,1,'2012-05-04','2012-05-04'),(425,'Duy tu tháng Cột tín hiệu đèn màu ra ga kiêm dồn thấp','3.307',0.5,'cột',3,3,NULL,1,1,'2012-05-04','2012-05-04'),(426,'Duy tu tháng Cột tín hiệu đèn mầu ra ga thấp','3.308',0.5,'cột',3,3,NULL,1,1,'2012-05-04','2012-05-04'),(427,'Duy tu tháng Cột tín hiệu đèn mầu vào ga','3.309',1.33,'cột',3,3,NULL,1,1,'2012-05-04','2012-05-04'),(428,'Duy tu tháng Cột tín hiệu đường ngang ','3.310',1,'cột',3,3,NULL,1,1,'2012-05-04','2012-05-04'),(429,'Duy tu tháng Cột tín hiệu phòng vệ ','3.311',0.67,'cột',3,3,NULL,1,1,'2012-05-04','2012-05-04'),(430,'Duy tu tháng Cột thao tác tài xế','3.312',0.67,'cột',3,3,NULL,1,1,'2012-05-04','2012-05-04'),(431,'Duy tu tháng Hệ tín hiệu cơ khí 3 cánh (cột bê tông)','3.313',2,'hệ',3,3,NULL,1,1,'2012-05-04','2012-05-04'),(432,'Duy tu tháng Hệ tín hiệu cơ khí 2 cánh (cột sắt)','3.314',2,'hệ',3,3,NULL,1,1,'2012-05-04','2012-05-04'),(433,'Duy tu tháng Hệ tín hiệu cơ khí 1 cánh (cột sắt)','3.315',1.5,'hệ',3,3,NULL,1,1,'2012-05-04','2012-05-04'),(434,'Công tác năm ','3.B',0,'hệ',0,1,'3.400 ; 3.500 ; ',1,1,'2012-05-04','2012-05-29'),(435,'Công tác duy tu năm định kỳ','3.400',0,'hệ',0,2,NULL,1,1,'2012-05-04','2012-05-29'),(436,'Duy tu năm cột tín hiệu đèn mầu báo trước ','3.401',11,'cột',1,3,NULL,1,1,'2012-05-04','2012-05-04'),(437,'Duy tu năm cột tín hiệu đèn mầu chặn đường','3.402',11,'cột',1,3,NULL,1,1,'2012-05-04','2012-05-04'),(438,'Duy tu năm cột tín hiệu đèn mầu dồn, ngăn dồn ','3.403',11,'cột',1,3,NULL,1,1,'2012-05-04','2012-05-04'),(439,'Duy tu năm cột tín hiệu đèn mầu lặp lại','3.404',11,'cột',1,3,NULL,1,1,'2012-05-04','2012-05-04'),(440,'Duy tu năm cột tín hiệu đèn mầu ra ga cao','3.405',6,'cột',1,3,NULL,1,1,'2012-05-04','2012-05-04'),(441,'Duy tu năm cột tín hiệu đèn màu ra ga kiêm dồn cao','3.406',6,'cột',1,3,NULL,1,1,'2012-05-04','2012-05-04'),(442,'Duy tu năm cột tín hiệu đèn màu ra ga kiêm dồn thấp','3.407',2,'cột',1,3,NULL,1,1,'2012-05-04','2012-05-04'),(443,'Duy tu năm cột tín hiệu đèn mầu ra ga thấp','3.408',2,'cột',1,3,NULL,1,1,'2012-05-04','2012-05-04'),(444,'Duy tu năm cột tín hiệu đèn mầu vào ga','3.409',17.5,'cột',1,3,NULL,1,1,'2012-05-04','2012-05-04'),(445,'Duy tu năm cột tín hiệu đường ngang ','3.410',9.33,'cột',1,3,NULL,1,1,'2012-05-04','2012-05-04'),(446,'Duy tu năm cột tín hiệu phòng vệ ','3.411',9.33,'cột',1,3,NULL,1,1,'2012-05-04','2012-05-04'),(447,'Duy tu năm cột thao tác tài xế','3.412',6,'cột',1,3,NULL,1,1,'2012-05-04','2012-05-04'),(448,'Duy tu năm hệ tín hiệu cơ khí 1 cánh (cột sắt)','3.413',11,'hệ',1,3,NULL,1,1,'2012-05-04','2012-05-04'),(449,'Duy tu năm hệ tín hiệu cơ khí 2 cánh (cột sắt)','3.414',16,'hệ',1,3,NULL,1,1,'2012-05-04','2012-05-04'),(450,'Duy tu năm hệ tín hiệu cơ khí 3 cánh (cột bê tông)','3.415',18,'hệ',1,3,NULL,1,1,'2012-05-04','2012-05-04'),(451,'Quét vôi thân cột tín hiệu bê tông ','3.416',6,'cột',1,3,NULL,1,1,'2012-05-04','2012-05-04'),(452,'Quét vôi phụ kiện bê tông trong ga ≤ 3 đường','3.417',6,'ga',1,3,NULL,1,1,'2012-05-04','2012-05-04'),(453,'Quét vôi phụ kiện bê tông trong ga > 3 đường','3.418',8,'ga',1,3,NULL,1,1,'2012-05-04','2012-05-04'),(454,'Sơn cạo cột tín hiệu cơ khí 1 cánh cột sắt (cả thang)','3.419',33.3,'cột',1,3,NULL,1,1,'2012-05-04','2012-05-04'),(455,'Sơn cạo cột tín hiệu cơ khí 2 cánh cột sắt (cả thang)','3.420',35,'cột',1,3,NULL,1,1,'2012-05-04','2012-05-04'),(456,'Sơn cạo cột tín hiệu cơ khí 3 cánh cột bê tông (cả thang)','3.421',26.7,'cột',1,3,NULL,1,1,'2012-05-04','2012-05-04'),(457,'Sơn cạo cột tín hiệu cơ khí 3 cánh cột sắt (cả thang)','3.422',37,'cột',1,3,NULL,1,1,'2012-05-04','2012-05-04'),(458,'Sơn cạo cột tín hiệu đèn mầu báo trước (cả thang)','3.423',18,'cột',1,3,NULL,1,1,'2012-05-04','2012-05-04'),(459,'Sơn cạo cột tín hiệu đèn mầu chặn đường (cả thang)','3.424',33,'cột',1,3,NULL,1,1,'2012-05-04','2012-05-04'),(460,'Sơn cạo cột tín hiệu đèn mầu dồn, ngăn dồn ','3.425',18,'cột',1,3,NULL,1,1,'2012-05-04','2012-05-04'),(461,'Sơn cạo cột tín hiệu đèn mầu lặp lại (cả thang)','3.426',18,'cột',1,3,NULL,1,1,'2012-05-04','2012-05-04'),(462,'Sơn cạo cột tín hiệu đèn mầu ra ga cao (cả thang)','3.427',18,'cột',1,3,NULL,1,1,'2012-05-04','2012-05-04'),(463,'Sơn cạo cột tín hiệu đèn màu ra ga kiêm dồn cao','3.428',18,'cột',1,3,NULL,1,1,'2012-05-04','2012-05-04'),(464,'Sơn cạo cột tín hiệu đèn màu ra ga kiêm dồn thấp','3.429',6,'cột',1,3,NULL,1,1,'2012-05-04','2012-05-04'),(465,'Sơn cạo cột tín hiệu đèn mầu ra ga thấp','3.430',6,'cột',1,3,NULL,1,1,'2012-05-04','2012-05-04'),(466,'Sơn cạo cột tín hiệu đèn mầu vào ga (cả thang)','3.431',22,'cột',1,3,NULL,1,1,'2012-05-04','2012-05-04'),(467,'Sơn cạo cột tín hiệu đường ngang ','3.432',24,'cột',1,3,NULL,1,1,'2012-05-04','2012-05-04'),(468,'Sơn cạo cột tín hiệu phòng vệ ','3.433',18,'cột',1,3,NULL,1,1,'2012-05-04','2012-05-04'),(469,'Sơn cạo hệ dây kéo tín hiệu','3.434',8,'hệ',1,3,NULL,1,1,'2012-05-04','2012-05-04'),(470,'Sơn cạo tay bẻ tín hiệu','3.435',10.4,'bộ',1,3,NULL,1,1,'2012-05-04','2012-05-04'),(471,'Sơn phủ cột tín hiệu đèn mầu lặp lại (cả thang)','3.436',9.5,'cột',1,3,NULL,1,1,'2012-05-04','2012-05-04'),(472,'Sơn phủ cột tín hiệu đèn mầu ra ga thấp','3.437',2,'cột',1,3,NULL,1,1,'2012-05-04','2012-05-04'),(473,'Sơn phủ cột tín hiệu cơ khí 1 cánh cột sắt (cả thang)','3.438',6,'cột',1,3,NULL,1,1,'2012-05-04','2012-05-04'),(474,'Sơn phủ cột tín hiệu cơ khí 2 cánh cột sắt (cả thang)','3.439',7.5,'cột',1,3,NULL,1,1,'2012-05-04','2012-05-04'),(475,'Sơn phủ cột tín hiệu cơ khí 3 cánh cột bê tông (cả thang)','3.440',5,'cột',1,3,NULL,1,1,'2012-05-04','2012-05-04'),(476,'Sơn phủ cột tín hiệu cơ khí 3 cánh cột sắt (cả thang)','3.441',7.5,'cột',1,3,NULL,1,1,'2012-05-04','2012-05-04'),(477,'Sơn phủ cột tín hiệu đèn mầu báo trước (cả thang)','3.442',6,'cột',1,3,NULL,1,1,'2012-05-04','2012-05-04'),(478,'Sơn phủ cột tín hiệu đèn mầu chặn đường (cả thang)','3.443',6,'cột',1,3,NULL,1,1,'2012-05-04','2012-05-04'),(479,'Sơn phủ cột tín hiệu đèn mầu dồn, ngăn dồn ','3.444',6,'cột',1,3,NULL,1,1,'2012-05-04','2012-05-04'),(480,'Sơn phủ cột tín hiệu đèn mầu lặp lại (cả thang)','3.445',6,'cột',1,3,NULL,1,1,'2012-05-04','2012-05-04'),(481,'Sơn phủ cột tín hiệu đèn mầu  ra ga cao (cả thang)','3.446',5,'cột',1,3,NULL,1,1,'2012-05-04','2012-05-04'),(482,'Sơn phủ Cột tín hiệu đèn màu ra ga kiêm dồn cao','3.447',5,'cột',1,3,NULL,1,1,'2012-05-04','2012-05-04'),(483,'Sơn phu cột tín hiệu đèn màu ra ga kiêm dồn thấp','3.448',2,'cột',1,3,NULL,1,1,'2012-05-04','2012-05-04'),(484,'Sơn phủ cột tín hiệu đèn mầu vào ga (cả thang)','3.449',7.5,'cột',1,3,NULL,1,1,'2012-05-04','2012-05-04'),(485,'Sơn phủ cột tín hiệu đường ngang ','3.450',5,'cột',1,3,NULL,1,1,'2012-05-04','2012-05-04'),(486,'Sơn phủ cột tín hiệu phòng vệ ','3.451',6,'cột',1,3,NULL,1,1,'2012-05-04','2012-05-04'),(487,'Sơn phủ hệ dây kéo tín hiệu','3.452',5,'hệ',1,3,NULL,1,1,'2012-05-04','2012-05-04'),(488,'Sơn phủ tay bẻ tín hiệu','3.453',7.5,'bộ',1,3,NULL,1,1,'2012-05-04','2012-05-04'),(490,'Chặt cây che tầm nhìn tín hiệu','3.501',1.5,'cây',1,0,'',1,1,'2012-05-04','2012-05-29'),(491,'Đào rãnh thoát nước móng cột TH','3.502',0.5,'m',1,0,'',1,1,'2012-05-04','2012-05-29'),(492,'Đắp đất chân móng cột TH','3.503',8,'cột',1,0,'',1,1,'2012-05-04','2012-05-29'),(493,'Di chuyển cột THĐM cao 1 cơ cấu ','3.504',82,'cột',1,0,'',1,1,'2012-05-04','2012-05-29'),(494,'Di chuyển cột THĐM vào ga','3.505',96,'cột',1,0,'',1,1,'2012-05-04','2012-05-29'),(495,'Di chuyển cột THĐN các loại','3.506',68,'cột',1,0,'',1,1,'2012-05-04','2012-05-29'),(496,'Kéo chỉnh lại cột tín hiệu nghiêng','3.507',16,'cột',1,0,'',1,1,'2012-05-04','2012-05-29'),(497,'Láng nền chân cột tín hiệu ','3.508',5,'m2',1,0,'',1,1,'2012-05-04','2012-05-29'),(498,'Nâng, chỉnh cơ cấu TH','3.509',2,'cột',1,0,'',1,1,'2012-05-04','2012-05-29'),(499,'Nâng, chỉnh cột tín hiệu ra ga thấp','3.510',8,'cột',1,3,NULL,1,1,'2012-05-04','2012-05-04'),(500,'Nâng, chỉnh hệ dây kéo TH','3.511',4,'hệ',1,3,NULL,1,1,'2012-05-04','2012-05-04'),(501,'Sửa chữa bộ giao nhận thẻ đường','3.512',8,'bộ',1,3,NULL,1,1,'2012-05-04','2012-05-04'),(502,'Sửa chữa giá lắp đèn TH các loại','3.513',1,'cái',1,3,NULL,1,1,'2012-05-04','2012-05-04'),(503,'Sửa chữa nền chân cột TH (1,2x1,2x0,3)','3.514',12,'nền',1,3,NULL,1,1,'2012-05-04','2012-05-04'),(504,'Sửa chữa nền chân cột TH (2,5x1,2x0,3)','3.515',16,'nền',1,3,NULL,1,1,'2012-05-04','2012-05-04'),(505,'Sửa chữa thang cột TH','3.516',4,'cái',1,3,NULL,1,1,'2012-05-04','2012-05-04'),(506,'Thay bánh xe rõ rẽ','3.517',0.5,'cái',1,3,NULL,1,1,'2012-05-04','2012-05-04'),(507,'Thay biển 242A','3.518',0.5,'cái',1,3,NULL,1,1,'2012-05-04','2012-05-04'),(508,'Thay biến áp các loại','3.519',2,'cái',1,3,NULL,1,1,'2012-05-04','2012-05-04'),(509,'Thay biển đèn đỏ dừng lại','3.520',0.5,'cái',1,3,NULL,1,1,'2012-05-04','2012-05-04'),(510,'Thay bu lông các loại','3.521',0.2,'cái',1,3,NULL,1,1,'2012-05-04','2012-05-04'),(511,'Thay cánh tín hiệu cơ khí','3.522',1,'cái',1,3,NULL,1,1,'2012-05-04','2012-05-04'),(512,'Thay chuông điện đường ngang 1 chiều 24V','3.523',1,'cái',1,3,NULL,1,1,'2012-05-04','2012-05-04'),(513,'Thay cơ cấu TH đèn màu 2 biểu thị cao','3.524',3,'bộ',1,3,NULL,1,1,'2012-05-04','2012-05-04'),(514,'Thay cơ cấu TH đèn màu 2 biểu thị thấp','3.525',2,'bộ',1,3,NULL,1,1,'2012-05-04','2012-05-04'),(515,'Thay cơ cấu TH đèn màu 3 biểu thị cao','3.526',4,'bộ',1,3,NULL,1,1,'2012-05-04','2012-05-04'),(516,'Thay cơ cấu TH đèn màu 3 biểu thị thấp','3.527',2,'bộ',1,3,NULL,1,1,'2012-05-04','2012-05-04'),(517,'Thay cơ cấu TH đèn màu dẫn đường','3.528',2,'bộ',1,3,NULL,1,1,'2012-05-04','2012-05-04'),(518,'Thay cột rõ rẽ','3.529',2,'cái',1,3,NULL,1,1,'2012-05-04','2012-05-04'),(519,'Thay cột tín hiệu đường ngang các loại','3.530',48,'cột',1,3,NULL,1,1,'2012-05-04','2012-05-04'),(520,'Thay dây điện mềm 1x2,5 mm luồn cột hiệu','3.531',0.1,'m',1,3,NULL,1,1,'2012-05-04','2012-05-04'),(521,'Thay đinh bắt tán che đèn','3.532',0.1,'cái',1,3,NULL,1,1,'2012-05-04','2012-05-04'),(522,'Thay đinh lắp bộ rõ rẽ','3.533',0.2,'cái',1,3,NULL,1,1,'2012-05-04','2012-05-04'),(523,'Thay giá lắp cơ cấu đèn THĐN (2 biểu thị)','3.534',4,'cái',1,3,NULL,1,1,'2012-05-04','2012-05-04'),(524,'Thay giá lắp cơ cấu đèn THĐN (3 biểu thị)','3.535',4,'cái',1,3,NULL,1,1,'2012-05-04','2012-05-04'),(525,'Thay gông lắp đui bóng đèn cột THĐM','3.536',0.5,'cái',1,3,NULL,1,1,'2012-05-04','2012-05-04'),(526,'Thay mảng đèn led đỏ bức xạ cao','3.538',0.5,'cái',1,3,NULL,1,1,'2012-05-04','2012-05-04'),(527,'Thay mảng đèn led vàng bức xạ cao','3.539',0.5,'cái',1,3,NULL,1,1,'2012-05-04','2012-05-04'),(528,'Thay ổ khoá chuyên dùng','3.540',0,'cái',0,3,NULL,1,1,'2012-05-04','2012-05-04'),(529,'Thay ống rắn luồn dây cột tín hiệu','3.541',0.5,'cái',1,3,NULL,1,1,'2012-05-04','2012-05-04'),(530,'Thay ốp kính đèn tín hiệu ','3.542',0.5,'cái',1,3,NULL,1,1,'2012-05-04','2012-05-04'),(531,'Thay rọ bảo vệ đèn tín hiệu','3.543',1,'cái',1,3,NULL,1,1,'2012-05-04','2012-05-04'),(532,'Thay tán che đèn lưỡi trai loại 300 mm','3.544',1,'cái',1,3,NULL,1,1,'2012-05-04','2012-05-04'),(533,'Thay tán che đèn lưỡi trai loại 500 mm','3.545',1,'cái',1,3,NULL,1,1,'2012-05-04','2012-05-04'),(534,'Thay tăng đơ dây kéo tín hiệu','3.546',1,'cái',1,3,NULL,1,1,'2012-05-04','2012-05-04'),(535,'Thay thang cột tín hiệu các loại','3.547',8,'cái',1,3,NULL,1,1,'2012-05-04','2012-05-04'),(536,'Xây kè đá hộc bảo vệ cột TH ','3.548',32,'m3',1,3,NULL,1,1,'2012-05-04','2012-05-04'),(537,'Xây, lát gạch nền chân cột TH (1,2x1,2x0,3m)','3.549',24,'nền',1,3,NULL,1,1,'2012-05-04','2012-05-04'),(538,'Xây, lát gạch nền chân cột TH (2,5x1,2x0,3m)','3.550',32,'nền',1,3,NULL,1,1,'2012-05-04','2012-05-04'),(539,'THIẾT BỊ KHỐNG CHẾ','4.000',0,'hệ',0,3,NULL,1,1,'2012-05-04','2012-05-04'),(540,'Công tác tháng','4.A',0,'hệ',0,1,'4.200 ; 4.300 ; ',1,1,'2012-05-04','2012-05-29'),(541,'Công tác kiểm tra','4.200',0,'hệ',0,2,NULL,1,1,'2012-05-04','2012-05-29'),(542,'Kiểm tra ngày ghi cơ khí đơn có khóa','4.201',0.12,'bộ',91,3,NULL,1,1,'2012-05-04','2012-05-04'),(543,'Kiểm tra ngày ghi cơ khí đơn không khóa','4.202',0.08,'bộ',91,3,NULL,1,1,'2012-05-04','2012-05-04'),(544,'Kiểm tra ngày ghi điện đơn có bộ khoá chặt','4.203',0.17,'bộ',91,3,NULL,1,1,'2012-05-04','2012-05-04'),(545,'Kiểm tra ngày ghi điện đơn không có bộ khoá chặt','4.204',0.12,'bộ',91,3,NULL,1,1,'2012-05-04','2012-05-04'),(546,'Kiểm tra ngày ghi điện liên động','4.205',0.36,'bộ',91,3,NULL,1,1,'2012-05-04','2012-05-04'),(547,'Kiểm tra ngày ghi động cơ','4.206',0.25,'bộ',91,3,NULL,1,1,'2012-05-04','2012-05-04'),(548,'Kiểm tra ngày ghi khu gian','4.207',1.5,'bộ',91,3,NULL,1,1,'2012-05-04','2012-05-04'),(549,'Công tác duy tu tháng','4.300',0,'hệ',0,2,NULL,1,1,'2012-05-04','2012-05-29'),(550,'Duy tu tháng ghi cơ khí đơn có khóa','4.301',0.67,'bộ',6,3,NULL,1,1,'2012-05-04','2012-05-04'),(551,'Duy tu tháng ghi cơ khí đơn không khóa','4.302',0.5,'bộ',6,3,NULL,1,1,'2012-05-04','2012-05-04'),(552,'Duy tu tháng ghi điện đơn có bộ khoá chặt','4.303',1.5,'bộ',6,3,NULL,1,1,'2012-05-04','2012-05-04'),(553,'Duy tu tháng ghi điện đơn không có bộ khoá chặt','4.304',1.17,'bộ',6,3,NULL,1,1,'2012-05-04','2012-05-04'),(554,'Duy tu tháng ghi điện liên động','4.305',4.5,'bộ',6,3,NULL,1,1,'2012-05-04','2012-05-04'),(555,'Duy tu tháng ghi động cơ','4.306',1,'bộ',6,3,NULL,1,1,'2012-05-04','2012-05-04'),(556,'Duy tu tháng ghi khu gian','4.307',2,'bộ',6,3,NULL,1,1,'2012-05-04','2012-05-04'),(557,'Công tác năm','4.B',0,'hệ',0,1,'4.500 ; 4.400 ; ',1,1,'2012-05-04','2012-05-29'),(558,'Công tác duy tu năm định kỳ','4.400',0,'hệ',0,2,NULL,1,1,'2012-05-04','2012-05-29'),(559,'Tháo lau ghi cơ khí đơn ','4.401',4,'bộ',1,3,NULL,1,1,'2012-05-04','2012-05-04'),(560,'Tháo lau ghi điện đơn có bộ khoá chặt ','4.402',8.5,'bộ',1,3,NULL,1,1,'2012-05-04','2012-05-04'),(561,'Tháo lau ghi điện đơn không có bộ khoá chặt','4.403',8,'bộ',1,3,NULL,1,1,'2012-05-04','2012-05-04'),(562,'Tháo lau ghi động cơ ','4.404',4,'bộ',1,3,NULL,1,1,'2012-05-04','2012-05-04'),(563,'Tháo lau ghi khu gian','4.405',6,'bộ',1,3,NULL,1,1,'2012-05-04','2012-05-04'),(564,'Tháo lau ghi điện liên động ','4.406',21.5,'bộ',1,3,NULL,1,1,'2012-05-04','2012-05-04'),(565,'Sơn cạo ghi cơ khí đơn ','4.407',6,'bộ',1,3,NULL,1,1,'2012-05-04','2012-05-04'),(566,'Sơn cạo ghi điện đơn có bộ khoá chặt ','4.408',17.3,'bộ',1,3,NULL,1,1,'2012-05-04','2012-05-04'),(567,'Sơn cạo ghi điện đơn không có bộ khoá chặt','4.409',15.8,'bộ',1,3,NULL,1,1,'2012-05-04','2012-05-04'),(568,'Sơn cạo ghi điện liên động ','4.410',57.8,'bộ',1,3,NULL,1,1,'2012-05-04','2012-05-04'),(569,'Sơn cạo ghi động cơ ','4.411',6.75,'bộ',1,3,NULL,1,1,'2012-05-04','2012-05-04'),(570,'Sơn cạo ghi khu gian','4.412',8,'bộ',1,3,NULL,1,1,'2012-05-04','2012-05-04'),(571,'Viết số thiết bị tín hiệu','4.419',0.2,'t.bị',1,3,NULL,1,1,'2012-05-04','2012-05-04'),(572,'Công tác duy tu năm không định kỳ','4.500',0,'hệ',0,2,NULL,1,1,'2012-05-04','2012-05-29'),(573,'Dịch, chỉnh trụ ghi cơ khí bị lệch','4.501',4,'trụ',1,0,'',1,1,'2012-05-04','2012-05-29'),(574,'Bổ sung giờ kiểm tra ghi chính tuyến','4.502',0.25,'bộ',1,0,'',1,1,'2012-05-04','2012-05-29'),(575,'Cắt bản khóa hình quạt','4.503',16,'cái',1,0,'',1,1,'2012-05-04','2012-05-29'),(576,'Đào rãnh thoát nước móng ghi','4.504',32,'m3',1,0,'',1,1,'2012-05-04','2012-05-29'),(577,'Đo điều chỉnh tiêu chuẩn kỹ thuật ghi','4.505',8,'ga',1,0,'',1,1,'2012-05-04','2012-05-29'),(578,'Nắn, chỉnh đường ống đạo quản','4.506',0.5,'m',1,0,'',1,1,'2012-05-04','2012-05-29'),(579,'Nâng, chỉnh móng trụ biểu trí ghi ','4.507',16,'trụ',1,0,'',1,1,'2012-05-04','2012-05-29'),(580,'Nâng, chỉnh móng trụ cáp đèn ghi','4.508',2,'trụ',1,0,'',1,1,'2012-05-04','2012-05-29'),(581,'Nâng, chỉnh móng trụ đỡ ống đạo quản','4.509',2,'trụ',1,0,'',1,1,'2012-05-04','2012-05-29'),(582,'Nâng, chỉnh móng trụ ghi điện','4.510',32,'trụ',1,3,NULL,1,1,'2012-05-04','2012-05-04'),(583,'Sửa chữa nền bộ khóa chặt','4.511',24,'nền',1,3,NULL,1,1,'2012-05-04','2012-05-04'),(584,'Thay bạc trụ ghi cơ khí','4.512',2,'cái',1,3,NULL,1,1,'2012-05-04','2012-05-04'),(585,'Thay bạc trụ tay quay ghi điện','4.513',2,'cái',1,3,NULL,1,1,'2012-05-04','2012-05-04'),(586,'Thay bàn gang khuỷu ghi','4.514',4,'bộ',1,3,NULL,1,1,'2012-05-04','2012-05-04'),(587,'Thay bản khoá hình quạt','4.515',16,'cái',1,3,NULL,1,1,'2012-05-04','2012-05-04'),(588,'Thay bánh xe đỡ ống đạo quản','4.516',0.5,'cái',1,3,NULL,1,1,'2012-05-04','2012-05-04'),(589,'Thay bê tông ụ quầy ghi','4.517',2,'cái',1,3,NULL,1,1,'2012-05-04','2012-05-04'),(590,'Thay biển biểu trí ghi','4.518',0.5,'cái',1,3,NULL,1,1,'2012-05-04','2012-05-04'),(591,'Thay bộ khoá chặt','4.519',12,'bộ',1,3,NULL,1,1,'2012-05-04','2012-05-04'),(592,'Thay bu long đầu dẹt mũi ghi','4.520',0.2,'cái',1,3,NULL,1,1,'2012-05-04','2012-05-04'),(593,'Thay bu long M20','4.521',0.3,'cái',1,3,NULL,1,1,'2012-05-04','2012-05-04'),(594,'Thay bu lông tín hiệu các loại ','4.522',0.2,'cái',1,3,NULL,1,1,'2012-05-04','2012-05-04'),(595,'Thay cần chữ T','4.523',1,'cái',1,3,NULL,1,1,'2012-05-04','2012-05-04'),(596,'Thay cần đẩy biểu trí ghi ','4.524',4,'cái',1,3,NULL,1,1,'2012-05-04','2012-05-04'),(597,'Thay cần điều chỉnh độ khít lưỡi ghi ','4.525',4,'cái',1,3,NULL,1,1,'2012-05-04','2012-05-04'),(598,'Thay cần đuôi chuột HKĐ','4.526',0.5,'cái',1,3,NULL,1,1,'2012-05-04','2012-05-04'),(599,'Thay cần khoá bộ khoá chặt ','4.527',4,'cái',1,3,NULL,1,1,'2012-05-04','2012-05-04'),(600,'Thay cần liên kết ghi các loại','4.528',4,'cái',1,3,NULL,1,1,'2012-05-04','2012-05-04'),(601,'Thay cần ngàm đứng ','4.529',4,'cái',1,3,NULL,1,1,'2012-05-04','2012-05-04'),(602,'Thay cần nhôm hộp khóa điện','4.530',1,'cái',1,3,NULL,1,1,'2012-05-04','2012-05-04'),(603,'Thay chổi than ghi động cơ','4.531',1,'cái',1,3,NULL,1,1,'2012-05-04','2012-05-04'),(604,'Thay chốt + xích tay quay ghi cơ khí','4.532',0.5,'cái',1,3,NULL,1,1,'2012-05-04','2012-05-04'),(605,'Thay chốt an toàn ghi cơ khí','4.533',0.5,'cái',1,3,NULL,1,1,'2012-05-04','2012-05-04'),(606,'Thay con trượt vuông góc ghi điện','4.534',1,'cái',1,3,NULL,1,1,'2012-05-04','2012-05-04'),(607,'Thay công tắc đạp chân','4.535',1,'cái',1,3,NULL,1,1,'2012-05-04','2012-05-04'),(608,'Thay đèn ghi thắp điện','4.536',0.5,'cái',1,3,NULL,1,1,'2012-05-04','2012-05-04'),(609,'Thay Êbônit HKĐ','4.537',1,'cái',1,3,NULL,1,1,'2012-05-04','2012-05-04'),(610,'Thay hộp khoá điện ghi','4.538',4,'hộp',1,3,NULL,1,1,'2012-05-04','2012-05-04'),(611,'Thay khung trượt hình cung','4.539',4,'cái',1,3,NULL,1,1,'2012-05-04','2012-05-04'),(612,'Thay khuỷu chữ Y bộ khoá chặt','4.540',4,'cái',1,3,NULL,1,1,'2012-05-04','2012-05-04'),(613,'Thay khuỷu M','4.541',2,'cái',1,3,NULL,1,1,'2012-05-04','2012-05-04'),(614,'Thay khuỷu vuông góc','4.542',2,'cái',1,3,NULL,1,1,'2012-05-04','2012-05-04'),(615,'Thay lò xo cần chữ T','4.543',1,'cái',1,3,NULL,1,1,'2012-05-04','2012-05-04'),(616,'Thay móng trụ biểu trí ghi','4.544',16,'cái',1,3,NULL,1,1,'2012-05-04','2012-05-04'),(617,'Thay móng trụ ghi điện','4.545',60,'cái',1,3,NULL,1,1,'2012-05-04','2012-05-04'),(618,'Thay nắp đậy BKC','4.546',0.1,'cái',1,3,NULL,1,1,'2012-05-04','2012-05-04'),(619,'Thay nắp đậy hộp khóa điện','4.547',0.1,'cái',1,3,NULL,1,1,'2012-05-04','2012-05-04'),(620,'Thay ốc A ghi cơ khí','4.548',0.5,'cái',1,3,NULL,1,1,'2012-05-04','2012-05-04'),(621,'Thay ống đạo quản','4.549',2,'m',1,3,NULL,1,1,'2012-05-04','2012-05-04'),(622,'Thay tay quay ghi cơ khí','4.550',4,'cái',1,3,NULL,1,1,'2012-05-04','2012-05-04'),(623,'Thay tay quay ghi điện','4.551',16,'bộ',1,3,NULL,1,1,'2012-05-04','2012-05-04'),(624,'Thay thanh chống xô ','4.552',2,'thanh',1,3,NULL,1,1,'2012-05-04','2012-05-04'),(625,'Thay thanh gá lắp ghi 1200 mm','4.553',2,'thanh',1,3,NULL,1,1,'2012-05-04','2012-05-04'),(626,'Thay thanh gá lắp ghi 3100mm','4.554',4,'thanh',1,3,NULL,1,1,'2012-05-04','2012-05-04'),(627,'Thay thanh gá lắp ghi 3200mm','4.555',4,'thanh',1,3,NULL,1,1,'2012-05-04','2012-05-04'),(628,'Thay thanh giằng mũi ghi','4.556',4,'thanh',1,3,NULL,1,1,'2012-05-04','2012-05-04'),(629,'Thay thanh khoá chặt','4.557',4,'thanh',1,3,NULL,1,1,'2012-05-04','2012-05-04'),(630,'Thay trụ biểu trí ghi điện','4.558',6,'cái',1,3,NULL,1,1,'2012-05-04','2012-05-04'),(631,'Thay trụ đỡ ống đạo quản','4.559',2,'cột',1,3,NULL,1,1,'2012-05-04','2012-05-04'),(632,'Xây kè đá hộc bảo vệ ghi','4.560',32,'m3',1,3,NULL,1,1,'2012-05-04','2012-05-04'),(633,'Xây, lát nền bộ khóa chặt (k/thước theo qđịnh)','4.561',60,'nền',1,3,NULL,1,1,'2012-05-04','2012-05-04'),(634,'THIẾT BỊ ĐIỀU KHIỂN','5.000',0,'hệ',0,3,NULL,1,1,'2012-05-04','2012-05-04'),(635,'Công tác tháng','5.A',0,'hệ',0,1,'5.200 ; 5.300 ; ',1,1,'2012-05-04','2012-05-29'),(636,'Công tác kiểm tra','5.200',0,'hệ',0,2,NULL,1,1,'2012-05-04','2012-05-29'),(637,'Kiểm tra ngày cảm biến địa chấn','5.201',0.17,'cái',91,3,NULL,1,1,'2012-05-04','2012-05-04'),(638,'Kiểm tra ngày cảm biến từ, quang','5.202',0.17,'cái',91,3,NULL,1,1,'2012-05-04','2012-05-04'),(639,'Kiểm tra ngày cột giao nhận thẻ đường','5.203',0.25,'cột',91,3,NULL,1,1,'2012-05-04','2012-05-04'),(640,'Kiểm tra ngày bộ CPU + màn điều khiển ','5.204',0.5,'bộ',91,3,NULL,1,1,'2012-05-04','2012-05-04'),(641,'Kiểm tra ngày đài khống chế 12-22 nút ấn','5.205',0.33,'đài',91,3,NULL,1,1,'2012-05-04','2012-05-04'),(642,'Kiểm tra ngày đài khống chế 8 - 12 tay bẻ','5.206',0.33,'đài',91,3,NULL,1,1,'2012-05-04','2012-05-04'),(643,'Kiểm tra ngày giá rơ le 8 tầng','5.207',0.25,'giá',91,3,NULL,1,1,'2012-05-04','2012-05-04'),(644,'Kiểm tra ngày giá TFM','5.208',0.25,'giá',91,3,NULL,1,1,'2012-05-04','2012-05-04'),(645,'Kiểm tra ngày giá tủ hòm 64 D','5.209',0.17,'giá',91,3,NULL,1,1,'2012-05-04','2012-05-04'),(646,'Kiểm tra ngày mạch ray 25 - 30 m','5.210',0.17,'mạch',91,3,NULL,1,1,'2012-05-04','2012-05-04'),(647,'Kiểm tra ngày máy thẻ đường đơn','5.211',0.18,'máy',91,3,NULL,1,1,'2012-05-04','2012-05-04'),(648,'Kiểm tra ngày máy thẻ đường kép','5.212',0.22,'máy',91,3,NULL,1,1,'2012-05-04','2012-05-04'),(649,'Kiểm tra ngày tủ đếm trục','5.213',0.25,'tủ',91,3,NULL,1,1,'2012-05-04','2012-05-04'),(650,'Kiểm tra ngày tủ điều khiển ĐN CBTĐ','5.214',0.25,'tủ',182,3,NULL,1,1,'2012-05-04','2012-05-04'),(651,'Kiểm tra ngày tủ điều khiển ĐN có gác','5.215',0.25,'tủ',91,3,NULL,1,1,'2012-05-04','2012-05-04'),(652,'Kiểm tra ngày tủ nguồn điện','5.216',0.25,'tủ',91,3,NULL,1,1,'2012-05-04','2012-05-04'),(653,'Kiểm tra ngày tủ, chòi  rơ le','5.217',0.33,'tủ',91,3,NULL,1,1,'2012-05-04','2012-05-04'),(654,'BS giờ kiểm tra HT giám sát ĐN CBTĐ','5.218',2,'đài',91,3,NULL,1,1,'2012-05-04','2012-05-04'),(655,'Công tác duy tu tháng','5.300',0,'hệ',0,2,NULL,1,1,'2012-05-04','2012-05-29'),(656,'Duy tu tháng cảm biến từ, quang','5.301',0.33,'bộ',3,3,NULL,1,1,'2012-05-04','2012-05-04'),(657,'Duy tu tháng cột giao nhận thẻ đường','5.302',0.67,'cột',3,3,NULL,1,1,'2012-05-04','2012-05-04'),(658,'Duy tu tháng bộ CPU + màn điều khiển ','5.303',1,'bộ',3,3,NULL,1,1,'2012-05-04','2012-05-04'),(659,'Duy tu tháng đài khống chế 12-22 nút ấn','5.304',3,'đài',3,3,NULL,1,1,'2012-05-04','2012-05-04'),(660,'Duy tu tháng đài khống chế 8 - 12 tay bẻ','5.305',2,'đài',3,3,NULL,1,1,'2012-05-04','2012-05-04'),(661,'Duy tu tháng giá rơ le 8 tầng','5.306',2,'giá',3,3,NULL,1,1,'2012-05-04','2012-05-04'),(662,'Duy tu tháng giá TFM','5.307',2,'giá',3,3,NULL,1,1,'2012-05-04','2012-05-04'),(663,'Duy tu tháng giá tủ hòm 64 D','5.308',1,'giá',3,3,NULL,1,1,'2012-05-04','2012-05-04'),(664,'Duy tu tháng mạch ray 25 - 30 m','5.309',0.83,'mạch',3,3,NULL,1,1,'2012-05-04','2012-05-04'),(665,'Duy tu tháng máy thẻ đường đơn','5.310',1,'máy',3,3,NULL,1,1,'2012-05-04','2012-05-04'),(666,'Duy tu tháng máy thẻ đường kép','5.311',2.16,'máy',3,3,NULL,1,1,'2012-05-04','2012-05-04'),(667,'Duy tu tháng tủ đếm trục','5.312',0.33,'bộ',3,3,NULL,1,1,'2012-05-04','2012-05-04'),(668,'Duy tu tháng tủ điều khiển ĐN CBTĐ','5.313',1,'tủ',3,3,NULL,1,1,'2012-05-04','2012-05-04'),(669,'Duy tu tháng tủ điều khiển ĐN có gác','5.314',1,'tủ',3,3,NULL,1,1,'2012-05-04','2012-05-04'),(670,'Duy tu tháng tủ nguồn điện','5.315',1,'tủ',3,3,NULL,1,1,'2012-05-04','2012-05-04'),(671,'Duy tu tháng tủ, chòi  rơ le','5.316',2,'tủ',3,3,NULL,1,1,'2012-05-04','2012-05-04'),(672,'Duy tu tháng đài kiểm tu rơ le AX','5.317',8,'cái',3,3,NULL,1,1,'2012-05-04','2012-05-04'),(673,'Duy tu tháng đài đo hòm 64 D','5.318',8,'đài',3,3,NULL,1,1,'2012-05-04','2012-05-04'),(674,'Duy tu tháng thiết bị Trạm Kiểm tu','5.319',4,'trạm',3,3,NULL,1,1,'2012-05-04','2012-05-04'),(675,'Duy tu tháng phòng thiết bị thực hành','5.320',14,'phòng',3,3,NULL,1,1,'2012-05-04','2012-05-04'),(676,'Công tác năm','5.B',0,'hệ',0,1,'5.400 ; 5.500 ; ',1,1,'2012-05-04','2012-05-29'),(677,'Công tác duy tu năm định kỳ','5.400',0,'hệ',0,2,NULL,1,1,'2012-05-04','2012-05-29'),(678,'Duy tu năm cảm biến từ, quang','5.401',0.62,'bộ',1,3,NULL,1,1,'2012-05-04','2012-05-04'),(679,'Duy tu năm cột giao nhận thẻ đường','5.402',1,'cột',1,3,NULL,1,1,'2012-05-04','2012-05-04'),(680,'Duy tu năm bộ CPU + màn điều khiển ','5.403',2,'bộ',1,3,NULL,1,1,'2012-05-04','2012-05-04'),(681,'Duy tu năm đài khống chế 12-22 nút ấn','5.404',28,'đài',1,3,NULL,1,1,'2012-05-04','2012-05-04'),(682,'Duy tu năm đài khống chế 8-12 tay bẻ','5.405',16,'đài',1,3,NULL,1,1,'2012-05-04','2012-05-04'),(683,'Duy tu năm giá rơ le 8 tầng','5.406',10.3,'giá',1,3,NULL,1,1,'2012-05-04','2012-05-04'),(684,'Duy tu năm giá TFM','5.407',10.3,'giá',1,3,NULL,1,1,'2012-05-04','2012-05-04'),(685,'Duy tu năm mạch ray 25 - 30 m','5.409',2.5,'mạch',1,3,NULL,1,1,'2012-05-04','2012-05-04'),(686,'Duy tu năm máy thẻ đường đơn','5.410',6,'máy',1,3,NULL,1,1,'2012-05-04','2012-05-04'),(687,'Duy tu năm máy thẻ đường kép','5.411',7,'máy',1,3,NULL,1,1,'2012-05-04','2012-05-04'),(688,'Duy tu năm tủ đếm trục','5.412',8,'bộ',1,3,NULL,1,1,'2012-05-04','2012-05-04'),(689,'Duy tu năm tủ điều khiển ĐN CBTĐ','5.413',7,'tủ',1,3,NULL,1,1,'2012-05-04','2012-05-04'),(690,'Duy tu năm tủ điều khiển đường ngang có gác','5.414',7,'đài',1,3,NULL,1,1,'2012-05-04','2012-05-04'),(691,'Duy tu năm tủ nguồn điện','5.415',8,'tủ',1,3,NULL,1,1,'2012-05-04','2012-05-04'),(692,'Duy tu năm tủ, chòi  rơ le','5.416',12,'tủ',1,3,NULL,1,1,'2012-05-04','2012-05-04'),(693,'Sơn cạo tủ  rơ le ra, vào ga','5.417',10,'tủ',1,3,NULL,1,1,'2012-05-04','2012-05-04'),(694,'Sơn cạo, quét vôi cột giao nhận thẻ đường','5.418',12,'cột',1,3,NULL,1,1,'2012-05-04','2012-05-04'),(695,'Sơn phủ đài khống chế các loại','5.419',8,'đài',1,3,NULL,1,1,'2012-05-04','2012-05-04'),(696,'Sơn phủ  hộp cảm biến quang','5.420',0.5,'cột',1,3,NULL,1,1,'2012-05-04','2012-05-04'),(697,'Sơn phủ giá rơ le','5.421',2,'tủ',1,3,NULL,1,1,'2012-05-04','2012-05-04'),(698,'Sơn phủ tủ điều khiển ĐN có gác, CBTĐ','5.422',4,'tủ',1,3,NULL,1,1,'2012-05-04','2012-05-04'),(699,'5.423','5.423',4,'tủ',1,3,NULL,1,1,'2012-05-04','2012-05-04'),(700,'Thay rơ le tại đường ngang ≤ 5km','5.424',1,'cái',1,3,NULL,1,1,'2012-05-04','2012-05-04'),(701,'Thay rơ le tại đường ngang > 5km','5.425',1.5,'cái',1,3,NULL,1,1,'2012-05-04','2012-05-04'),(702,'Thay rơ le tại ga ','5.426',1,'cái',1,3,NULL,1,1,'2012-05-04','2012-05-04'),(703,'Duy tu năm rơ le có cực, chỉnh lưu','5.427',3.5,'cái',1,3,NULL,1,1,'2012-05-04','2012-05-04'),(704,'Duy tu năm rơ le vô cực','5.428',2.5,'cái',1,3,NULL,1,1,'2012-05-04','2012-05-04'),(705,'Điều tra lập kế hoạch quý trạm Kiểm tu','5.429',48,'trạm',1,3,NULL,1,1,'2012-05-04','2012-05-04'),(706,'Công tác duy tu năm không định kỳ','5.500',0,'hệ',0,2,NULL,1,1,'2012-05-04','2012-05-29'),(707,'Đắp đất chân móng chòi rơ le, tủ điều khiển','5.501',32,'m3',1,0,'',1,1,'2012-05-04','2012-05-29'),(708,'Đấu phối lại tủ điều khiển ĐN, giá rơ le','5.502',16,'cái',1,0,'',1,1,'2012-05-04','2012-05-29'),(709,'Dịch chuyển hộp cáp tín hiệu','5.503',4,'hộp',1,0,'',1,1,'2012-05-04','2012-05-29'),(710,'Đo, xử lý tiêu chuẩn điện khí mạch ray','5.504',2,'mr',1,3,NULL,1,1,'2012-05-04','2012-05-04'),(711,'Làm dây đất thiết bị','5.505',16,'hệ',1,3,NULL,1,1,'2012-05-04','2012-05-04'),(712,'Láng nền thiết bị','5.506',4,'m2',1,3,NULL,1,1,'2012-05-04','2012-05-04'),(713,'Nâng tủ điều khiển các loại','5.507',48,'tủ',1,3,NULL,1,1,'2012-05-04','2012-05-04'),(714,'Nâng, chỉnh cảm biến địa chấn','5.508',16,'cái',1,3,NULL,1,1,'2012-05-04','2012-05-04'),(715,'Quấn biến áp BG1-50','5.509',50,'cái',1,3,NULL,1,1,'2012-05-04','2012-05-04'),(716,'Quấn biến áp BX-30','5.510',50,'cái',1,3,NULL,1,1,'2012-05-04','2012-05-04'),(717,'Quấn biến áp T5','5.511',80,'cái',1,3,NULL,1,1,'2012-05-04','2012-05-04'),(718,'Quấn cuộn dây hộp khóa điện','5.512',12,'cái',1,3,NULL,1,1,'2012-05-04','2012-05-04'),(719,'Sửa chữa cảm biến địa chấn','5.513',51,'cái',1,3,NULL,1,1,'2012-05-04','2012-05-04'),(720,'Sửa chữa hệ dây đất các loại tủ điều khiển','5.514',8,'hệ',1,3,NULL,1,1,'2012-05-04','2012-05-04'),(721,'Sửa chữa hòm đựng rơ le','5.515',4,'cái',1,3,NULL,1,1,'2012-05-04','2012-05-04'),(722,'Sửa chữa mặt đài điều khiển','5.516',8,'cái',1,3,NULL,1,1,'2012-05-04','2012-05-04'),(723,'Sửa chữa, cải tạo lại tủ nguồn ga THĐM','5.517',24,'cái',1,3,NULL,1,1,'2012-05-04','2012-05-04'),(724,'Tăng cường KT ĐNCBTĐ p/vụ chạy tàu Tết','5.518',2,'đn',22,3,NULL,1,1,'2012-05-04','2012-05-04'),(725,'Thay bộ chống sét đường truyền tín hiệu','5.519',1,'cái',1,3,NULL,1,1,'2012-05-04','2012-05-04'),(726,'Thay bộ chuyển mạch tủ nguồn','5.520',4,'bộ',1,3,NULL,1,1,'2012-05-04','2012-05-04'),(727,'Thay bộ giao tiếp đầu ra ','5.521',1,'bộ',1,3,NULL,1,1,'2012-05-04','2012-05-04'),(728,'Thay bộ giao tiếp đầu vào ','5.522',1,'bộ',1,3,NULL,1,1,'2012-05-04','2012-05-04'),(729,'Thay bo mạch in rơ le ','5.523',5,'cái',1,3,NULL,1,1,'2012-05-04','2012-05-04'),(730,'Thay bộ nạp nguồn AQ tự động robot ','5.524',2,'bộ',1,3,NULL,1,1,'2012-05-04','2012-05-04'),(731,'Thay bộ vi xử lý (PLC)','5.525',1,'bộ',1,3,NULL,1,1,'2012-05-04','2012-05-04'),(732,'Thay bu lông mạch ray','5.526',0.5,'cái',1,3,NULL,1,1,'2012-05-04','2012-05-04'),(733,'Thay cách điện chữ  I ','5.527',2,'cái',1,3,NULL,1,1,'2012-05-04','2012-05-04'),(734,'Thay cách điện dây câu ray','5.528',0.5,'cái',1,3,NULL,1,1,'2012-05-04','2012-05-04'),(735,'Thay cảm biến địa chấn ','5.529',16,'cái',1,3,NULL,1,1,'2012-05-04','2012-05-04'),(736,'Thay chống sét cảm biến địa chấn','5.530',0.5,'cái',1,3,NULL,1,1,'2012-05-04','2012-05-04'),(737,'Thay chống sét đài giám sát ','5.531',0.5,'cái',1,3,NULL,1,1,'2012-05-04','2012-05-04'),(738,'Thay chống sét đường nguồn 320V-20KA','5.532',0.5,'cái',1,3,NULL,1,1,'2012-05-04','2012-05-04'),(739,'Thay chuông điện 24VDC (ĐKC)','5.533',1,'cái',1,3,NULL,1,1,'2012-05-04','2012-05-04'),(740,'Thay công tắc hành trình','5.534',2,'cái',1,3,NULL,1,1,'2012-05-04','2012-05-04'),(741,'Thay dây câu ray loại 1,8 m','5.535',1,'sợi',1,3,NULL,1,1,'2012-05-04','2012-05-04'),(742,'Thay dây câu ray loại 1,8 m (1 đầu đóng)','5.536',1,'sợi',1,3,NULL,1,1,'2012-05-04','2012-05-04'),(743,'Thay dây câu ray loại 2,5 m','5.537',1,'sợi',1,3,NULL,1,1,'2012-05-04','2012-05-04'),(744,'Thay dây câu ray loại 3,6 m','5.538',1,'sợi',1,3,NULL,1,1,'2012-05-04','2012-05-04'),(745,'Thay dây phối tuyến','5.539',0.01,'m',1,3,NULL,1,1,'2012-05-04','2012-05-04'),(746,'Thay đế gỗ tủ nguồn','5.540',2,'cái',1,3,NULL,1,1,'2012-05-04','2012-05-04'),(747,'Thay điện trở điều chỉnh các loại','5.541',1,'cái',1,3,NULL,1,1,'2012-05-04','2012-05-04'),(748,'Thay đòn gánh tiếp điểm','5.542',5,'cái',1,3,NULL,1,1,'2012-05-04','2012-05-04'),(749,'Thay Đồng hồ A 1 chiều','5.543',0.5,'cái',1,3,NULL,1,1,'2012-05-04','2012-05-04'),(750,'Thay đồng hồ vôn 1 chiều','5.544',0.5,'cái',1,3,NULL,1,1,'2012-05-04','2012-05-04'),(751,'Thay đui đèn ĐKC','5.545',0.2,'cái',1,3,NULL,1,1,'2012-05-04','2012-05-04'),(752,'Thay giá chống rung rơ le 2 vị trí','5.546',0.5,'cái',1,3,NULL,1,1,'2012-05-04','2012-05-04'),(753,'Thay giá chống rung rơ le 5 vị trí','5.547',0.5,'cái',1,3,NULL,1,1,'2012-05-04','2012-05-04'),(754,'Thay lập lách cách điện mạch ray','5.548',0.5,'cái',1,3,NULL,1,1,'2012-05-04','2012-05-04'),(755,'Thay long đen cách điện','5.549',0.2,'cái',1,3,NULL,1,1,'2012-05-04','2012-05-04'),(756,'Thay lòng mo cách điện MR','5.550',0.5,'cái',1,3,NULL,1,1,'2012-05-04','2012-05-04'),(757,'Thay móng đỡ dây câu ray','5.551',1,'cái',1,3,NULL,1,1,'2012-05-04','2012-05-04'),(758,'Thay nút ấn đài điều khiển các loại','5.552',0.3,'cái',1,3,NULL,1,1,'2012-05-04','2012-05-04'),(759,'Thay nút ấn đài khống chế','5.553',0.5,'cái',1,3,NULL,1,1,'2012-05-04','2012-05-04'),(760,'Thay ổn áp LiOA dãi rộng (90V - 250V)','5.554',0.5,'cái',1,3,NULL,1,1,'2012-05-04','2012-05-04'),(761,'Thay ống c/điện MR có vành (liền lông đen)','5.555',0.5,'cái',1,3,NULL,1,1,'2012-05-04','2012-05-04'),(762,'Thay quạt thông gió trong thiết bị','5.556',1,'cái',1,3,NULL,1,1,'2012-05-04','2012-05-04'),(763,'Thay tấm gỗ lót đáy tủ rơ le các loại','5.557',1,'tấm',1,3,NULL,1,1,'2012-05-04','2012-05-04'),(764,'Thay tem rơ le','5.558',0.133,'cái',1,3,NULL,1,1,'2012-05-04','2012-05-04'),(765,'Thay tủ điều khiển ĐN có người gác','5.559',32,'tủ',1,3,NULL,1,1,'2012-05-04','2012-05-04'),(766,'Thay tủ điều khiển đường ngang CBTĐ','5.560',32,'tủ',1,3,NULL,1,1,'2012-05-04','2012-05-04'),(767,'Thay vỏ tủ điều khiển đường ngang có gác','5.561',32,'tủ',1,3,NULL,1,1,'2012-05-04','2012-05-04'),(768,'Thay vỏ hộp đựng chuông ĐN ','5.562',1,'cái',1,3,NULL,1,1,'2012-05-04','2012-05-04'),(769,'Thay vỏ tủ điều khiển đường ngang CBTĐ','5.563',32,'tủ',1,3,NULL,1,1,'2012-05-04','2012-05-04'),(770,'Thay vỏ tủ rơ le ra ga','5.564',32,'cái',1,3,NULL,1,1,'2012-05-04','2012-05-04'),(771,'Thay vỏ tủ rơ le vào ga','5.565',32,'cái',1,3,NULL,1,1,'2012-05-04','2012-05-04'),(772,'Trạm Kiểm tu','5.566',1,'trạm',1,3,NULL,1,1,'2012-05-04','2012-05-04'),(773,'Xây kè bảo vệ tủ điều khiển ĐN','5.567',32,'m3',1,3,NULL,1,1,'2012-05-04','2012-05-04'),(774,'HỆ THỐNG CÁP TÍN HIỆU','6.000',0,'hệ',0,3,NULL,1,1,'2012-05-04','2012-05-04'),(775,'Công tác tháng','6.A',0,'hệ',0,1,'6.200 ; 6.300 ; ',1,1,'2012-05-04','2012-05-29'),(776,'Công tác kiểm tra','6.200',0,'hệ',0,2,NULL,1,1,'2012-05-04','2012-05-29'),(777,'Đường cáp tín hiệu chôn','6.201',0.67,'km/s',12,3,NULL,1,1,'2012-05-04','2012-05-04'),(778,'Kiểm tra hòm biến thế, hộp cáp','6.202',0.05,'hòm',91,3,NULL,1,1,'2012-05-04','2012-05-04'),(779,'Công tác duy tu tháng','6.300',0,'hệ',0,2,NULL,1,1,'2012-05-04','2012-05-29'),(780,'Duy tu tháng hòm biến thế các loại','6.301',0.167,'hòm',3,3,NULL,1,1,'2012-05-04','2012-05-04'),(781,'Duy tu tháng hộp cáp các loại ','6.302',0.15,'hộp',3,3,NULL,1,1,'2012-05-04','2012-05-04'),(782,'Công tác năm','6.B',0,'hệ',0,1,'6.400 ; 6.500 ; ',1,1,'2012-05-04','2012-05-29'),(783,'Công tác duy tu năm định kỳ','6.400',0,'hệ',0,2,NULL,1,1,'2012-05-04','2012-05-29'),(784,'Duy tu năm cáp treo tín hiệu','6.401',8,'km/s',1,3,NULL,1,1,'2012-05-04','2012-05-04'),(785,'Duy tu năm hòm biến thế BX','6.402',1.5,'hòm',1,3,NULL,1,1,'2012-05-04','2012-05-04'),(786,'Duy tu năm hòm biến thế HB','6.403',1.5,'hòm',1,3,NULL,1,1,'2012-05-04','2012-05-04'),(787,'Duy tu năm hộp cáp HF các loại','6.404',1,'hộp',1,3,NULL,1,1,'2012-05-04','2012-05-04'),(788,'Duy tu năm hộp cáp HZ các loại','6.405',0.5,'hộp',1,3,NULL,1,1,'2012-05-04','2012-05-04'),(789,'Sơn phủ hòm biến thế BX ','6.406',1.5,'hòm',1,3,NULL,1,1,'2012-05-04','2012-05-04'),(790,'Sơn phủ hòm biến thế HB','6.407',1.5,'hòm',1,3,NULL,1,1,'2012-05-04','2012-05-04'),(791,'Sơn phủ hộp cáp HF các loại','6.408',1,'hộp',1,3,NULL,1,1,'2012-05-04','2012-05-04'),(792,'Sơn phủ hộp cáp HZ các loại','6.409',0.5,'hộp',1,3,NULL,1,1,'2012-05-04','2012-05-04'),(793,'Công tác duy tu năm không định kỳ','6.500',0,'hệ',0,2,NULL,1,1,'2012-05-04','2012-05-29'),(794,'BS ống kẽm phi 34mm luồn cáp chôn','6.501',3,'m',1,3,NULL,1,1,'2012-05-04','2012-05-04'),(795,'BS ống luồn cáp 2 mãnh phi 40mm','6.502',1,'m',1,3,NULL,1,1,'2012-05-04','2012-05-04'),(796,'Chỉnh lại mốc cáp nghiêng','6.503',0.5,'cái',1,3,NULL,1,1,'2012-05-04','2012-05-04'),(797,'Dịch chuyển hòm biến thế các loại','6.504',16,'hòm',1,3,NULL,1,1,'2012-05-04','2012-05-04'),(798,'Đổ bê tông b/vệ đầu cáp M50 (0,3x0,3x0,3)m','6.505',1,'điểm',1,3,NULL,1,1,'2012-05-04','2012-05-04'),(799,'Đổ êbôxy mối nối cáp treo','6.506',2,'mối',1,3,NULL,1,1,'2012-05-04','2012-05-04'),(800,'Đổ xi cách điện hộp cáp, hòm biến thế các loại','6.507',1,'hộp',1,3,NULL,1,1,'2012-05-04','2012-05-04'),(801,'Gia cố đường ống sắt bảo vệ cáp qua cầu, hầm','6.508',0.5,'m',1,3,NULL,1,1,'2012-05-04','2012-05-04'),(802,'Làm dây đất hộp cáp','6.509',4,'hệ',1,3,NULL,1,1,'2012-05-04','2012-05-04'),(803,'Làm lại đầu cáp tín hiệu','6.510',2,'hộp',1,3,NULL,1,1,'2012-05-04','2012-05-04'),(804,'Lấp đá ống bảo vệ cáp trên cầu','6.511',0.5,'m',1,3,NULL,1,1,'2012-05-04','2012-05-04'),(805,'Lấp đất rãnh cáp bị lún, sụt','6.512',0.5,'m',1,3,NULL,1,1,'2012-05-04','2012-05-04'),(806,'Nâng hộp cáp, hòm biến thế các loại','6.513',2,'hộp',1,3,NULL,1,1,'2012-05-04','2012-05-04'),(807,'Sơn phòng rỉ đường ống bảo vệ cáp','6.514',0.25,'m',1,3,NULL,1,1,'2012-05-04','2012-05-04'),(808,'Sơn, viết số cọc mốc cáp ','6.515',0.1,'cọc',1,3,NULL,1,1,'2012-05-04','2012-05-04'),(809,'Sửa chữa rãnh cáp các loại','6.516',1,'m',1,3,NULL,1,1,'2012-05-04','2012-05-04'),(810,'Thay bảng đấu dây','6.517',0.5,'cái',1,3,NULL,1,1,'2012-05-04','2012-05-04'),(811,'Thay cáp công tắc đạp chân','6.518',2,'m',1,3,NULL,1,1,'2012-05-04','2012-05-04'),(812,'Thay cáp ngầm TH','6.519',3,'m',1,3,NULL,1,1,'2012-05-04','2012-05-04'),(813,'Thay cáp TH hộp khoá điện ','6.520',2,'m',1,3,NULL,1,1,'2012-05-04','2012-05-04'),(814,'Thay cáp treo TH','6.521',48,'km/s',1,3,NULL,1,1,'2012-05-04','2012-05-04'),(815,'Thay cọc mốc cáp ','6.522',1,'cái',1,3,NULL,1,1,'2012-05-04','2012-05-04'),(816,'Thay đai ốp bảo vệ ống luồn cáp','6.523',0.5,'cái',1,3,NULL,1,1,'2012-05-04','2012-05-04'),(817,'Thay dây chịu lực cáp treo TH','6.524',40,'km/s',1,3,NULL,1,1,'2012-05-04','2012-05-04'),(818,'Thay hòm biến thế HB-0','6.525',12,'hòm',1,3,NULL,1,1,'2012-05-04','2012-05-04'),(819,'Thay hòm biến thế HB-1','6.526',12,'hòm',1,3,NULL,1,1,'2012-05-04','2012-05-04'),(820,'Thay hòm biến thế HB-2','6.527',12,'hòm',1,3,NULL,1,1,'2012-05-04','2012-05-04'),(821,'Thay hộp cáp HF-4','6.528',4,'hộp',1,3,NULL,1,1,'2012-05-04','2012-05-04'),(822,'Thay hộp cáp HF-7','6.529',8,'hộp',1,3,NULL,1,1,'2012-05-04','2012-05-04'),(823,'Thay hộp cáp HZ-12','6.530',1,'hộp',1,3,NULL,1,1,'2012-05-04','2012-05-04'),(824,'Thay hộp cáp HZ-24','6.531',1,'hộp',1,3,NULL,1,1,'2012-05-04','2012-05-04'),(825,'Thay kẹp treo cáp','6.532',0.5,'cái',1,3,NULL,1,1,'2012-05-04','2012-05-04'),(826,'Thay móng hộp cáp loại 1 đinh','6.533',1,'cái',1,3,NULL,1,1,'2012-05-04','2012-05-04'),(827,'Thay móng hộp cáp loại 2 đinh','6.534',1,'cái',1,3,NULL,1,1,'2012-05-04','2012-05-04'),(828,'Thay nắp đậy máng cáp ','6.535',0.2,'cái',1,3,NULL,1,1,'2012-05-04','2012-05-04'),(829,'Thay nắp hộp cáp HF-4','6.536',0.2,'cái',1,3,NULL,1,1,'2012-05-04','2012-05-04'),(830,'Thay nắp hộp cáp HF-7','6.537',0.2,'cái',1,3,NULL,1,1,'2012-05-04','2012-05-04'),(831,'Thay nắp hộp cáp HZ-12','6.538',0.2,'cái',1,3,NULL,1,1,'2012-05-04','2012-05-04'),(832,'Thay nắp hộp cáp HZ-24','6.539',0.2,'cái',1,3,NULL,1,1,'2012-05-04','2012-05-04'),(833,'Thay ống luồn cáp lên hộp cáp TH','6.540',0.5,'cái',1,3,NULL,1,1,'2012-05-04','2012-05-04'),(834,'Thay ống nhựa luồn cáp treo','6.541',0.5,'m',1,3,NULL,1,1,'2012-05-04','2012-05-04'),(835,'Thay tấm đấu dây loại 12 cọc','6.542',2,'cái',1,3,NULL,1,1,'2012-05-04','2012-05-04'),(836,'Thay tấm đấu dây loại 4 cọc','6.543',1,'cái',1,3,NULL,1,1,'2012-05-04','2012-05-04'),(837,'Thay tấm đấu dây loại 6 cọc','6.544',1.2,'cái',1,3,NULL,1,1,'2012-05-04','2012-05-04'),(838,'Thay tấm gỗ lót tủ nguồn, hòm biến thế ','6.545',1,'tấm',1,3,NULL,1,1,'2012-05-04','2012-05-04'),(840,'HỆ THỐNG NGUỒN ĐIỆN','7.000',0,'hệ',0,3,NULL,1,1,'2012-05-29','2012-05-29'),(842,'Công tác thường trực','7.100',0,'hệ',0,2,NULL,1,1,'2012-05-29','2012-05-29'),(843,'Trực nạp accus, GQTN kiêm kiểm tra t.bị cung nguồn, máy nổ','7.101',16,'cung',91,3,NULL,1,1,'2012-05-29','2012-05-29'),(844,'Trực GQTN kiêm kiểm tra mạng điện k.vực cơ quan công ty','7.102',5,'kv',91,3,NULL,1,1,'2012-05-29','2012-05-29'),(845,'Trực, kiểm tra, GQTN mạng điện khu vực cơ quan TT','7.103',1,'kv',91,3,NULL,1,1,'2012-05-29','2012-05-29'),(846,'Công tác kiểm tra','7.200',0,'hệ',0,2,NULL,1,1,'2012-05-29','2012-05-29'),(847,'Kiểm tra hệ thống nguồn điện','7.201',0.25,'điểm',91,3,NULL,1,1,'2012-05-29','2012-05-29'),(848,'Kiểm tra ngày Đường dây trần điện lực ','7.202 ',0.5,'km/tr ',91,3,NULL,1,1,'2012-05-29','2012-05-29'),(849,'Duy tu tháng đường cáp TT ngầm ','1.306 ',2,'km/tr ',3,3,NULL,1,1,'2012-05-29','2012-05-29'),(850,'Duy tu tháng đường cáp TT treo ','1.307 ',4,'km/tr ',3,3,NULL,1,1,'2012-05-29','2012-05-29'),(851,'Kiểm tra ngày Cáp điện lực ','7.203 ',0.5,'km/tr ',91,3,NULL,1,1,'2012-05-29','2012-05-29'),(852,'Công tác duy tu tháng ','7.300 ',0,'hệ',0,2,NULL,1,1,'2012-05-29','2012-05-29'),(853,'Duy tu quý bảng điện các loại ','7.301 ',0.3,'cái ',1,3,NULL,1,1,'2012-05-29','2012-05-29'),(854,'Duy tu quý cầu giao 1 pha các loại ','7.302 ',0.5,'cái ',1,3,NULL,1,1,'2012-05-29','2012-05-29'),(855,'Duy tu quý công tơ điện  ','7.303 ',0.5,'cái ',1,3,NULL,1,1,'2012-05-29','2012-05-29'),(856,'Duy tu quý hệ thống tiếp đất (cả đo điện khí) ','7.304 ',1,'hệ ',1,3,NULL,1,1,'2012-05-29','2012-05-29'),(857,'Duy tu quý máng cáp ','7.305 ',2,'cung ',1,3,NULL,1,1,'2012-05-29','2012-05-29'),(858,'Duy tu quý máy điều hòa nhiệt độ  ','7.306 ',2,'máy ',1,3,NULL,1,1,'2012-05-29','2012-05-29'),(859,'Duy tu quý nồi nấu nước cất ','7.307 ',0.5,'cái ',1,3,NULL,1,1,'2012-05-29','2012-05-29'),(860,'Duy tu tháng Automat các loại ','7.308 ',0.3,'cái ',3,3,NULL,1,1,'2012-05-29','2012-05-29'),(861,'Duy tu tháng ắc quy axit các loại ','7.309 ',0.3,'tổ ',3,3,NULL,1,1,'2012-05-29','2012-05-29'),(862,'Duy tu tháng ắc quy kiềm các loại ','7.310 ',0.2,'bình ',3,3,NULL,1,1,'2012-05-29','2012-05-29'),(863,'Duy tu tháng máy nạp Ắc quy loại 1 pha ','7.311 ',1.5,'máy ',3,3,NULL,1,1,'2012-05-29','2012-05-29'),(864,'Duy tu tháng máy nạp Ắc quy loại 3 pha ','7.312 ',2,'máy ',3,3,NULL,1,1,'2012-05-29','2012-05-29'),(865,'Duy tu tháng máy phát điện một pha ','7.313 ',2.18,'máy ',3,3,NULL,1,1,'2012-05-29','2012-05-29'),(866,'Duy tu tháng máy phát điện ba pha ','7.314 ',3,'máy ',3,3,NULL,1,1,'2012-05-29','2012-05-29'),(867,'Duy tu tháng ổn áp 3 pha ','7.316 ',1,'cái ',3,3,NULL,1,1,'2012-05-29','2012-05-29'),(868,'Duy tu tháng tủ phân phối điện các loại ','7.317 ',1.5,'tủ ',3,3,NULL,1,1,'2012-05-29','2012-05-29'),(869,'Duy tu tháng tủ đặt thiết bị điện chôn ngầm ','7.318 ',0.5,'tủ ',3,3,NULL,1,1,'2012-05-29','2012-05-29'),(870,'Duy tu tháng tủ đặt thiết bị điện trạm biến áp ','7.319 ',0.5,'tủ ',3,3,NULL,1,1,'2012-05-29','2012-05-29'),(871,'Duy tu tháng tủ điều khiển cấp điện 3 pha ','7.320 ',0.5,'tủ ',3,3,NULL,1,1,'2012-05-29','2012-05-29'),(872,'Điều tra lập kế hoạch quý ','7.321 ',32,'cung ',1,3,NULL,1,1,'2012-05-29','2012-05-29'),(873,'Nấu nước cất ','7.322 ',0.3,'lít ',1,3,NULL,1,1,'2012-05-29','2012-05-29'),(874,'Công tác tháng','3.A',0,'hệ',0,1,'3.100 ; 3.200 ; 3.300 ; ',1,1,'2012-05-29','2012-05-29'),(875,'Thay Ắc quy Axít đường ngang ','7.323 ',5.5,'tổ ',1,3,NULL,1,1,'2012-05-29','2012-05-29');
/*!40000 ALTER TABLE `task` ENABLE KEYS */;
UNLOCK TABLES;

--
-- Table structure for table `user`
--

DROP TABLE IF EXISTS `user`;
/*!40101 SET @saved_cs_client     = @@character_set_client */;
/*!40101 SET character_set_client = utf8 */;
CREATE TABLE `user` (
  `id` bigint(20) NOT NULL AUTO_INCREMENT,
  `userName` varchar(50) CHARACTER SET utf8 COLLATE utf8_unicode_ci NOT NULL,
  `passWord` varchar(50) CHARACTER SET utf8 COLLATE utf8_unicode_ci NOT NULL,
  `userRole` varchar(10) CHARACTER SET utf8 COLLATE utf8_unicode_ci NOT NULL,
  `stationId` bigint(20) DEFAULT NULL,
  `createdDate` date NOT NULL,
  `updatedDate` date NOT NULL,
  `createBy` bigint(20) NOT NULL,
  `updateBy` bigint(20) NOT NULL,
  PRIMARY KEY (`id`),
  UNIQUE KEY `username` (`userName`)
) ENGINE=MyISAM AUTO_INCREMENT=39 DEFAULT CHARSET=latin1;
/*!40101 SET character_set_client = @saved_cs_client */;

--
-- Dumping data for table `user`
--

LOCK TABLES `user` WRITE;
/*!40000 ALTER TABLE `user` DISABLE KEYS */;
INSERT INTO `user` VALUES (34,'dien','52ec538941f82416e7ce1caf283a765f','USER',33,'2012-01-16','2012-01-16',1,1),(8,'admin','21232f297a57a5a743894a0e4a801fc3','ADMIN',27,'2011-12-28','2011-12-28',1,1),(38,'dung','625d45c587033e8970af8b4e3fdb575c','USER',31,'2012-05-25','2012-05-25',1,1),(30,'quanly','76ce09fc04225228897e61087b1172a8','MANAGER',27,'2012-01-08','2012-01-08',1,1),(33,'hoaa','dcc86935fdabd462ac2298ad004df366','USER',32,'2012-01-09','2012-01-09',1,1),(35,'hoan','892e2583ccbd69cb1081fec008ce4735','USER',34,'2012-01-27','2012-01-27',1,1),(36,'long','0f5264038205edfb1ac05fbb0e8c5e94','USER',35,'2012-01-27','2012-01-27',1,1);
/*!40000 ALTER TABLE `user` ENABLE KEYS */;
UNLOCK TABLES;

--
-- Table structure for table `taskdetail`
--

DROP TABLE IF EXISTS `taskdetail`;
/*!40101 SET @saved_cs_client     = @@character_set_client */;
/*!40101 SET character_set_client = utf8 */;
CREATE TABLE `taskdetail` (
  `id` bigint(20) NOT NULL AUTO_INCREMENT,
  `taskId` bigint(20) NOT NULL,
  `year` int(4) NOT NULL,
  `stationId` bigint(20) NOT NULL,
  `annual` tinyint(1) NOT NULL,
  `createdDate` date NOT NULL,
  `updatedDate` date NOT NULL,
  `createBy` bigint(20) NOT NULL,
  `updateBy` bigint(20) NOT NULL,
  PRIMARY KEY (`id`)
) ENGINE=MyISAM AUTO_INCREMENT=238 DEFAULT CHARSET=utf8 COLLATE=utf8_unicode_ci;
/*!40101 SET character_set_client = @saved_cs_client */;

--
-- Dumping data for table `taskdetail`
--

LOCK TABLES `taskdetail` WRITE;
/*!40000 ALTER TABLE `taskdetail` DISABLE KEYS */;
INSERT INTO `taskdetail` VALUES (15,19,2012,33,1,'2012-05-29','2012-05-29',1,1),(14,18,2012,33,1,'2012-05-29','2012-05-29',1,1),(13,16,2012,33,1,'2012-05-29','2012-05-29',1,1),(4,133,2012,31,0,'2012-03-20','2012-03-20',1,1),(12,16,2012,34,1,'2012-05-29','2012-05-29',1,1),(10,67,2012,33,0,'2012-05-29','2012-05-29',1,1),(7,839,2012,31,1,'2012-05-25','2012-05-25',1,1),(24,29,2012,33,1,'2012-05-29','2012-05-29',1,1),(16,18,2012,33,1,'2012-05-29','2012-05-29',1,1),(17,20,2012,33,1,'2012-05-29','2012-05-29',1,1),(18,23,2012,33,1,'2012-05-29','2012-05-29',1,1),(19,18,2012,33,1,'2012-05-29','2012-05-29',1,1),(20,24,2012,33,1,'2012-05-29','2012-05-29',1,1),(21,17,2012,34,1,'2012-05-29','2012-05-29',1,1),(22,25,2012,33,1,'2012-05-29','2012-05-29',1,1),(23,18,2012,34,1,'2012-05-29','2012-05-29',1,1),(25,19,2012,34,1,'2012-05-29','2012-05-29',1,1),(26,30,2012,33,1,'2012-05-29','2012-05-29',1,1),(27,31,2012,33,1,'2012-05-29','2012-05-29',1,1),(28,32,2012,33,1,'2012-05-29','2012-05-29',1,1),(29,20,2012,34,1,'2012-05-29','2012-05-29',1,1),(30,21,2012,34,1,'2012-05-29','2012-05-29',1,1),(31,22,2012,34,1,'2012-05-29','2012-05-29',1,1),(32,23,2012,34,1,'2012-05-29','2012-05-29',1,1),(33,24,2012,34,1,'2012-05-29','2012-05-29',1,1),(34,25,2012,34,1,'2012-05-29','2012-05-29',1,1),(42,35,2012,33,1,'2012-05-29','2012-05-29',1,1),(36,34,2012,33,1,'2012-05-29','2012-05-29',1,1),(37,34,2012,33,1,'2012-05-29','2012-05-29',1,1),(38,16,2012,31,1,'2012-05-29','2012-05-29',1,1),(39,18,2012,31,1,'2012-05-29','2012-05-29',1,1),(40,19,2012,31,1,'2012-05-29','2012-05-29',1,1),(41,20,2012,31,1,'2012-05-29','2012-05-29',1,1),(43,36,2012,33,1,'2012-05-29','2012-05-29',1,1),(44,37,2012,33,1,'2012-05-29','2012-05-29',1,1),(45,29,2012,34,1,'2012-05-29','2012-05-29',1,1),(46,30,2012,34,1,'2012-05-29','2012-05-29',1,1),(47,23,2012,31,1,'2012-05-29','2012-05-29',1,1),(48,24,2012,31,1,'2012-05-29','2012-05-29',1,1),(49,25,2012,31,1,'2012-05-29','2012-05-29',1,1),(50,31,2012,34,1,'2012-05-29','2012-05-29',1,1),(51,34,2012,34,1,'2012-05-29','2012-05-29',1,1),(52,35,2012,34,1,'2012-05-29','2012-05-29',1,1),(53,36,2012,34,1,'2012-05-29','2012-05-29',1,1),(54,29,2012,31,1,'2012-05-29','2012-05-29',1,1),(55,37,2012,34,1,'2012-05-29','2012-05-29',1,1),(56,30,2012,31,1,'2012-05-29','2012-05-29',1,1),(57,38,2012,33,1,'2012-05-29','2012-05-29',1,1),(58,31,2012,31,1,'2012-05-29','2012-05-29',1,1),(59,40,2012,33,1,'2012-05-29','2012-05-29',1,1),(60,38,2012,34,1,'2012-05-29','2012-05-29',1,1),(61,32,2012,31,1,'2012-05-29','2012-05-29',1,1),(62,34,2012,31,1,'2012-05-29','2012-05-29',1,1),(63,41,2012,33,1,'2012-05-29','2012-05-29',1,1),(64,35,2012,31,1,'2012-05-29','2012-05-29',1,1),(65,40,2012,34,1,'2012-05-29','2012-05-29',1,1),(66,41,2012,31,1,'2012-05-29','2012-05-29',1,1),(67,42,2012,33,1,'2012-05-29','2012-05-29',1,1),(68,42,2012,31,1,'2012-05-29','2012-05-29',1,1),(69,43,2012,33,1,'2012-05-29','2012-05-29',1,1),(70,41,2012,34,1,'2012-05-29','2012-05-29',1,1),(71,42,2012,34,1,'2012-05-29','2012-05-29',1,1),(73,43,2012,34,1,'2012-05-29','2012-05-29',1,1),(74,36,2012,31,1,'2012-05-29','2012-05-29',1,1),(75,37,2012,31,1,'2012-05-29','2012-05-29',1,1),(76,38,2012,31,1,'2012-05-29','2012-05-29',1,1),(77,44,2012,33,1,'2012-05-29','2012-05-29',1,1),(78,45,2012,34,1,'2012-05-29','2012-05-29',1,1),(79,45,2012,33,1,'2012-05-29','2012-05-29',1,1),(80,46,2012,33,1,'2012-05-29','2012-05-29',1,1),(81,47,2012,34,1,'2012-05-29','2012-05-29',1,1),(82,47,2012,33,1,'2012-05-29','2012-05-29',1,1),(84,48,2012,33,1,'2012-05-29','2012-05-29',1,1),(85,48,2012,34,1,'2012-05-29','2012-05-29',1,1),(86,49,2012,33,1,'2012-05-29','2012-05-29',1,1),(87,50,2012,33,1,'2012-05-29','2012-05-29',1,1),(88,51,2012,33,1,'2012-05-29','2012-05-29',1,1),(89,49,2012,34,1,'2012-05-29','2012-05-29',1,1),(90,52,2012,33,1,'2012-05-29','2012-05-29',1,1),(91,43,2012,31,1,'2012-05-29','2012-05-29',1,1),(92,44,2012,31,1,'2012-05-29','2012-05-29',1,1),(93,45,2012,31,1,'2012-05-29','2012-05-29',1,1),(94,46,2012,31,1,'2012-05-29','2012-05-29',1,1),(95,47,2012,31,1,'2012-05-29','2012-05-29',1,1),(96,50,2012,34,1,'2012-05-29','2012-05-29',1,1),(97,48,2012,31,1,'2012-05-29','2012-05-29',1,1),(98,49,2012,31,1,'2012-05-29','2012-05-29',1,1),(99,51,2012,34,1,'2012-05-29','2012-05-29',1,1),(100,50,2012,31,1,'2012-05-29','2012-05-29',1,1),(101,51,2012,31,1,'2012-05-29','2012-05-29',1,1),(102,53,2012,33,1,'2012-05-29','2012-05-29',1,1),(103,54,2012,33,1,'2012-05-29','2012-05-29',1,1),(104,52,2012,34,1,'2012-05-29','2012-05-29',1,1),(105,55,2012,33,1,'2012-05-29','2012-05-29',1,1),(106,53,2012,34,1,'2012-05-29','2012-05-29',1,1),(107,56,2012,33,1,'2012-05-29','2012-05-29',1,1),(108,57,2012,33,1,'2012-05-29','2012-05-29',1,1),(109,58,2012,33,1,'2012-05-29','2012-05-29',1,1),(110,54,2012,34,1,'2012-05-29','2012-05-29',1,1),(111,59,2012,33,1,'2012-05-29','2012-05-29',1,1),(112,60,2012,33,1,'2012-05-29','2012-05-29',1,1),(113,55,2012,34,1,'2012-05-29','2012-05-29',1,1),(114,61,2012,33,1,'2012-05-29','2012-05-29',1,1),(115,62,2012,33,1,'2012-05-29','2012-05-29',1,1),(116,63,2012,33,1,'2012-05-29','2012-05-29',1,1),(117,64,2012,33,1,'2012-05-29','2012-05-29',1,1),(118,65,2012,33,1,'2012-05-29','2012-05-29',1,1),(119,56,2012,34,1,'2012-05-29','2012-05-29',1,1),(120,66,2012,33,1,'2012-05-29','2012-05-29',1,1),(121,196,2012,33,1,'2012-05-29','2012-05-29',1,1),(122,58,2012,34,1,'2012-05-29','2012-05-29',1,1),(123,197,2012,33,1,'2012-05-29','2012-05-29',1,1),(124,198,2012,33,1,'2012-05-29','2012-05-29',1,1),(125,199,2012,33,1,'2012-05-29','2012-05-29',1,1),(126,61,2012,34,1,'2012-05-29','2012-05-29',1,1),(127,200,2012,33,1,'2012-05-29','2012-05-29',1,1),(128,202,2012,33,1,'2012-05-29','2012-05-29',1,1),(129,62,2012,34,1,'2012-05-29','2012-05-29',1,1),(130,203,2012,33,1,'2012-05-29','2012-05-29',1,1),(131,204,2012,33,1,'2012-05-29','2012-05-29',1,1),(132,232,2012,33,1,'2012-05-29','2012-05-29',1,1),(133,63,2012,34,1,'2012-05-29','2012-05-29',1,1),(134,231,2012,33,1,'2012-05-29','2012-05-29',1,1),(135,205,2012,33,1,'2012-05-29','2012-05-29',1,1),(136,206,2012,33,1,'2012-05-29','2012-05-29',1,1),(137,207,2012,33,1,'2012-05-29','2012-05-29',1,1),(138,66,2012,34,1,'2012-05-29','2012-05-29',1,1),(139,208,2012,33,1,'2012-05-29','2012-05-29',1,1),(140,209,2012,33,1,'2012-05-29','2012-05-29',1,1),(141,210,2012,33,1,'2012-05-29','2012-05-29',1,1),(142,211,2012,33,1,'2012-05-29','2012-05-29',1,1),(143,212,2012,33,1,'2012-05-29','2012-05-29',1,1),(144,197,2012,34,1,'2012-05-29','2012-05-29',1,1),(145,213,2012,33,1,'2012-05-29','2012-05-29',1,1),(146,198,2012,34,1,'2012-05-29','2012-05-29',1,1),(147,214,2012,33,1,'2012-05-29','2012-05-29',1,1),(148,215,2012,33,1,'2012-05-29','2012-05-29',1,1),(149,216,2012,33,1,'2012-05-29','2012-05-29',1,1),(150,199,2012,34,1,'2012-05-29','2012-05-29',1,1),(151,217,2012,33,1,'2012-05-29','2012-05-29',1,1),(152,200,2012,34,1,'2012-05-29','2012-05-29',1,1),(153,218,2012,33,1,'2012-05-29','2012-05-29',1,1),(154,201,2012,34,1,'2012-05-29','2012-05-29',1,1),(155,219,2012,33,1,'2012-05-29','2012-05-29',1,1),(156,202,2012,34,1,'2012-05-29','2012-05-29',1,1),(157,220,2012,33,1,'2012-05-29','2012-05-29',1,1),(158,203,2012,34,1,'2012-05-29','2012-05-29',1,1),(159,231,2012,34,1,'2012-05-29','2012-05-29',1,1),(160,221,2012,33,1,'2012-05-29','2012-05-29',1,1),(161,224,2012,33,1,'2012-05-29','2012-05-29',1,1),(162,227,2012,33,1,'2012-05-29','2012-05-29',1,1),(163,228,2012,33,1,'2012-05-29','2012-05-29',1,1),(164,206,2012,34,1,'2012-05-29','2012-05-29',1,1),(165,229,2012,33,1,'2012-05-29','2012-05-29',1,1),(166,210,2012,34,1,'2012-05-29','2012-05-29',1,1),(167,230,2012,33,1,'2012-05-29','2012-05-29',1,1),(168,233,2012,33,1,'2012-05-29','2012-05-29',1,1),(169,234,2012,33,1,'2012-05-29','2012-05-29',1,1),(170,211,2012,34,1,'2012-05-29','2012-05-29',1,1),(171,212,2012,34,1,'2012-05-29','2012-05-29',1,1),(172,235,2012,33,1,'2012-05-29','2012-05-29',1,1),(173,216,2012,34,1,'2012-05-29','2012-05-29',1,1),(174,236,2012,33,1,'2012-05-29','2012-05-29',1,1),(175,219,2012,34,1,'2012-05-29','2012-05-29',1,1),(176,238,2012,33,1,'2012-05-29','2012-05-29',1,1),(177,220,2012,34,1,'2012-05-29','2012-05-29',1,1),(178,222,2012,34,1,'2012-05-29','2012-05-29',1,1),(179,239,2012,33,1,'2012-05-29','2012-05-29',1,1),(180,230,2012,34,1,'2012-05-29','2012-05-29',1,1),(181,240,2012,33,1,'2012-05-29','2012-05-29',1,1),(182,234,2012,34,1,'2012-05-29','2012-05-29',1,1),(183,241,2012,33,1,'2012-05-29','2012-05-29',1,1),(184,236,2012,34,1,'2012-05-29','2012-05-29',1,1),(185,237,2012,34,1,'2012-05-29','2012-05-29',1,1),(186,242,2012,33,1,'2012-05-29','2012-05-29',1,1),(187,238,2012,34,1,'2012-05-29','2012-05-29',1,1),(188,243,2012,33,1,'2012-05-29','2012-05-29',1,1),(189,244,2012,33,1,'2012-05-29','2012-05-29',1,1),(190,239,2012,34,1,'2012-05-29','2012-05-29',1,1),(191,245,2012,33,1,'2012-05-29','2012-05-29',1,1),(192,240,2012,34,1,'2012-05-29','2012-05-29',1,1),(193,246,2012,33,1,'2012-05-29','2012-05-29',1,1),(194,247,2012,33,1,'2012-05-29','2012-05-29',1,1),(195,241,2012,34,1,'2012-05-29','2012-05-29',1,1),(196,248,2012,33,1,'2012-05-29','2012-05-29',1,1),(197,249,2012,33,1,'2012-05-29','2012-05-29',1,1),(198,242,2012,34,1,'2012-05-29','2012-05-29',1,1),(199,250,2012,33,1,'2012-05-29','2012-05-29',1,1),(200,243,2012,34,1,'2012-05-29','2012-05-29',1,1),(201,251,2012,33,1,'2012-05-29','2012-05-29',1,1),(202,245,2012,34,1,'2012-05-29','2012-05-29',1,1),(203,253,2012,33,1,'2012-05-29','2012-05-29',1,1),(204,246,2012,34,1,'2012-05-29','2012-05-29',1,1),(205,254,2012,33,1,'2012-05-29','2012-05-29',1,1),(206,247,2012,34,1,'2012-05-29','2012-05-29',1,1),(207,255,2012,33,1,'2012-05-29','2012-05-29',1,1),(208,256,2012,33,1,'2012-05-29','2012-05-29',1,1),(209,248,2012,34,1,'2012-05-29','2012-05-29',1,1),(210,257,2012,33,1,'2012-05-29','2012-05-29',1,1),(211,258,2012,33,1,'2012-05-29','2012-05-29',1,1),(212,249,2012,34,1,'2012-05-29','2012-05-29',1,1),(213,259,2012,33,1,'2012-05-29','2012-05-29',1,1),(214,250,2012,34,1,'2012-05-29','2012-05-29',1,1),(215,260,2012,33,1,'2012-05-29','2012-05-29',1,1),(216,261,2012,33,1,'2012-05-29','2012-05-29',1,1),(217,262,2012,33,1,'2012-05-29','2012-05-29',1,1),(218,263,2012,33,1,'2012-05-29','2012-05-29',1,1),(219,251,2012,34,1,'2012-05-29','2012-05-29',1,1),(220,253,2012,34,1,'2012-05-29','2012-05-29',1,1),(221,255,2012,34,1,'2012-05-29','2012-05-29',1,1),(222,264,2012,33,1,'2012-05-29','2012-05-29',1,1),(223,265,2012,33,1,'2012-05-29','2012-05-29',1,1),(224,257,2012,34,1,'2012-05-29','2012-05-29',1,1),(225,266,2012,33,1,'2012-05-29','2012-05-29',1,1),(226,258,2012,34,1,'2012-05-29','2012-05-29',1,1),(227,267,2012,33,1,'2012-05-29','2012-05-29',1,1),(228,268,2012,33,1,'2012-05-29','2012-05-29',1,1),(229,260,2012,34,1,'2012-05-29','2012-05-29',1,1),(230,262,2012,34,1,'2012-05-29','2012-05-29',1,1),(231,269,2012,33,1,'2012-05-29','2012-05-29',1,1),(232,263,2012,34,1,'2012-05-29','2012-05-29',1,1),(233,270,2012,33,1,'2012-05-29','2012-05-29',1,1),(234,271,2012,33,1,'2012-05-29','2012-05-29',1,1),(235,266,2012,34,1,'2012-05-29','2012-05-29',1,1),(236,272,2012,33,1,'2012-05-29','2012-05-29',1,1),(237,268,2012,34,1,'2012-05-29','2012-05-29',1,1);
/*!40000 ALTER TABLE `taskdetail` ENABLE KEYS */;
UNLOCK TABLES;

--
-- Table structure for table `subtaskdetail`
--

DROP TABLE IF EXISTS `subtaskdetail`;
/*!40101 SET @saved_cs_client     = @@character_set_client */;
/*!40101 SET character_set_client = utf8 */;
CREATE TABLE `subtaskdetail` (
  `id` bigint(20) NOT NULL AUTO_INCREMENT,
  `taskDetailId` bigint(20) NOT NULL,
  `branchId` bigint(20) NOT NULL,
  `q1` double DEFAULT NULL,
  `q2` double DEFAULT NULL,
  `q3` double DEFAULT NULL,
  `q4` double DEFAULT NULL,
  `createdDate` date NOT NULL,
  `updatedDate` date NOT NULL,
  `updateBy` bigint(20) NOT NULL,
  `createBy` bigint(20) NOT NULL,
  PRIMARY KEY (`id`),
  UNIQUE KEY `sub_task_detail_index` (`taskDetailId`,`branchId`)
) ENGINE=MyISAM AUTO_INCREMENT=4 DEFAULT CHARSET=utf8 COLLATE=utf8_unicode_ci;
/*!40101 SET character_set_client = @saved_cs_client */;

--
-- Dumping data for table `subtaskdetail`
--

LOCK TABLES `subtaskdetail` WRITE;
/*!40000 ALTER TABLE `subtaskdetail` DISABLE KEYS */;
INSERT INTO `subtaskdetail` VALUES (1,4,13,1,NULL,NULL,NULL,'2012-03-20','2012-03-20',1,1),(2,4,11,NULL,6,NULL,NULL,'2012-03-20','2012-03-20',1,1),(3,4,8,NULL,NULL,NULL,5,'2012-03-20','2012-03-20',1,1);
/*!40000 ALTER TABLE `subtaskdetail` ENABLE KEYS */;
UNLOCK TABLES;

--
-- Table structure for table `station`
--

DROP TABLE IF EXISTS `station`;
/*!40101 SET @saved_cs_client     = @@character_set_client */;
/*!40101 SET character_set_client = utf8 */;
CREATE TABLE `station` (
  `id` bigint(20) NOT NULL AUTO_INCREMENT,
  `name` varchar(100) CHARACTER SET utf8 COLLATE utf8_unicode_ci NOT NULL,
  `createdDate` date NOT NULL,
  `updatedDate` date NOT NULL,
  `createBy` bigint(20) NOT NULL,
  `updateBy` bigint(20) NOT NULL,
  PRIMARY KEY (`id`)
) ENGINE=MyISAM AUTO_INCREMENT=39 DEFAULT CHARSET=latin1;
/*!40101 SET character_set_client = @saved_cs_client */;

--
-- Dumping data for table `station`
--

LOCK TABLES `station` WRITE;
/*!40000 ALTER TABLE `station` DISABLE KEYS */;
INSERT INTO `station` VALUES (27,'Công ty','2011-12-31','2011-12-31',1,1),(31,'Trung tâm Thanh Hóa','2012-01-08','2012-01-08',1,1),(32,'Trung tâm Cầu Giát','2012-01-08','2012-01-08',1,1),(33,'Trung tâm Vinh','2012-01-08','2012-01-08',1,1),(34,'Trung tâm Đồng Lê','2012-01-08','2012-01-08',1,1),(35,'Xí nghiệp XL và DV TTTH Điện','2012-01-08','2012-02-01',1,1),(37,'Tuyến ĐSTN','2012-05-24','2012-05-24',1,1),(38,'Tuyến ĐSNĐ','2012-05-24','2012-05-24',1,1);
/*!40000 ALTER TABLE `station` ENABLE KEYS */;
UNLOCK TABLES;

--
-- Table structure for table `subtaskannualdetail`
--

DROP TABLE IF EXISTS `subtaskannualdetail`;
/*!40101 SET @saved_cs_client     = @@character_set_client */;
/*!40101 SET character_set_client = utf8 */;
CREATE TABLE `subtaskannualdetail` (
  `id` bigint(20) NOT NULL AUTO_INCREMENT,
  `taskDetailId` bigint(20) NOT NULL,
  `branchId` bigint(20) NOT NULL,
  `lastYearValue` double DEFAULT NULL,
  `lastYear` int(11) NOT NULL,
  `currentYear` int(11) NOT NULL,
  `increaseValue` double DEFAULT NULL,
  `decreaseValue` double DEFAULT NULL,
  `realValue` double DEFAULT NULL,
  `createdDate` date NOT NULL,
  `updatedDate` date NOT NULL,
  `updateBy` bigint(20) NOT NULL,
  `createBy` bigint(20) NOT NULL,
  PRIMARY KEY (`id`)
) ENGINE=MyISAM AUTO_INCREMENT=643 DEFAULT CHARSET=utf8 COLLATE=utf8_unicode_ci;
/*!40101 SET character_set_client = @saved_cs_client */;

--
-- Dumping data for table `subtaskannualdetail`
--

LOCK TABLES `subtaskannualdetail` WRITE;
/*!40000 ALTER TABLE `subtaskannualdetail` DISABLE KEYS */;
INSERT INTO `subtaskannualdetail` VALUES (49,18,34,13.8,0,0,NULL,NULL,13.8,'2012-05-29','2012-05-29',1,1),(48,18,33,10.9,0,0,NULL,NULL,10.9,'2012-05-29','2012-05-29',1,1),(47,18,32,8.9,0,0,NULL,NULL,8.9,'2012-05-29','2012-05-29',1,1),(46,18,31,9,0,0,NULL,NULL,9,'2012-05-29','2012-05-29',1,1),(45,18,30,14.4,0,0,NULL,NULL,14.4,'2012-05-29','2012-05-29',1,1),(44,18,29,10.9,0,0,NULL,NULL,10.9,'2012-05-29','2012-05-29',1,1),(43,17,31,2,0,0,NULL,NULL,2,'2012-05-29','2012-05-29',1,1),(42,17,29,2,0,0,NULL,NULL,2,'2012-05-29','2012-05-29',1,1),(41,15,34,2,0,0,NULL,NULL,2,'2012-05-29','2012-05-29',1,1),(40,15,33,5,0,0,NULL,NULL,5,'2012-05-29','2012-05-29',1,1),(39,15,32,11.9,0,0,NULL,NULL,11.9,'2012-05-29','2012-05-29',1,1),(38,15,31,6,0,0,NULL,NULL,6,'2012-05-29','2012-05-29',1,1),(37,14,34,13.8,0,0,NULL,NULL,13.8,'2012-05-29','2012-05-29',1,1),(36,14,33,11.9,0,0,NULL,NULL,11.9,'2012-05-29','2012-05-29',1,1),(35,14,32,11.8,0,0,NULL,NULL,11.8,'2012-05-29','2012-05-29',1,1),(34,14,31,9,0,0,NULL,NULL,9,'2012-05-29','2012-05-29',1,1),(33,14,30,14.4,0,0,NULL,NULL,14.4,'2012-05-29','2012-05-29',1,1),(32,14,29,10.9,0,0,NULL,NULL,10.9,'2012-05-29','2012-05-29',1,1),(31,13,34,15.8,0,0,NULL,NULL,15.8,'2012-05-29','2012-05-29',1,1),(30,13,33,15.9,0,0,NULL,NULL,15.9,'2012-05-29','2012-05-29',1,1),(29,13,32,20.8,0,0,NULL,NULL,20.8,'2012-05-29','2012-05-29',1,1),(28,13,31,15,0,0,NULL,NULL,15,'2012-05-29','2012-05-29',1,1),(27,13,30,14.4,0,0,NULL,NULL,14.4,'2012-05-29','2012-05-29',1,1),(26,13,29,10.9,0,0,NULL,NULL,10.9,'2012-05-29','2012-05-29',1,1),(25,7,13,2,0,0,NULL,NULL,2,'2012-05-25','2012-05-25',1,1),(50,12,38,22.4,0,0,NULL,NULL,22.4,'2012-05-29','2012-05-29',1,1),(51,12,39,23,0,0,NULL,NULL,23,'2012-05-29','2012-05-29',1,1),(52,12,40,19.5,0,0,NULL,NULL,19.5,'2012-05-29','2012-05-29',1,1),(53,12,41,19.5,0,0,NULL,NULL,19.5,'2012-05-29','2012-05-29',1,1),(54,12,42,15,0,0,NULL,NULL,15,'2012-05-29','2012-05-29',1,1),(55,12,43,13,0,0,NULL,NULL,13,'2012-05-29','2012-05-29',1,1),(56,20,31,6,0,0,NULL,NULL,6,'2012-05-29','2012-05-29',1,1),(57,20,32,11.9,0,0,NULL,NULL,11.9,'2012-05-29','2012-05-29',1,1),(58,20,33,5,0,0,NULL,NULL,5,'2012-05-29','2012-05-29',1,1),(59,20,34,2,0,0,NULL,NULL,2,'2012-05-29','2012-05-29',1,1),(60,22,29,53,0,0,NULL,NULL,53,'2012-05-29','2012-05-29',1,1),(61,22,35,1,0,0,NULL,NULL,1,'2012-05-29','2012-05-29',1,1),(62,23,38,4.4,0,0,NULL,NULL,4.4,'2012-05-29','2012-05-29',1,1),(63,23,39,23,0,0,NULL,NULL,23,'2012-05-29','2012-05-29',1,1),(64,23,40,14,0,0,NULL,NULL,14,'2012-05-29','2012-05-29',1,1),(65,23,41,12,0,0,NULL,NULL,12,'2012-05-29','2012-05-29',1,1),(66,23,42,15,0,0,NULL,NULL,15,'2012-05-29','2012-05-29',1,1),(67,23,43,13,0,0,NULL,NULL,13,'2012-05-29','2012-05-29',1,1),(68,24,29,15,0,0,NULL,NULL,15,'2012-05-29','2012-05-29',1,1),(69,24,30,3,0,0,NULL,NULL,3,'2012-05-29','2012-05-29',1,1),(70,24,31,4,0,0,NULL,NULL,4,'2012-05-29','2012-05-29',1,1),(71,24,32,3,0,0,NULL,NULL,3,'2012-05-29','2012-05-29',1,1),(72,24,33,5,0,0,NULL,NULL,5,'2012-05-29','2012-05-29',1,1),(73,24,34,3,0,0,NULL,NULL,3,'2012-05-29','2012-05-29',1,1),(74,26,29,2,0,0,NULL,NULL,2,'2012-05-29','2012-05-29',1,1),(75,26,30,2,0,0,NULL,NULL,2,'2012-05-29','2012-05-29',1,1),(76,26,31,2,0,0,NULL,NULL,2,'2012-05-29','2012-05-29',1,1),(77,26,32,2,0,0,NULL,NULL,2,'2012-05-29','2012-05-29',1,1),(78,26,33,2,0,0,NULL,NULL,2,'2012-05-29','2012-05-29',1,1),(79,26,34,2,0,0,NULL,NULL,2,'2012-05-29','2012-05-29',1,1),(80,25,38,18,0,0,NULL,NULL,18,'2012-05-29','2012-05-29',1,1),(81,25,40,5.5,0,0,NULL,NULL,5.5,'2012-05-29','2012-05-29',1,1),(82,25,41,7.5,0,0,NULL,NULL,7.5,'2012-05-29','2012-05-29',1,1),(83,27,29,50,0,0,NULL,NULL,50,'2012-05-29','2012-05-29',1,1),(84,27,31,2,0,0,NULL,NULL,2,'2012-05-29','2012-05-29',1,1),(85,29,38,22.4,0,0,NULL,NULL,22.4,'2012-05-29','2012-05-29',1,1),(86,29,39,23,0,0,NULL,NULL,23,'2012-05-29','2012-05-29',1,1),(87,29,40,19.5,0,0,NULL,NULL,19.5,'2012-05-29','2012-05-29',1,1),(88,29,41,19.5,0,0,NULL,NULL,19.5,'2012-05-29','2012-05-29',1,1),(89,29,42,15,0,0,NULL,NULL,15,'2012-05-29','2012-05-29',1,1),(90,29,43,13,0,0,NULL,NULL,13,'2012-05-29','2012-05-29',1,1),(91,32,38,4.4,0,0,NULL,NULL,4.4,'2012-05-29','2012-05-29',1,1),(92,32,39,23,0,0,NULL,NULL,23,'2012-05-29','2012-05-29',1,1),(93,32,40,14,0,0,NULL,NULL,14,'2012-05-29','2012-05-29',1,1),(94,32,41,12,0,0,NULL,NULL,12,'2012-05-29','2012-05-29',1,1),(95,32,42,15,0,0,NULL,NULL,15,'2012-05-29','2012-05-29',1,1),(96,32,43,13,0,0,NULL,NULL,13,'2012-05-29','2012-05-29',1,1),(97,33,38,18,0,0,NULL,NULL,18,'2012-05-29','2012-05-29',1,1),(98,33,40,5.5,0,0,NULL,NULL,5.5,'2012-05-29','2012-05-29',1,1),(99,33,41,7.5,0,0,NULL,NULL,7.5,'2012-05-29','2012-05-29',1,1),(100,37,29,32,0,0,NULL,NULL,32,'2012-05-29','2012-05-29',1,1),(101,37,30,88,0,0,NULL,NULL,88,'2012-05-29','2012-05-29',1,1),(102,37,31,50,0,0,10,NULL,60,'2012-05-29','2012-05-29',1,1),(103,37,32,23,0,0,NULL,NULL,23,'2012-05-29','2012-05-29',1,1),(104,37,33,80,0,0,2,NULL,82,'2012-05-29','2012-05-29',1,1),(105,37,34,20,0,0,NULL,NULL,20,'2012-05-29','2012-05-29',1,1),(106,34,39,5,0,0,NULL,NULL,5,'2012-05-29','2012-05-29',1,1),(107,34,40,10,0,0,NULL,NULL,10,'2012-05-29','2012-05-29',1,1),(108,34,42,6,0,0,NULL,NULL,6,'2012-05-29','2012-05-29',1,1),(109,34,43,13,0,0,NULL,NULL,13,'2012-05-29','2012-05-29',1,1),(110,42,29,2,0,0,NULL,NULL,2,'2012-05-29','2012-05-29',1,1),(111,43,29,1,0,0,NULL,NULL,1,'2012-05-29','2012-05-29',1,1),(112,43,30,2,0,0,NULL,NULL,2,'2012-05-29','2012-05-29',1,1),(113,43,31,2,0,0,NULL,NULL,2,'2012-05-29','2012-05-29',1,1),(114,43,32,2,0,0,NULL,NULL,2,'2012-05-29','2012-05-29',1,1),(115,43,33,2,0,0,NULL,NULL,2,'2012-05-29','2012-05-29',1,1),(116,43,34,2,0,0,NULL,NULL,2,'2012-05-29','2012-05-29',1,1),(117,38,8,9.85,0,0,NULL,NULL,9.85,'2012-05-29','2012-05-29',1,1),(118,38,12,21,0,0,NULL,NULL,21,'2012-05-29','2012-05-29',1,1),(119,38,11,10.45,0,0,NULL,NULL,10.45,'2012-05-29','2012-05-29',1,1),(120,38,13,21.75,0,0,NULL,NULL,21.75,'2012-05-29','2012-05-29',1,1),(121,38,9,20.5,0,0,NULL,NULL,20.5,'2012-05-29','2012-05-29',1,1),(122,39,13,21.8,0,0,NULL,NULL,21.8,'2012-05-29','2012-05-29',1,1),(123,39,12,20,0,0,NULL,NULL,20,'2012-05-29','2012-05-29',1,1),(124,39,11,8.45,0,0,NULL,NULL,8.45,'2012-05-29','2012-05-29',1,1),(125,39,9,18.3,0,0,NULL,NULL,18.3,'2012-05-29','2012-05-29',1,1),(126,39,8,6.05,0,0,NULL,NULL,6.05,'2012-05-29','2012-05-29',1,1),(127,44,29,182,0,0,NULL,NULL,182,'2012-05-29','2012-05-29',1,1),(128,44,30,258,0,0,NULL,NULL,258,'2012-05-29','2012-05-29',1,1),(129,44,31,276,0,0,NULL,NULL,276,'2012-05-29','2012-05-29',1,1),(130,44,32,318,0,0,NULL,NULL,318,'2012-05-29','2012-05-29',1,1),(131,44,33,270,0,0,NULL,NULL,270,'2012-05-29','2012-05-29',1,1),(132,44,34,268,0,0,NULL,NULL,268,'2012-05-29','2012-05-29',1,1),(133,40,12,1,0,0,NULL,NULL,1,'2012-05-29','2012-05-29',1,1),(134,40,8,3.8,0,0,NULL,NULL,3.8,'2012-05-29','2012-05-29',1,1),(135,40,9,2.2,0,0,NULL,NULL,2.2,'2012-05-29','2012-05-29',1,1),(136,40,11,2,0,0,NULL,NULL,2,'2012-05-29','2012-05-29',1,1),(137,45,38,23,0,0,NULL,NULL,23,'2012-05-29','2012-05-29',1,1),(138,45,39,31,0,0,NULL,NULL,31,'2012-05-29','2012-05-29',1,1),(139,45,40,16,0,0,NULL,NULL,16,'2012-05-29','2012-05-29',1,1),(140,45,41,29,0,0,NULL,NULL,29,'2012-05-29','2012-05-29',1,1),(141,45,42,26,0,0,NULL,NULL,26,'2012-05-29','2012-05-29',1,1),(142,45,43,8,0,0,NULL,NULL,8,'2012-05-29','2012-05-29',1,1),(143,41,8,18.3,0,0,NULL,NULL,18.3,'2012-05-29','2012-05-29',1,1),(144,41,9,26,0,0,NULL,NULL,26,'2012-05-29','2012-05-29',1,1),(145,41,11,26.1,0,0,NULL,NULL,26.1,'2012-05-29','2012-05-29',1,1),(146,41,12,22.6,0,0,NULL,NULL,22.6,'2012-05-29','2012-05-29',1,1),(147,41,13,24.2,0,0,NULL,NULL,24.2,'2012-05-29','2012-05-29',1,1),(148,46,38,3,0,0,NULL,NULL,3,'2012-05-29','2012-05-29',1,1),(149,46,39,3,0,0,NULL,NULL,3,'2012-05-29','2012-05-29',1,1),(150,46,40,2,0,0,NULL,NULL,2,'2012-05-29','2012-05-29',1,1),(151,46,41,2,0,0,NULL,NULL,2,'2012-05-29','2012-05-29',1,1),(152,46,42,2,0,0,NULL,NULL,2,'2012-05-29','2012-05-29',1,1),(153,46,43,2,0,0,NULL,NULL,2,'2012-05-29','2012-05-29',1,1),(154,50,39,5,0,0,NULL,NULL,5,'2012-05-29','2012-05-29',1,1),(155,50,40,8,0,0,NULL,NULL,8,'2012-05-29','2012-05-29',1,1),(156,50,42,6,0,0,NULL,NULL,6,'2012-05-29','2012-05-29',1,1),(157,50,43,13,0,0,NULL,NULL,13,'2012-05-29','2012-05-29',1,1),(158,47,8,5.95,0,0,NULL,NULL,5.95,'2012-05-29','2012-05-29',1,1),(159,47,9,18.3,0,0,NULL,NULL,18.3,'2012-05-29','2012-05-29',1,1),(160,47,11,8.45,0,0,NULL,NULL,8.45,'2012-05-29','2012-05-29',1,1),(161,47,12,20,0,0,NULL,NULL,20,'2012-05-29','2012-05-29',1,1),(162,47,13,21.8,0,0,NULL,NULL,21.8,'2012-05-29','2012-05-29',1,1),(163,50,44,1,0,0,NULL,NULL,1,'2012-05-29','2012-05-29',1,1),(164,48,8,3.8,0,0,NULL,NULL,3.8,'2012-05-29','2012-05-29',1,1),(165,48,9,2.2,0,0,NULL,NULL,2.2,'2012-05-29','2012-05-29',1,1),(166,48,11,2,0,0,NULL,NULL,2,'2012-05-29','2012-05-29',1,1),(167,48,12,1,0,0,NULL,NULL,1,'2012-05-29','2012-05-29',1,1),(168,49,8,11,0,0,NULL,NULL,11,'2012-05-29','2012-05-29',1,1),(169,49,9,13,0,0,NULL,NULL,13,'2012-05-29','2012-05-29',1,1),(170,49,11,35,0,0,NULL,NULL,35,'2012-05-29','2012-05-29',1,1),(171,49,12,8,0,0,NULL,NULL,8,'2012-05-29','2012-05-29',1,1),(172,49,13,9,0,0,NULL,NULL,9,'2012-05-29','2012-05-29',1,1),(173,51,38,58,0,0,NULL,NULL,58,'2012-05-29','2012-05-29',1,1),(174,51,40,86,0,0,NULL,NULL,86,'2012-05-29','2012-05-29',1,1),(175,51,41,104,0,0,NULL,NULL,104,'2012-05-29','2012-05-29',1,1),(176,51,42,32,0,0,NULL,NULL,32,'2012-05-29','2012-05-29',1,1),(177,51,43,43,0,0,NULL,NULL,43,'2012-05-29','2012-05-29',1,1),(178,49,14,1,0,0,NULL,NULL,1,'2012-05-29','2012-05-29',1,1),(179,52,41,2,0,0,NULL,NULL,2,'2012-05-29','2012-05-29',1,1),(180,53,38,3,0,0,NULL,NULL,3,'2012-05-29','2012-05-29',1,1),(181,53,39,2,0,0,NULL,NULL,2,'2012-05-29','2012-05-29',1,1),(182,53,40,2,0,0,NULL,NULL,2,'2012-05-29','2012-05-29',1,1),(183,53,41,2,0,0,NULL,NULL,2,'2012-05-29','2012-05-29',1,1),(184,53,42,2,0,0,NULL,NULL,2,'2012-05-29','2012-05-29',1,1),(185,53,43,1,0,0,NULL,NULL,1,'2012-05-29','2012-05-29',1,1),(186,57,29,140,0,0,NULL,NULL,140,'2012-05-29','2012-05-29',1,1),(187,57,30,378,0,0,NULL,NULL,378,'2012-05-29','2012-05-29',1,1),(188,57,31,220,0,0,NULL,NULL,220,'2012-05-29','2012-05-29',1,1),(189,57,32,231,0,0,NULL,NULL,231,'2012-05-29','2012-05-29',1,1),(190,57,33,220,0,0,NULL,NULL,220,'2012-05-29','2012-05-29',1,1),(191,57,34,175,0,0,NULL,NULL,175,'2012-05-29','2012-05-29',1,1),(192,55,38,400,0,0,NULL,NULL,400,'2012-05-29','2012-05-29',1,1),(193,55,39,410,0,0,NULL,NULL,410,'2012-05-29','2012-05-29',1,1),(194,55,40,360,0,0,NULL,NULL,360,'2012-05-29','2012-05-29',1,1),(195,55,41,360,0,0,NULL,NULL,360,'2012-05-29','2012-05-29',1,1),(196,55,42,280,0,0,NULL,NULL,280,'2012-05-29','2012-05-29',1,1),(197,55,43,235,0,0,NULL,NULL,235,'2012-05-29','2012-05-29',1,1),(198,59,29,2556,0,0,NULL,NULL,2556,'2012-05-29','2012-05-29',1,1),(199,59,30,3636,0,0,NULL,NULL,3636,'2012-05-29','2012-05-29',1,1),(200,59,31,3900,0,0,NULL,NULL,3900,'2012-05-29','2012-05-29',1,1),(201,59,32,4416,0,0,NULL,NULL,4416,'2012-05-29','2012-05-29',1,1),(202,59,33,3804,0,0,NULL,NULL,3804,'2012-05-29','2012-05-29',1,1),(203,59,34,3780,0,0,NULL,NULL,3780,'2012-05-29','2012-05-29',1,1),(204,60,38,305,0,0,NULL,NULL,305,'2012-05-29','2012-05-29',1,1),(205,60,39,312,0,0,NULL,NULL,312,'2012-05-29','2012-05-29',1,1),(206,60,40,360,0,0,NULL,NULL,360,'2012-05-29','2012-05-29',1,1),(207,60,41,356,0,0,NULL,NULL,356,'2012-05-29','2012-05-29',1,1),(208,60,42,223,0,0,NULL,NULL,223,'2012-05-29','2012-05-29',1,1),(209,60,43,176,0,0,NULL,NULL,176,'2012-05-29','2012-05-29',1,1),(210,63,29,10.9,0,0,NULL,NULL,10.9,'2012-05-29','2012-05-29',1,1),(211,63,30,14.4,0,0,NULL,NULL,14.4,'2012-05-29','2012-05-29',1,1),(212,63,31,9,0,0,NULL,NULL,9,'2012-05-29','2012-05-29',1,1),(213,63,32,8.9,0,0,NULL,NULL,8.9,'2012-05-29','2012-05-29',1,1),(214,63,33,10.9,0,0,NULL,NULL,10.9,'2012-05-29','2012-05-29',1,1),(215,63,34,13.8,0,0,NULL,NULL,13.8,'2012-05-29','2012-05-29',1,1),(216,67,31,6,0,0,NULL,NULL,6,'2012-05-29','2012-05-29',1,1),(217,67,32,11.9,0,0,NULL,NULL,11.9,'2012-05-29','2012-05-29',1,1),(218,67,33,5,0,0,NULL,NULL,5,'2012-05-29','2012-05-29',1,1),(219,67,34,2,0,0,NULL,NULL,2,'2012-05-29','2012-05-29',1,1),(220,65,38,6600,0,0,NULL,NULL,6600,'2012-05-29','2012-05-29',1,1),(221,65,39,6703,0,0,NULL,NULL,6703,'2012-05-29','2012-05-29',1,1),(222,65,40,5872,0,0,NULL,NULL,5872,'2012-05-29','2012-05-29',1,1),(223,65,41,5772,0,0,NULL,NULL,5772,'2012-05-29','2012-05-29',1,1),(224,65,42,4354,0,0,NULL,NULL,4354,'2012-05-29','2012-05-29',1,1),(225,65,43,3858,0,0,NULL,NULL,3858,'2012-05-29','2012-05-29',1,1),(226,69,29,50,0,0,NULL,NULL,50,'2012-05-29','2012-05-29',1,1),(227,69,31,2,0,0,NULL,NULL,2,'2012-05-29','2012-05-29',1,1),(228,54,13,62,0,0,NULL,NULL,62,'2012-05-29','2012-05-29',1,1),(229,54,12,47,0,0,NULL,NULL,47,'2012-05-29','2012-05-29',1,1),(230,54,8,26,0,0,NULL,NULL,26,'2012-05-29','2012-05-29',1,1),(231,54,9,26,0,0,NULL,NULL,26,'2012-05-29','2012-05-29',1,1),(232,54,11,48,0,0,NULL,NULL,48,'2012-05-29','2012-05-29',1,1),(233,70,38,5,0,0,NULL,NULL,5,'2012-05-29','2012-05-29',1,1),(234,70,39,4,0,0,NULL,NULL,4,'2012-05-29','2012-05-29',1,1),(235,70,40,2,0,0,NULL,NULL,2,'2012-05-29','2012-05-29',1,1),(236,70,41,2,0,0,NULL,NULL,2,'2012-05-29','2012-05-29',1,1),(237,70,42,5,0,0,NULL,NULL,5,'2012-05-29','2012-05-29',1,1),(238,56,13,2,0,0,NULL,NULL,2,'2012-05-29','2012-05-29',1,1),(239,56,8,2,0,0,NULL,NULL,2,'2012-05-29','2012-05-29',1,1),(240,56,9,2,0,0,NULL,NULL,2,'2012-05-29','2012-05-29',1,1),(241,56,11,2,0,0,NULL,NULL,2,'2012-05-29','2012-05-29',1,1),(242,58,11,1,0,0,NULL,NULL,1,'2012-05-29','2012-05-29',1,1),(243,58,14,1,0,0,NULL,NULL,1,'2012-05-29','2012-05-29',1,1),(244,71,38,11,0,0,NULL,NULL,11,'2012-05-29','2012-05-29',1,1),(245,71,39,2,0,0,NULL,NULL,2,'2012-05-29','2012-05-29',1,1),(246,71,40,4,0,0,NULL,NULL,4,'2012-05-29','2012-05-29',1,1),(247,71,41,1,0,0,NULL,NULL,1,'2012-05-29','2012-05-29',1,1),(248,71,42,1,0,0,NULL,NULL,1,'2012-05-29','2012-05-29',1,1),(249,62,8,3,0,0,NULL,NULL,3,'2012-05-29','2012-05-29',1,1),(250,62,13,12,0,0,NULL,NULL,12,'2012-05-29','2012-05-29',1,1),(251,64,9,1,0,0,NULL,NULL,1,'2012-05-29','2012-05-29',1,1),(252,64,11,4,0,0,NULL,NULL,4,'2012-05-29','2012-05-29',1,1),(253,73,38,3,0,0,NULL,NULL,3,'2012-05-29','2012-05-29',1,1),(254,73,39,5,0,0,NULL,NULL,5,'2012-05-29','2012-05-29',1,1),(255,73,42,6,0,0,NULL,NULL,6,'2012-05-29','2012-05-29',1,1),(256,73,43,13,0,0,NULL,NULL,13,'2012-05-29','2012-05-29',1,1),(257,78,38,409,0,0,NULL,NULL,409,'2012-05-29','2012-05-29',1,1),(258,78,39,445,0,0,NULL,NULL,445,'2012-05-29','2012-05-29',1,1),(259,78,40,365,0,0,NULL,NULL,365,'2012-05-29','2012-05-29',1,1),(260,78,41,348,0,0,NULL,NULL,348,'2012-05-29','2012-05-29',1,1),(261,78,42,282,0,0,NULL,NULL,282,'2012-05-29','2012-05-29',1,1),(262,78,43,241,0,0,NULL,NULL,241,'2012-05-29','2012-05-29',1,1),(263,79,29,72,0,0,NULL,NULL,72,'2012-05-29','2012-05-29',1,1),(264,79,30,285,0,0,NULL,NULL,285,'2012-05-29','2012-05-29',1,1),(265,79,31,300,0,0,NULL,NULL,300,'2012-05-29','2012-05-29',1,1),(266,79,32,384,0,0,NULL,NULL,384,'2012-05-29','2012-05-29',1,1),(267,79,34,116,0,0,NULL,NULL,116,'2012-05-29','2012-05-29',1,1),(268,74,12,2,0,0,NULL,NULL,2,'2012-05-29','2012-05-29',1,1),(269,74,13,2,0,0,NULL,NULL,2,'2012-05-29','2012-05-29',1,1),(270,74,8,2,0,0,NULL,NULL,2,'2012-05-29','2012-05-29',1,1),(271,74,9,2,0,0,NULL,NULL,2,'2012-05-29','2012-05-29',1,1),(272,74,11,1,0,0,NULL,NULL,1,'2012-05-29','2012-05-29',1,1),(273,82,29,3,0,0,NULL,NULL,3,'2012-05-29','2012-05-29',1,1),(274,82,30,2,0,0,NULL,NULL,2,'2012-05-29','2012-05-29',1,1),(275,82,31,2,0,0,NULL,NULL,2,'2012-05-29','2012-05-29',1,1),(276,82,32,2,0,0,NULL,NULL,2,'2012-05-29','2012-05-29',1,1),(277,82,33,2,0,0,NULL,NULL,2,'2012-05-29','2012-05-29',1,1),(278,82,34,2,0,0,NULL,NULL,2,'2012-05-29','2012-05-29',1,1),(279,75,8,200,0,0,NULL,NULL,200,'2012-05-29','2012-05-29',1,1),(280,75,9,405,0,0,NULL,NULL,405,'2012-05-29','2012-05-29',1,1),(281,75,11,200,0,0,NULL,NULL,200,'2012-05-29','2012-05-29',1,1),(282,75,12,410,0,0,NULL,NULL,410,'2012-05-29','2012-05-29',1,1),(283,75,13,430,0,0,NULL,NULL,430,'2012-05-29','2012-05-29',1,1),(284,81,38,3,0,0,NULL,NULL,3,'2012-05-29','2012-05-29',1,1),(285,81,39,3,0,0,NULL,NULL,3,'2012-05-29','2012-05-29',1,1),(286,81,40,2,0,0,NULL,NULL,2,'2012-05-29','2012-05-29',1,1),(287,81,41,4,0,0,NULL,NULL,4,'2012-05-29','2012-05-29',1,1),(288,81,42,6,0,0,NULL,NULL,6,'2012-05-29','2012-05-29',1,1),(289,81,43,9,0,0,NULL,NULL,9,'2012-05-29','2012-05-29',1,1),(290,84,29,48,0,0,NULL,NULL,48,'2012-05-29','2012-05-29',1,1),(291,84,30,24,0,0,NULL,NULL,24,'2012-05-29','2012-05-29',1,1),(292,84,31,24,0,0,NULL,NULL,24,'2012-05-29','2012-05-29',1,1),(293,84,32,24,0,0,NULL,NULL,24,'2012-05-29','2012-05-29',1,1),(294,84,33,48,0,0,NULL,NULL,48,'2012-05-29','2012-05-29',1,1),(295,84,34,24,0,0,NULL,NULL,24,'2012-05-29','2012-05-29',1,1),(296,76,13,182,0,0,NULL,NULL,182,'2012-05-29','2012-05-29',1,1),(297,86,30,16,0,0,NULL,NULL,16,'2012-05-29','2012-05-29',1,1),(298,86,34,6,0,0,NULL,NULL,6,'2012-05-29','2012-05-29',1,1),(299,66,8,2.5,0,0,NULL,NULL,2.5,'2012-05-29','2012-05-29',1,1),(300,66,9,4.8,0,0,NULL,NULL,4.8,'2012-05-29','2012-05-29',1,1),(301,66,11,3.1,0,0,NULL,NULL,3.1,'2012-05-29','2012-05-29',1,1),(302,66,12,1.4,0,0,NULL,NULL,1.4,'2012-05-29','2012-05-29',1,1),(303,66,13,3.5,0,0,NULL,NULL,3.5,'2012-05-29','2012-05-29',1,1),(304,85,38,80,0,0,NULL,NULL,80,'2012-05-29','2012-05-29',1,1),(305,85,39,48,0,0,NULL,NULL,48,'2012-05-29','2012-05-29',1,1),(306,85,40,156,0,0,NULL,NULL,156,'2012-05-29','2012-05-29',1,1),(307,85,41,84,0,0,NULL,NULL,84,'2012-05-29','2012-05-29',1,1),(308,85,42,50,0,0,NULL,NULL,50,'2012-05-29','2012-05-29',1,1),(309,85,43,30,0,0,NULL,NULL,30,'2012-05-29','2012-05-29',1,1),(310,87,32,6,0,0,NULL,NULL,6,'2012-05-29','2012-05-29',1,1),(311,68,8,3.8,0,0,NULL,NULL,3.8,'2012-05-29','2012-05-29',1,1),(312,68,9,2.2,0,0,NULL,NULL,2.2,'2012-05-29','2012-05-29',1,1),(313,68,11,1,0,0,NULL,NULL,1,'2012-05-29','2012-05-29',1,1),(314,88,29,378,0,0,NULL,NULL,378,'2012-05-29','2012-05-29',1,1),(315,88,30,514,0,0,NULL,NULL,514,'2012-05-29','2012-05-29',1,1),(316,88,31,580,0,0,NULL,NULL,580,'2012-05-29','2012-05-29',1,1),(317,88,32,782,0,0,NULL,NULL,782,'2012-05-29','2012-05-29',1,1),(318,88,33,632,0,0,NULL,NULL,632,'2012-05-29','2012-05-29',1,1),(319,88,34,544,0,0,NULL,NULL,544,'2012-05-29','2012-05-29',1,1),(320,89,39,3,0,0,NULL,NULL,3,'2012-05-29','2012-05-29',1,1),(321,89,40,3,0,0,NULL,NULL,3,'2012-05-29','2012-05-29',1,1),(322,89,41,4,0,0,NULL,NULL,4,'2012-05-29','2012-05-29',1,1),(323,89,43,2,0,0,NULL,NULL,2,'2012-05-29','2012-05-29',1,1),(324,90,29,378,0,0,NULL,NULL,378,'2012-05-29','2012-05-29',1,1),(325,90,30,582,0,0,NULL,NULL,582,'2012-05-29','2012-05-29',1,1),(326,90,31,580,0,0,NULL,NULL,580,'2012-05-29','2012-05-29',1,1),(327,90,32,791,0,0,NULL,NULL,791,'2012-05-29','2012-05-29',1,1),(328,90,33,632,0,0,NULL,NULL,632,'2012-05-29','2012-05-29',1,1),(329,90,34,544,0,0,NULL,NULL,544,'2012-05-29','2012-05-29',1,1),(330,99,38,870,0,0,NULL,NULL,870,'2012-05-29','2012-05-29',1,1),(331,99,39,841,0,0,NULL,NULL,841,'2012-05-29','2012-05-29',1,1),(332,99,40,626,0,0,NULL,NULL,626,'2012-05-29','2012-05-29',1,1),(333,99,41,638,0,0,NULL,NULL,638,'2012-05-29','2012-05-29',1,1),(334,99,42,536,0,0,NULL,NULL,536,'2012-05-29','2012-05-29',1,1),(335,99,43,462,0,0,NULL,NULL,462,'2012-05-29','2012-05-29',1,1),(336,102,29,344,0,0,NULL,NULL,344,'2012-05-29','2012-05-29',1,1),(337,102,30,600,0,0,NULL,NULL,600,'2012-05-29','2012-05-29',1,1),(338,102,31,463,0,0,NULL,NULL,463,'2012-05-29','2012-05-29',1,1),(339,102,32,322,0,0,NULL,NULL,322,'2012-05-29','2012-05-29',1,1),(340,102,33,739,0,0,NULL,NULL,739,'2012-05-29','2012-05-29',1,1),(341,102,34,227,0,0,NULL,NULL,227,'2012-05-29','2012-05-29',1,1),(342,93,12,189,0,0,NULL,NULL,189,'2012-05-29','2012-05-29',1,1),(343,93,13,213,0,0,NULL,NULL,213,'2012-05-29','2012-05-29',1,1),(344,93,8,90,0,0,NULL,NULL,90,'2012-05-29','2012-05-29',1,1),(345,93,9,220,0,0,NULL,NULL,220,'2012-05-29','2012-05-29',1,1),(346,93,11,120,0,0,NULL,NULL,120,'2012-05-29','2012-05-29',1,1),(347,94,12,10,0,0,NULL,NULL,10,'2012-05-29','2012-05-29',1,1),(348,94,13,25,0,0,NULL,NULL,25,'2012-05-29','2012-05-29',1,1),(349,94,8,10,0,0,NULL,NULL,10,'2012-05-29','2012-05-29',1,1),(350,94,9,75,0,0,NULL,NULL,75,'2012-05-29','2012-05-29',1,1),(351,94,11,60,0,0,NULL,NULL,60,'2012-05-29','2012-05-29',1,1),(352,103,29,32,0,0,NULL,NULL,32,'2012-05-29','2012-05-29',1,1),(353,103,30,88,0,0,NULL,NULL,88,'2012-05-29','2012-05-29',1,1),(354,103,31,50,0,0,NULL,NULL,50,'2012-05-29','2012-05-29',1,1),(355,103,32,23,0,0,NULL,NULL,23,'2012-05-29','2012-05-29',1,1),(356,103,33,80,0,0,NULL,NULL,80,'2012-05-29','2012-05-29',1,1),(357,103,34,20,0,0,NULL,NULL,20,'2012-05-29','2012-05-29',1,1),(358,104,38,870,0,0,NULL,NULL,870,'2012-05-29','2012-05-29',1,1),(359,104,39,841,0,0,NULL,NULL,841,'2012-05-29','2012-05-29',1,1),(360,104,40,626,0,0,NULL,NULL,626,'2012-05-29','2012-05-29',1,1),(361,104,41,638,0,0,NULL,NULL,638,'2012-05-29','2012-05-29',1,1),(362,104,42,536,0,0,NULL,NULL,536,'2012-05-29','2012-05-29',1,1),(363,104,43,462,0,0,NULL,NULL,462,'2012-05-29','2012-05-29',1,1),(364,95,8,1,0,0,NULL,NULL,1,'2012-05-29','2012-05-29',1,1),(365,95,9,2,0,0,NULL,NULL,2,'2012-05-29','2012-05-29',1,1),(366,95,11,4,0,0,NULL,NULL,4,'2012-05-29','2012-05-29',1,1),(367,95,12,2,0,0,NULL,NULL,2,'2012-05-29','2012-05-29',1,1),(368,95,13,2,0,0,NULL,NULL,2,'2012-05-29','2012-05-29',1,1),(369,105,29,3,0,0,NULL,NULL,3,'2012-05-29','2012-05-29',1,1),(370,105,30,2,0,0,NULL,NULL,2,'2012-05-29','2012-05-29',1,1),(371,105,31,2,0,0,NULL,NULL,2,'2012-05-29','2012-05-29',1,1),(372,105,32,2,0,0,NULL,NULL,2,'2012-05-29','2012-05-29',1,1),(373,105,33,2,0,0,NULL,NULL,2,'2012-05-29','2012-05-29',1,1),(374,105,34,2,0,0,NULL,NULL,2,'2012-05-29','2012-05-29',1,1),(375,97,8,56,0,0,NULL,NULL,56,'2012-05-29','2012-05-29',1,1),(376,97,8,56,0,0,NULL,NULL,56,'2012-05-29','2012-05-29',1,1),(377,97,9,196,0,0,NULL,NULL,196,'2012-05-29','2012-05-29',1,1),(378,97,9,196,0,0,NULL,NULL,196,'2012-05-29','2012-05-29',1,1),(379,97,11,138,0,0,NULL,NULL,138,'2012-05-29','2012-05-29',1,1),(380,97,11,138,0,0,NULL,NULL,138,'2012-05-29','2012-05-29',1,1),(381,97,12,150,0,0,NULL,NULL,150,'2012-05-29','2012-05-29',1,1),(382,97,12,150,0,0,NULL,NULL,150,'2012-05-29','2012-05-29',1,1),(383,97,13,112,0,0,NULL,NULL,112,'2012-05-29','2012-05-29',1,1),(384,97,13,112,0,0,NULL,NULL,112,'2012-05-29','2012-05-29',1,1),(385,107,29,21,0,0,NULL,NULL,21,'2012-05-29','2012-05-29',1,1),(386,107,30,35,0,0,NULL,NULL,35,'2012-05-29','2012-05-29',1,1),(387,107,31,18,0,0,NULL,NULL,18,'2012-05-29','2012-05-29',1,1),(388,107,32,6,0,0,NULL,NULL,6,'2012-05-29','2012-05-29',1,1),(389,107,33,28,0,0,NULL,NULL,28,'2012-05-29','2012-05-29',1,1),(390,107,34,24,0,0,NULL,NULL,24,'2012-05-29','2012-05-29',1,1),(391,106,38,220,0,0,NULL,NULL,220,'2012-05-29','2012-05-29',1,1),(392,106,39,380,0,0,NULL,NULL,380,'2012-05-29','2012-05-29',1,1),(393,106,40,590,0,0,NULL,NULL,590,'2012-05-29','2012-05-29',1,1),(394,106,41,268,0,0,NULL,NULL,268,'2012-05-29','2012-05-29',1,1),(395,106,42,119,0,0,NULL,NULL,119,'2012-05-29','2012-05-29',1,1),(396,106,43,125,0,0,NULL,NULL,125,'2012-05-29','2012-05-29',1,1),(397,109,29,26,0,0,NULL,NULL,26,'2012-05-29','2012-05-29',1,1),(398,109,30,35,0,0,NULL,NULL,35,'2012-05-29','2012-05-29',1,1),(399,109,31,18,0,0,NULL,NULL,18,'2012-05-29','2012-05-29',1,1),(400,109,32,8,0,0,NULL,NULL,8,'2012-05-29','2012-05-29',1,1),(401,109,33,26,0,0,NULL,NULL,26,'2012-05-29','2012-05-29',1,1),(402,109,34,50,0,0,NULL,NULL,50,'2012-05-29','2012-05-29',1,1),(403,110,38,58,0,0,NULL,NULL,58,'2012-05-29','2012-05-29',1,1),(404,110,39,57,0,0,NULL,NULL,57,'2012-05-29','2012-05-29',1,1),(405,110,40,86,0,0,NULL,NULL,86,'2012-05-29','2012-05-29',1,1),(406,110,41,104,0,0,NULL,NULL,104,'2012-05-29','2012-05-29',1,1),(407,110,42,32,0,0,NULL,NULL,32,'2012-05-29','2012-05-29',1,1),(408,110,43,43,0,0,NULL,NULL,43,'2012-05-29','2012-05-29',1,1),(409,114,29,213,0,0,NULL,NULL,213,'2012-05-29','2012-05-29',1,1),(410,114,30,303,0,0,NULL,NULL,303,'2012-05-29','2012-05-29',1,1),(411,114,31,325,0,0,NULL,NULL,325,'2012-05-29','2012-05-29',1,1),(412,114,32,368,0,0,NULL,NULL,368,'2012-05-29','2012-05-29',1,1),(413,114,33,317,0,0,NULL,NULL,317,'2012-05-29','2012-05-29',1,1),(414,114,34,315,0,0,NULL,NULL,315,'2012-05-29','2012-05-29',1,1),(415,115,29,2,0,0,NULL,NULL,2,'2012-05-29','2012-05-29',1,1),(416,115,30,2,0,0,NULL,NULL,2,'2012-05-29','2012-05-29',1,1),(417,116,29,42,0,0,NULL,NULL,42,'2012-05-29','2012-05-29',1,1),(418,113,38,3,0,0,NULL,NULL,3,'2012-05-29','2012-05-29',1,1),(419,113,39,3,0,0,NULL,NULL,3,'2012-05-29','2012-05-29',1,1),(420,113,40,2,0,0,NULL,NULL,2,'2012-05-29','2012-05-29',1,1),(421,113,41,2,0,0,NULL,NULL,2,'2012-05-29','2012-05-29',1,1),(422,113,42,2,0,0,NULL,NULL,2,'2012-05-29','2012-05-29',1,1),(423,113,43,2,0,0,NULL,NULL,2,'2012-05-29','2012-05-29',1,1),(424,120,29,1,0,0,NULL,NULL,1,'2012-05-29','2012-05-29',1,1),(425,120,30,2,0,0,NULL,NULL,2,'2012-05-29','2012-05-29',1,1),(426,120,31,2,0,0,NULL,NULL,2,'2012-05-29','2012-05-29',1,1),(427,120,32,2,0,0,NULL,NULL,2,'2012-05-29','2012-05-29',1,1),(428,120,33,2,0,0,NULL,NULL,2,'2012-05-29','2012-05-29',1,1),(429,120,34,2,0,0,NULL,NULL,2,'2012-05-29','2012-05-29',1,1),(430,119,38,18,0,0,NULL,NULL,18,'2012-05-29','2012-05-29',1,1),(431,119,39,12,0,0,NULL,NULL,12,'2012-05-29','2012-05-29',1,1),(432,119,40,27,0,0,NULL,NULL,27,'2012-05-29','2012-05-29',1,1),(433,119,41,20,0,0,NULL,NULL,20,'2012-05-29','2012-05-29',1,1),(434,119,42,15,0,0,NULL,NULL,15,'2012-05-29','2012-05-29',1,1),(435,119,43,12,0,0,NULL,NULL,12,'2012-05-29','2012-05-29',1,1),(436,123,35,1,0,0,NULL,NULL,1,'2012-05-29','2012-05-29',1,1),(437,122,38,20,0,0,NULL,NULL,20,'2012-05-29','2012-05-29',1,1),(438,122,39,25,0,0,NULL,NULL,25,'2012-05-29','2012-05-29',1,1),(439,122,40,52,0,0,NULL,NULL,52,'2012-05-29','2012-05-29',1,1),(440,122,41,49,0,0,NULL,NULL,49,'2012-05-29','2012-05-29',1,1),(441,122,42,27,0,0,NULL,NULL,27,'2012-05-29','2012-05-29',1,1),(442,122,43,10,0,0,NULL,NULL,10,'2012-05-29','2012-05-29',1,1),(443,124,29,1,0,0,NULL,NULL,1,'2012-05-29','2012-05-29',1,1),(444,124,30,2,0,0,NULL,NULL,2,'2012-05-29','2012-05-29',1,1),(445,124,31,2,0,0,NULL,NULL,2,'2012-05-29','2012-05-29',1,1),(446,124,32,2,0,0,NULL,NULL,2,'2012-05-29','2012-05-29',1,1),(447,124,33,2,0,0,NULL,NULL,2,'2012-05-29','2012-05-29',1,1),(448,124,34,2,0,0,NULL,NULL,2,'2012-05-29','2012-05-29',1,1),(449,125,35,1,0,0,NULL,NULL,1,'2012-05-29','2012-05-29',1,1),(450,127,35,1,0,0,NULL,NULL,1,'2012-05-29','2012-05-29',1,1),(451,126,38,460,0,0,NULL,NULL,460,'2012-05-29','2012-05-29',1,1),(452,126,39,462,0,0,NULL,NULL,462,'2012-05-29','2012-05-29',1,1),(453,126,40,390,0,0,NULL,NULL,390,'2012-05-29','2012-05-29',1,1),(454,126,41,390,0,0,NULL,NULL,390,'2012-05-29','2012-05-29',1,1),(455,126,42,299,0,0,NULL,NULL,299,'2012-05-29','2012-05-29',1,1),(456,126,43,262,0,0,NULL,NULL,262,'2012-05-29','2012-05-29',1,1),(457,130,35,NULL,0,0,2,NULL,2,'2012-05-29','2012-05-29',1,1),(458,129,39,2,0,0,NULL,NULL,2,'2012-05-29','2012-05-29',1,1),(459,129,41,2,0,0,NULL,NULL,2,'2012-05-29','2012-05-29',1,1),(460,131,35,1,0,0,NULL,NULL,1,'2012-05-29','2012-05-29',1,1),(461,134,35,1,0,0,NULL,NULL,1,'2012-05-29','2012-05-29',1,1),(462,133,38,132,0,0,NULL,NULL,132,'2012-05-29','2012-05-29',1,1),(463,133,39,54,0,0,NULL,NULL,54,'2012-05-29','2012-05-29',1,1),(464,133,40,42,0,0,NULL,NULL,42,'2012-05-29','2012-05-29',1,1),(465,133,41,48,0,0,NULL,NULL,48,'2012-05-29','2012-05-29',1,1),(466,133,42,42,0,0,NULL,NULL,42,'2012-05-29','2012-05-29',1,1),(467,133,43,46,0,0,NULL,NULL,46,'2012-05-29','2012-05-29',1,1),(468,136,35,5,0,0,NULL,NULL,5,'2012-05-29','2012-05-29',1,1),(469,137,33,1,0,0,NULL,NULL,1,'2012-05-29','2012-05-29',1,1),(470,137,35,1,0,0,NULL,NULL,1,'2012-05-29','2012-05-29',1,1),(471,139,35,1,0,0,NULL,NULL,1,'2012-05-29','2012-05-29',1,1),(472,138,38,3,0,0,NULL,NULL,3,'2012-05-29','2012-05-29',1,1),(473,138,39,2,0,0,NULL,NULL,2,'2012-05-29','2012-05-29',1,1),(474,138,40,2,0,0,NULL,NULL,2,'2012-05-29','2012-05-29',1,1),(475,138,41,2,0,0,NULL,NULL,2,'2012-05-29','2012-05-29',1,1),(476,138,42,2,0,0,NULL,NULL,2,'2012-05-29','2012-05-29',1,1),(477,138,43,1,0,0,NULL,NULL,1,'2012-05-29','2012-05-29',1,1),(478,140,35,1,0,0,NULL,NULL,1,'2012-05-29','2012-05-29',1,1),(479,141,29,5,0,0,NULL,NULL,5,'2012-05-29','2012-05-29',1,1),(480,141,30,14,0,0,NULL,NULL,14,'2012-05-29','2012-05-29',1,1),(481,141,31,12,0,0,NULL,NULL,12,'2012-05-29','2012-05-29',1,1),(482,141,32,12,0,0,NULL,NULL,12,'2012-05-29','2012-05-29',1,1),(483,141,33,15,0,0,NULL,NULL,15,'2012-05-29','2012-05-29',1,1),(484,141,34,12,0,0,NULL,NULL,12,'2012-05-29','2012-05-29',1,1),(485,142,35,2,0,0,NULL,NULL,2,'2012-05-29','2012-05-29',1,1),(486,144,44,1,0,0,NULL,NULL,1,'2012-05-29','2012-05-29',1,1),(487,145,35,2,0,0,NULL,NULL,2,'2012-05-29','2012-05-29',1,1),(488,147,35,2,0,0,NULL,NULL,2,'2012-05-29','2012-05-29',1,1),(489,146,38,3,0,0,NULL,NULL,3,'2012-05-29','2012-05-29',1,1),(490,146,39,2,0,0,NULL,NULL,2,'2012-05-29','2012-05-29',1,1),(491,146,40,2,0,0,NULL,NULL,2,'2012-05-29','2012-05-29',1,1),(492,146,41,2,0,0,NULL,NULL,2,'2012-05-29','2012-05-29',1,1),(493,146,42,2,0,0,NULL,NULL,2,'2012-05-29','2012-05-29',1,1),(494,146,43,1,0,0,NULL,NULL,1,'2012-05-29','2012-05-29',1,1),(495,148,35,1,0,0,NULL,NULL,1,'2012-05-29','2012-05-29',1,1),(496,149,35,2,0,0,NULL,NULL,2,'2012-05-29','2012-05-29',1,1),(497,150,44,1,0,0,NULL,NULL,1,'2012-05-29','2012-05-29',1,1),(498,151,30,1,0,0,NULL,NULL,1,'2012-05-29','2012-05-29',1,1),(499,151,33,1,0,0,NULL,NULL,1,'2012-05-29','2012-05-29',1,1),(500,151,34,1,0,0,NULL,NULL,1,'2012-05-29','2012-05-29',1,1),(501,152,44,1,0,0,NULL,NULL,1,'2012-05-29','2012-05-29',1,1),(502,154,44,1,0,0,NULL,NULL,1,'2012-05-29','2012-05-29',1,1),(503,155,29,4,0,0,NULL,NULL,4,'2012-05-29','2012-05-29',1,1),(504,155,30,2,0,0,NULL,NULL,2,'2012-05-29','2012-05-29',1,1),(505,155,31,2,0,0,NULL,NULL,2,'2012-05-29','2012-05-29',1,1),(506,155,32,2,0,0,NULL,NULL,2,'2012-05-29','2012-05-29',1,1),(507,155,33,2,0,0,NULL,NULL,2,'2012-05-29','2012-05-29',1,1),(508,155,34,3,0,0,NULL,NULL,3,'2012-05-29','2012-05-29',1,1),(509,158,44,1,0,0,NULL,NULL,1,'2012-05-29','2012-05-29',1,1),(510,157,29,2,0,0,NULL,NULL,2,'2012-05-29','2012-05-29',1,1),(511,157,30,9,0,0,NULL,NULL,9,'2012-05-29','2012-05-29',1,1),(512,157,31,8,0,0,NULL,NULL,8,'2012-05-29','2012-05-29',1,1),(513,157,32,10,0,0,NULL,NULL,10,'2012-05-29','2012-05-29',1,1),(514,157,33,8,0,0,NULL,NULL,8,'2012-05-29','2012-05-29',1,1),(515,157,34,10,0,0,NULL,NULL,10,'2012-05-29','2012-05-29',1,1),(516,157,35,1,0,0,NULL,NULL,1,'2012-05-29','2012-05-29',1,1),(517,159,46,1,0,0,NULL,NULL,1,'2012-05-29','2012-05-29',1,1),(518,163,35,1,0,0,NULL,NULL,1,'2012-05-29','2012-05-29',1,1),(519,164,44,1,0,0,NULL,NULL,1,'2012-05-29','2012-05-29',1,1),(520,165,35,1,0,0,NULL,NULL,1,'2012-05-29','2012-05-29',1,1),(521,167,35,1,0,0,NULL,NULL,1,'2012-05-29','2012-05-29',1,1),(522,166,38,22,0,0,NULL,NULL,22,'2012-05-29','2012-05-29',1,1),(523,166,39,18,0,0,NULL,NULL,18,'2012-05-29','2012-05-29',1,1),(524,166,40,21,0,0,NULL,NULL,21,'2012-05-29','2012-05-29',1,1),(525,166,41,14,0,0,NULL,NULL,14,'2012-05-29','2012-05-29',1,1),(526,166,42,20,0,0,NULL,NULL,20,'2012-05-29','2012-05-29',1,1),(527,166,43,10,0,0,NULL,NULL,10,'2012-05-29','2012-05-29',1,1),(528,166,44,3,0,0,NULL,NULL,3,'2012-05-29','2012-05-29',1,1),(529,168,35,1,0,0,NULL,NULL,1,'2012-05-29','2012-05-29',1,1),(530,170,44,3,0,0,NULL,NULL,3,'2012-05-29','2012-05-29',1,1),(531,169,35,1,0,0,NULL,NULL,1,'2012-05-29','2012-05-29',1,1),(532,172,35,1,0,0,NULL,NULL,1,'2012-05-29','2012-05-29',1,1),(533,173,44,2,0,0,NULL,NULL,2,'2012-05-29','2012-05-29',1,1),(534,174,29,1,0,0,NULL,NULL,1,'2012-05-29','2012-05-29',1,1),(535,174,33,1,0,0,NULL,NULL,1,'2012-05-29','2012-05-29',1,1),(536,174,34,1,0,0,NULL,NULL,1,'2012-05-29','2012-05-29',1,1),(537,174,35,2,0,0,NULL,NULL,2,'2012-05-29','2012-05-29',1,1),(538,175,38,3,0,0,NULL,NULL,3,'2012-05-29','2012-05-29',1,1),(539,175,39,2,0,0,NULL,NULL,2,'2012-05-29','2012-05-29',1,1),(540,175,40,2,0,0,NULL,NULL,2,'2012-05-29','2012-05-29',1,1),(541,175,41,2,0,0,NULL,NULL,2,'2012-05-29','2012-05-29',1,1),(542,175,42,2,0,0,NULL,NULL,2,'2012-05-29','2012-05-29',1,1),(543,175,43,1,0,0,NULL,NULL,1,'2012-05-29','2012-05-29',1,1),(544,175,44,3,0,0,NULL,NULL,3,'2012-05-29','2012-05-29',1,1),(545,177,38,12,0,0,NULL,NULL,12,'2012-05-29','2012-05-29',1,1),(546,177,39,5,0,0,NULL,NULL,5,'2012-05-29','2012-05-29',1,1),(547,177,40,8,0,0,NULL,NULL,8,'2012-05-29','2012-05-29',1,1),(548,177,41,8,0,0,NULL,NULL,8,'2012-05-29','2012-05-29',1,1),(549,177,42,7,0,0,NULL,NULL,7,'2012-05-29','2012-05-29',1,1),(550,177,43,5,0,0,NULL,NULL,5,'2012-05-29','2012-05-29',1,1),(551,177,44,2,0,0,NULL,NULL,2,'2012-05-29','2012-05-29',1,1),(552,178,44,2,0,0,NULL,NULL,2,'2012-05-29','2012-05-29',1,1),(553,179,35,4,0,0,NULL,NULL,4,'2012-05-29','2012-05-29',1,1),(554,180,44,1,0,0,NULL,NULL,1,'2012-05-29','2012-05-29',1,1),(555,181,35,5,0,0,NULL,NULL,5,'2012-05-29','2012-05-29',1,1),(556,182,44,1,0,0,NULL,NULL,1,'2012-05-29','2012-05-29',1,1),(557,183,29,173,0,0,NULL,NULL,173,'2012-05-29','2012-05-29',1,1),(558,183,33,10,0,0,NULL,NULL,10,'2012-05-29','2012-05-29',1,1),(559,183,34,2,0,0,NULL,NULL,2,'2012-05-29','2012-05-29',1,1),(560,183,35,4,0,0,NULL,NULL,4,'2012-05-29','2012-05-29',1,1),(561,184,44,1,0,0,NULL,NULL,1,'2012-05-29','2012-05-29',1,1),(562,185,44,1,0,0,NULL,NULL,1,'2012-05-29','2012-05-29',1,1),(563,186,35,1,0,0,NULL,NULL,1,'2012-05-29','2012-05-29',1,1),(564,187,44,3,0,0,NULL,NULL,3,'2012-05-29','2012-05-29',1,1),(565,188,35,1,0,0,NULL,NULL,1,'2012-05-29','2012-05-29',1,1),(566,189,35,1,0,0,NULL,NULL,1,'2012-05-29','2012-05-29',1,1),(567,190,44,5,0,0,NULL,NULL,5,'2012-05-29','2012-05-29',1,1),(568,192,44,1,0,0,NULL,NULL,1,'2012-05-29','2012-05-29',1,1),(569,193,35,1,0,0,NULL,NULL,1,'2012-05-29','2012-05-29',1,1),(570,194,35,3,0,0,NULL,NULL,3,'2012-05-29','2012-05-29',1,1),(571,196,35,1,0,0,NULL,NULL,1,'2012-05-29','2012-05-29',1,1),(572,197,35,1,0,0,NULL,NULL,1,'2012-05-29','2012-05-29',1,1),(573,195,38,12,0,0,NULL,NULL,12,'2012-05-29','2012-05-29',1,1),(574,195,39,14,0,0,NULL,NULL,14,'2012-05-29','2012-05-29',1,1),(575,195,40,8,0,0,NULL,NULL,8,'2012-05-29','2012-05-29',1,1),(576,195,41,8,0,0,NULL,NULL,8,'2012-05-29','2012-05-29',1,1),(577,195,42,7,0,0,NULL,NULL,7,'2012-05-29','2012-05-29',1,1),(578,195,43,5,0,0,NULL,NULL,5,'2012-05-29','2012-05-29',1,1),(579,195,44,3,0,0,NULL,NULL,3,'2012-05-29','2012-05-29',1,1),(580,198,44,2,0,0,NULL,NULL,2,'2012-05-29','2012-05-29',1,1),(581,200,44,2,0,0,NULL,NULL,2,'2012-05-29','2012-05-29',1,1),(582,199,29,5,0,0,NULL,NULL,5,'2012-05-29','2012-05-29',1,1),(583,199,30,14,0,0,NULL,NULL,14,'2012-05-29','2012-05-29',1,1),(584,199,31,12,0,0,NULL,NULL,12,'2012-05-29','2012-05-29',1,1),(585,199,32,12,0,0,NULL,NULL,12,'2012-05-29','2012-05-29',1,1),(586,199,33,13,0,0,NULL,NULL,13,'2012-05-29','2012-05-29',1,1),(587,199,34,12,0,0,NULL,NULL,12,'2012-05-29','2012-05-29',1,1),(588,201,35,1,0,0,NULL,NULL,1,'2012-05-29','2012-05-29',1,1),(589,202,38,3,0,0,NULL,NULL,3,'2012-05-29','2012-05-29',1,1),(590,202,39,2,0,0,NULL,NULL,2,'2012-05-29','2012-05-29',1,1),(591,202,40,2,0,0,NULL,NULL,2,'2012-05-29','2012-05-29',1,1),(592,202,41,2,0,0,NULL,NULL,2,'2012-05-29','2012-05-29',1,1),(593,202,42,2,0,0,NULL,NULL,2,'2012-05-29','2012-05-29',1,1),(594,202,43,1,0,0,NULL,NULL,1,'2012-05-29','2012-05-29',1,1),(595,202,44,2,0,0,NULL,NULL,2,'2012-05-29','2012-05-29',1,1),(596,203,35,1,0,0,NULL,NULL,1,'2012-05-29','2012-05-29',1,1),(597,204,44,2,0,0,NULL,NULL,2,'2012-05-29','2012-05-29',1,1),(598,205,35,6,0,0,NULL,NULL,6,'2012-05-29','2012-05-29',1,1),(599,206,44,2,0,0,NULL,NULL,2,'2012-05-29','2012-05-29',1,1),(600,207,35,3,0,0,NULL,NULL,3,'2012-05-29','2012-05-29',1,1),(601,210,35,3,0,0,NULL,NULL,3,'2012-05-29','2012-05-29',1,1),(602,209,39,1,0,0,NULL,NULL,1,'2012-05-29','2012-05-29',1,1),(603,211,35,1,0,0,NULL,NULL,1,'2012-05-29','2012-05-29',1,1),(604,215,35,2,0,0,NULL,NULL,2,'2012-05-29','2012-05-29',1,1),(605,214,38,22,0,0,NULL,NULL,22,'2012-05-29','2012-05-29',1,1),(606,214,39,18,0,0,NULL,NULL,18,'2012-05-29','2012-05-29',1,1),(607,214,40,21,0,0,NULL,NULL,21,'2012-05-29','2012-05-29',1,1),(608,214,41,14,0,0,NULL,NULL,14,'2012-05-29','2012-05-29',1,1),(609,214,42,20,0,0,NULL,NULL,20,'2012-05-29','2012-05-29',1,1),(610,214,43,10,0,0,NULL,NULL,10,'2012-05-29','2012-05-29',1,1),(611,214,44,3,0,0,NULL,NULL,3,'2012-05-29','2012-05-29',1,1),(612,217,35,1,0,0,NULL,NULL,1,'2012-05-29','2012-05-29',1,1),(613,219,44,1,0,0,NULL,NULL,1,'2012-05-29','2012-05-29',1,1),(614,218,35,3,0,0,NULL,NULL,3,'2012-05-29','2012-05-29',1,1),(615,220,44,2,0,0,NULL,NULL,2,'2012-05-29','2012-05-29',1,1),(616,221,44,2,0,0,NULL,NULL,2,'2012-05-29','2012-05-29',1,1),(617,222,35,1,0,0,NULL,NULL,1,'2012-05-29','2012-05-29',1,1),(618,223,35,3,0,0,NULL,NULL,3,'2012-05-29','2012-05-29',1,1),(619,224,44,1,0,0,NULL,NULL,1,'2012-05-29','2012-05-29',1,1),(620,225,35,2,0,0,NULL,NULL,2,'2012-05-29','2012-05-29',1,1),(621,226,44,2,0,0,NULL,NULL,2,'2012-05-29','2012-05-29',1,1),(622,229,44,3,0,0,NULL,NULL,3,'2012-05-29','2012-05-29',1,1),(623,228,29,6,0,0,NULL,NULL,6,'2012-05-29','2012-05-29',1,1),(624,228,30,11,0,0,NULL,NULL,11,'2012-05-29','2012-05-29',1,1),(625,228,31,10,0,0,NULL,NULL,10,'2012-05-29','2012-05-29',1,1),(626,228,32,12,0,0,NULL,NULL,12,'2012-05-29','2012-05-29',1,1),(627,228,33,10,0,0,NULL,NULL,10,'2012-05-29','2012-05-29',1,1),(628,228,34,13,0,0,NULL,NULL,13,'2012-05-29','2012-05-29',1,1),(629,230,44,1,0,0,NULL,NULL,1,'2012-05-29','2012-05-29',1,1),(630,231,35,1,0,0,NULL,NULL,1,'2012-05-29','2012-05-29',1,1),(631,233,35,1,0,0,NULL,NULL,1,'2012-05-29','2012-05-29',1,1),(632,232,44,1,0,0,NULL,NULL,1,'2012-05-29','2012-05-29',1,1),(633,234,35,1,0,0,NULL,NULL,1,'2012-05-29','2012-05-29',1,1),(634,235,44,2,0,0,NULL,NULL,2,'2012-05-29','2012-05-29',1,1),(635,236,35,1,0,0,NULL,NULL,1,'2012-05-29','2012-05-29',1,1),(636,237,38,15,0,0,NULL,NULL,15,'2012-05-29','2012-05-29',1,1),(637,237,39,10,0,0,NULL,NULL,10,'2012-05-29','2012-05-29',1,1),(638,237,40,10,0,0,NULL,NULL,10,'2012-05-29','2012-05-29',1,1),(639,237,41,10,0,0,NULL,NULL,10,'2012-05-29','2012-05-29',1,1),(640,237,42,9,0,0,NULL,NULL,9,'2012-05-29','2012-05-29',1,1),(641,237,43,6,0,0,NULL,NULL,6,'2012-05-29','2012-05-29',1,1),(642,237,44,5,0,0,NULL,NULL,5,'2012-05-29','2012-05-29',1,1);
/*!40000 ALTER TABLE `subtaskannualdetail` ENABLE KEYS */;
UNLOCK TABLES;

--
-- Table structure for table `branch`
--

DROP TABLE IF EXISTS `branch`;
/*!40101 SET @saved_cs_client     = @@character_set_client */;
/*!40101 SET character_set_client = utf8 */;
CREATE TABLE `branch` (
  `id` bigint(20) NOT NULL AUTO_INCREMENT,
  `stationId` bigint(20) NOT NULL,
  `name` varchar(200) COLLATE utf8_unicode_ci NOT NULL,
  `createdDate` date NOT NULL,
  `updatedDate` date NOT NULL,
  `createBy` bigint(20) NOT NULL,
  `updateBy` bigint(20) NOT NULL,
  PRIMARY KEY (`id`)
) ENGINE=MyISAM AUTO_INCREMENT=51 DEFAULT CHARSET=utf8 COLLATE=utf8_unicode_ci;
/*!40101 SET character_set_client = @saved_cs_client */;

--
-- Dumping data for table `branch`
--

LOCK TABLES `branch` WRITE;
/*!40000 ALTER TABLE `branch` DISABLE KEYS */;
INSERT INTO `branch` VALUES (13,31,'Cung Văn Trai','2012-01-30','2012-01-31',1,1),(12,31,'Cung Minh Khôi','2012-01-30','2012-01-31',1,1),(11,31,'Cung Thanh Hóa','2012-01-27','2012-01-31',1,1),(9,31,'Cung Đò Lèn','2012-01-30','2012-01-30',1,1),(8,31,'Cung Bỉm Sơn','2012-01-09','2012-01-31',1,1),(14,31,'Trạm Thông tin Thanh Hóa','2012-01-30','2012-01-31',1,1),(20,31,'Trạm ĐTĐB Thanh Hóa','2012-01-31','2012-01-31',1,1),(19,31,'Cung Nguồn điện Thanh Hóa','2012-01-31','2012-01-31',1,1),(21,32,'Cung Trường Lâm','2012-01-31','2012-01-31',1,1),(22,32,'Cung Cầu Giát','2012-01-31','2012-01-31',1,1),(23,32,'Cung Chợ Sy','2012-01-31','2012-01-31',1,1),(24,32,'Cung Quán Hành','2012-01-31','2012-01-31',1,1),(25,32,'Cung Nghĩa Thuận','2012-01-31','2012-01-31',1,1),(26,32,'Trạm Thông tin Cầu Giát','2012-01-31','2012-01-31',1,1),(27,32,'Cung Nguồn điện Cầu Giát','2012-01-31','2012-01-31',1,1),(28,32,'Trạm ĐTĐB Cầu Giát','2012-01-31','2012-01-31',1,1),(29,33,'Cung Vinh','2012-01-31','2012-01-31',1,1),(30,33,'Cung Yên Trung','2012-01-31','2012-01-31',1,1),(31,33,'Cung Đức Lạc','2012-01-31','2012-01-31',1,1),(32,33,'Cung Thanh Luyện','2012-01-31','2012-01-31',1,1),(33,33,'Cung Hương Phố','2012-02-01','2012-02-01',1,1),(34,33,'Cung Phúc Trạch','2012-02-01','2012-02-01',1,1),(35,33,'Trạm Thông tin Vinh','2012-02-01','2012-02-01',1,1),(36,33,'Cung Nguồn điện Vinh','2012-02-01','2012-02-01',1,1),(37,33,'Trạm ĐTĐB Vinh','2012-02-01','2012-02-01',1,1),(38,34,'Cung Kim Lũ','2012-02-01','2012-02-01',1,1),(39,34,'Cung Đồng Lê','2012-02-01','2012-02-01',1,1),(40,34,'Cung Lạc Sơn','2012-02-01','2012-02-01',1,1),(41,34,'Cung Minh Lễ','2012-02-01','2012-02-01',1,1),(42,34,'Cung Hoàn Lão','2012-02-01','2012-02-01',1,1),(43,34,'Cung Phúc Tự','2012-02-01','2012-02-01',1,1),(44,34,'Trạm Thông tin Đồng Lê','2012-02-01','2012-02-01',1,1),(45,34,'Cung Nguồn điện Đồng Lê','2012-02-01','2012-02-01',1,1),(46,34,'Trạm ĐTĐB Đồng Lê','2012-02-01','2012-02-01',1,1),(47,35,'Trạm Kiểm tu','2012-02-01','2012-02-01',1,1),(48,35,'Tổ QL cáp quang','2012-02-01','2012-02-01',1,1),(49,35,'Tổ Bổ trợ','2012-02-01','2012-02-01',1,1),(50,31,'Trung tâm Thanh Hóa','2012-02-09','2012-02-09',1,1);
/*!40000 ALTER TABLE `branch` ENABLE KEYS */;
UNLOCK TABLES;
/*!40103 SET TIME_ZONE=@OLD_TIME_ZONE */;

/*!40101 SET SQL_MODE=@OLD_SQL_MODE */;
/*!40014 SET FOREIGN_KEY_CHECKS=@OLD_FOREIGN_KEY_CHECKS */;
/*!40014 SET UNIQUE_CHECKS=@OLD_UNIQUE_CHECKS */;
/*!40101 SET CHARACTER_SET_CLIENT=@OLD_CHARACTER_SET_CLIENT */;
/*!40101 SET CHARACTER_SET_RESULTS=@OLD_CHARACTER_SET_RESULTS */;
/*!40101 SET COLLATION_CONNECTION=@OLD_COLLATION_CONNECTION */;
/*!40111 SET SQL_NOTES=@OLD_SQL_NOTES */;

-- Dump completed on 2012-05-29 20:08:29
