CREATE DATABASE  IF NOT EXISTS `qlkh` /*!40100 DEFAULT CHARACTER SET utf8 COLLATE utf8_unicode_ci */;
USE `qlkh`;
-- MySQL dump 10.13  Distrib 5.5.16, for osx10.5 (i386)
--
-- Host: localhost    Database: qlkh
-- ------------------------------------------------------
-- Server version 5.3.5-MariaDB-ga

/*!40101 SET @OLD_CHARACTER_SET_CLIENT=@@CHARACTER_SET_CLIENT */;
/*!40101 SET @OLD_CHARACTER_SET_RESULTS=@@CHARACTER_SET_RESULTS */;
/*!40101 SET @OLD_COLLATION_CONNECTION=@@COLLATION_CONNECTION */;
/*!40101 SET NAMES utf8 */;
/*!40103 SET @OLD_TIME_ZONE=@@TIME_ZONE */;
/*!40103 SET TIME_ZONE='+00:00' */;
/*!40014 SET @OLD_UNIQUE_CHECKS=@@UNIQUE_CHECKS, UNIQUE_CHECKS=0 */;
/*!40014 SET @OLD_FOREIGN_KEY_CHECKS=@@FOREIGN_KEY_CHECKS, FOREIGN_KEY_CHECKS=0 */;
/*!40101 SET @OLD_SQL_MODE=@@SQL_MODE, SQL_MODE='NO_AUTO_VALUE_ON_ZERO' */;
/*!40111 SET @OLD_SQL_NOTES=@@SQL_NOTES, SQL_NOTES=0 */;

--
-- Table structure for table `task`
--

DROP TABLE IF EXISTS `task`;
/*!40101 SET @saved_cs_client     = @@character_set_client */;
/*!40101 SET character_set_client = utf8 */;
CREATE TABLE `task` (
  `id` bigint(20) NOT NULL AUTO_INCREMENT,
  `name` varchar(100) CHARACTER SET utf8 COLLATE utf8_unicode_ci NOT NULL,
  `code` varchar(11) CHARACTER SET utf8 COLLATE utf8_unicode_ci NOT NULL,
  `defaultValue` double NOT NULL,
  `unit` varchar(20) CHARACTER SET utf8 COLLATE utf8_unicode_ci NOT NULL,
  `quota` int(11) NOT NULL DEFAULT '0',
  `taskTypeCode` int(11) NOT NULL,
  `childTasks` text,
  `updateBy` bigint(20) NOT NULL,
  `createBy` bigint(20) NOT NULL,
  `createdDate` date NOT NULL,
  `updatedDate` date NOT NULL,
  PRIMARY KEY (`id`),
  UNIQUE KEY `code` (`code`)
) ENGINE=InnoDB AUTO_INCREMENT=1027 DEFAULT CHARSET=latin1;
/*!40101 SET character_set_client = @saved_cs_client */;

--
-- Dumping data for table `task`
--

LOCK TABLES `task` WRITE;
/*!40000 ALTER TABLE `task` DISABLE KEYS */;
INSERT INTO `task` VALUES (14,'HỆ THỐNG ĐƯỜNG TRUYỀN TẢI','1.000',0,'hệ',0,1,'1.A ; 1.B ; ',1,1,'2012-01-15','2012-05-31'),(15,'Công tác trực giải quyết trở ngại','1.100',0,'hệ',0,2,NULL,1,1,'2012-01-15','2012-06-09'),(16,'Trực giải quyết trở ngại đường truyền tải','1.101',0.25,'km/t',92,3,NULL,1,1,'2012-01-15','2012-06-08'),(17,'Công tác kiểm tra','1.200',0,'hệ',0,2,NULL,1,1,'2012-01-15','2012-05-31'),(18,'Kiểm tra đường dây trần và cáp thông tin treo ĐB, TD ','1.201',0.89,'km/t',9,3,NULL,1,1,'2012-01-15','2012-05-30'),(19,'Kiểm tra đường dây trần và cáp thông tin treo RN, xa ĐS ','1.202',1.06,'km/t',9,3,NULL,1,1,'2012-01-16','2012-05-30'),(20,'Kiểm tra đường cáp thông tin ngầm ','1.203',0.667,'km/t',6,3,NULL,1,1,'2012-01-16','2012-05-30'),(21,'Kiểm tra đường dây cáp treo','1.204',0.167,'km/t',9,3,NULL,1,1,'2012-01-16','2012-02-06'),(22,'Công tác duy tu tháng','1.300',0,'hệ',0,2,NULL,1,1,'2012-01-16','2012-05-31'),(23,'Quét nhện đường dây trần khu vực ĐB, TD','1.301',0.75,'km/t',3,3,NULL,1,1,'2012-01-16','2012-02-06'),(24,'Quét nhện đường dây trần khu vực rừng núi, xa ĐS ','1.302',0.9,'km/t',3,3,NULL,1,1,'2012-01-16','2012-02-06'),(25,'Duy tu tháng hộp cáp TT≤ 200 đôi','1.303',0.25,'hộp',3,3,NULL,1,1,'2012-01-16','2012-02-03'),(27,'Duy tu tháng hộp cáp TT> 200 đôi','1.304',0.75,'hộp',3,3,NULL,1,1,'2012-01-16','2012-02-03'),(28,'Công tác duy tu năm định kỳ','1.400',0,'hệ',0,2,NULL,1,1,'2012-01-16','2012-05-31'),(29,'Duy tu năm bể cáp','1.401',1,'bể',1,0,'',1,1,'2012-01-16','2012-05-31'),(30,'Duy tu năm cột nhập ga, nhập đài','1.402',16,'cột',1,0,'',1,1,'2012-01-16','2012-05-31'),(31,'Duy tu năm hộp cáp TT≤ 200 đôi','1.403',1,'hộp',1,0,'',1,1,'2012-01-16','2012-05-31'),(32,'Duy tu năm hộp cáp TT> 200 đôi','1.404',1.5,'hộp',1,0,'',1,1,'2012-01-16','2012-05-31'),(34,'Duy tu năm tăng đơ dây co','1.405',0.3,'cái',1,0,'',1,1,'2012-01-22','2012-05-31'),(35,'Duy tu năm tủ đấu dây','1.406',1.5,'tủ',1,0,'',1,1,'2012-01-27','2012-05-31'),(36,'Điều tra lập kế hoạch quý','1.407',70,'ga',1,3,NULL,1,1,'2012-01-27','2012-02-03'),(37,'Đắp ụ cột','1.408',0.5,'ụ',1,0,'',1,1,'2012-01-30','2012-05-31'),(38,'Đắp ụ dây co','1.409',0.3,'ụ',1,0,'',1,1,'2012-01-30','2012-05-31'),(40,'Lau sứ, chấm sơn, vặn chặt cuống sứ','1.410',0.083,'quả',1,0,'',1,1,'2012-01-30','2012-05-31'),(41,'Phát cây tiêu chuẩn đường dây trần khu vực ĐB, TD','1.411',8,'km/t',1,0,'',1,1,'2012-01-31','2012-05-31'),(42,'Phát cây tiêu chuẩn đường dây trần khu vực rừng núi','1.412',30,'km/t',1,0,'',1,1,'2012-01-31','2012-05-31'),(43,'Sơn hộp cáp TT các loại','1.413',0.5,'hộp',1,0,'',1,1,'2012-01-31','2012-05-31'),(44,'Sơn biển báo cáp chôn','1.414',0.17,'cái',1,0,'',1,1,'2012-01-31','2012-05-31'),(45,'Sơn cạo bàn đảo H','1.415',0.31,'cái',1,0,'',1,1,'2012-01-31','2012-05-31'),(46,'Sơn cạo coliê dây co','1.416',0.17,'cái',1,0,'',1,1,'2012-01-31','2012-05-31'),(47,'Sơn cạo ghế thử dây','1.417',4.17,'cái',1,0,'',1,1,'2012-01-31','2012-05-31'),(48,'Sơn cạo kẹp sứ ấm','1.418',0.21,'bộ',1,0,'',1,1,'2012-01-31','2012-05-31'),(49,'Sơn cạo giá Potyle đỡ dây qua cầu','1.419',15,'giá',1,0,'',1,1,'2012-01-31','2012-05-31'),(50,'Sơn cạo trụ Potyle đỡ dây qua cầu','1.420',40,'trụ',1,0,'',1,1,'2012-01-31','2012-05-31'),(51,'Sơn cạo sắt chống xà 40x4x600','1.421',0.21,'thanh',1,0,'',1,1,'2012-01-31','2012-05-31'),(52,'Sơn cạo sắt chống xà 40x4x900','1.422',0.31,'thanh',1,0,'',1,1,'2012-01-31','2012-05-31'),(53,'Sơn cạo sắt nối cột các loại','1.423',2,'m ',1,0,'',1,1,'2012-01-31','2012-05-31'),(54,'Sơn cạo tăng đơ dây co','1.424',0.3,'cái',1,0,'',1,1,'2012-01-31','2012-05-31'),(55,'Sơn cạo thang cột thử dây','1.425',4.2,'cái',1,0,'',1,1,'2012-01-31','2012-05-31'),(56,'Sơn cạo thanh giằng cột H L75x75x8x1600','1.427',2.2,'thanh',1,0,'',1,1,'2012-01-31','2012-05-31'),(57,'Sơn cạo xà sắt L75x75x8x1100','1.428',1.5,'thanh',1,0,'',1,1,'2012-01-31','2012-05-31'),(58,'Sơn cạo xà sắt L75x75x8x2500','1.429',3.2,'thanh',1,0,'',1,1,'2012-01-31','2012-05-31'),(59,'Sơn cạo xà sắt L75x75x8x3600','1.430',4.6,'thanh',1,0,'',1,1,'2012-01-31','2012-05-31'),(60,'Sơn giá đỡ cáp','1.431',0.5,'cái',1,0,'',1,1,'2012-01-31','2012-05-31'),(61,'Sơn nền, viết số cột thông tin','1.432',0.42,'cột',1,0,'',1,1,'2012-01-31','2012-05-31'),(62,'Sơn tủ cáp đường dài','1.433',1,'tủ',1,0,'',1,1,'2012-01-31','2012-05-31'),(63,'Sơn nền, viết số cột mốc cáp quang','1.434',0.42,'cột',1,0,'',1,1,'2012-01-31','2012-05-31'),(64,'Đo, kiểm tra chất lượng cáp quang','1.435',10,'điểm',1,0,'',1,1,'2012-01-31','2012-05-31'),(65,'Điều tra lập kế hoạch quý tổ cáp quang','1.436',80,'tổ',1,3,'',1,1,'2012-01-31','2012-05-31'),(66,'Đo tiêu chuẩn điện khí 1 chiều đường dây trần','1.437',10,'điểm',1,3,'',1,1,'2012-01-31','2012-05-31'),(67,'Công tác duy tu năm không định kỳ','1.500',0,'hệ',0,2,NULL,1,1,'2012-01-31','2012-05-31'),(68,'BS ống kẽm phi 34mm luồn cáp chôn','1.501',3,'m',1,0,'',1,1,'2012-01-31','2012-05-04'),(69,'BS ống nhựa 2 mãnh phi 40 mm','1.502',1,'m',1,0,'',1,1,'2012-01-31','2012-05-04'),(70,'Chặt cây to cạnh đường dây','1.503',1.5,'cây',1,0,'',1,1,'2012-01-31','2012-05-04'),(71,'Chỉnh cọc mốc cáp ','1.504',0.5,'cái',1,0,'',1,1,'2012-01-31','2012-05-04'),(72,'Chỉnh dây co chùng','1.505',4,'cái',1,0,'',1,1,'2012-01-31','2012-05-04'),(73,'Chỉnh xà lệch ','1.506',4,'cái',1,0,'',1,1,'2012-01-31','2012-05-04'),(74,'Củng cố hệ rẽ nhập','1.507',16,'hệ',1,0,'',1,1,'2012-01-31','2012-05-04'),(75,'Đào tìm, xử lý cáp TT chôn bị hỏng','1.508',3,'m',1,0,'',1,1,'2012-01-31','2012-05-04'),(76,'Đắp đất chân cột bị xói lở','1.509',0.5,'cột',1,0,'',1,1,'2012-01-31','2012-05-04'),(77,'Đắp đất đường ra cột cắt thử','1.510',16,'m3',1,0,'',1,1,'2012-01-31','2012-05-04'),(78,'Đấu phối hộp cáp TT > 100 đôi ','1.511',12,'hộp',1,0,'',1,1,'2012-01-31','2012-05-04'),(79,'Đấu phối hộp cáp TT > 20 đôi đến 50 đôi','1.512',6,'hộp',1,0,'',1,1,'2012-01-31','2012-05-04'),(80,'Đấu phối hộp cáp TT > 50 đôi đến 100 đôi','1.513',8,'hộp',1,0,'',1,1,'2012-01-31','2012-05-04'),(81,'Đấu phối hộp cáp TT ≤ 20 đôi','1.514',4,'hộp',1,0,'',1,1,'2012-01-31','2012-05-04'),(82,'Đấu phối lại tủ cáp đường dài','1.515',8,'tủ',1,0,'',1,1,'2012-01-31','2012-05-04'),(83,'Dịch cột TT bị xói lở','1.516',24,'cột',1,0,'',1,1,'2012-01-31','2012-05-04'),(84,'Điều tra, lập hồ sơ kỹ thuật đường truyền tải','1.517',10,'km/t',1,0,'',1,1,'2012-01-31','2012-05-04'),(85,'Điều tra, lập hồ sơ kỹ thuật tuyến cáp quang','1.518',4,'km/t',1,0,'',1,1,'2012-01-31','2012-05-04'),(86,'Đổ bê tông chân cột đơn, cột chống','1.519',16,'cột',1,0,'',1,1,'2012-01-31','2012-05-04'),(87,'Đổ bê tông chân cột H','1.520',32,'cột',1,0,NULL,1,1,'2012-01-31','2012-02-03'),(88,'Dựng mới cột chống bằng bê tông ','1.521',24,'cột',1,0,'',1,1,'2012-01-31','2012-05-04'),(89,'Dựng mới, lắp phụ kiện cột bê tông đơn','1.522',48,'cột',1,0,'',1,1,'2012-01-31','2012-05-04'),(90,'Dựng mới, lắp phụ kiện cột bê tông H','1.523',80,'cột',1,0,'',1,1,'2012-01-31','2012-05-04'),(91,'Gia cố cột  TT bị vỡ','1.524',4,'cột',1,0,'',1,1,'2012-01-31','2012-05-04'),(92,'Gia cố giá đỡ cáp qua cầu','1.525',1,'cái',1,0,'',1,1,'2012-01-31','2012-05-04'),(93,'Hàn mối nối cáp đồng','1.526',1.5,'mối',1,0,'',1,1,'2012-01-31','2012-05-04'),(94,'Hàn mối nối cáp quang','1.527',36,'mối',1,0,'',1,1,'2012-01-31','2012-05-04'),(95,'Hàn mối nối dây trần','1.528',2,'mối',1,0,'',1,1,'2012-01-31','2012-05-04'),(97,'Hàn vít thử dây','1.530',2,'bộ',1,0,'',1,1,'2012-01-31','2012-05-04'),(98,'Kè đá hộc chân cột TT bằng rọ thép B40','1.531',32,'m3',1,0,'',1,1,'2012-01-31','2012-05-04'),(99,'Kéo cáp thông tin treo chùng','1.532',32,'km/s',1,0,'',1,1,'2012-01-31','2012-05-04'),(100,'Kéo cột nghiêng','1.533',4,'cột',1,0,'',1,1,'2012-01-31','2012-05-04'),(101,'Kéo cột nghiêng nặng','1.534',16,'cột',1,0,'',1,1,'2012-01-31','2012-05-04'),(102,'Kéo dây chùng','1.535',15,'km/s',1,0,'',1,1,'2012-01-31','2012-05-04'),(103,'Kéo, hàn nối lại cáp cột kết cuối','1.536',12,'hệ',1,0,'',1,1,'2012-01-31','2012-05-04'),(104,'Khôi phục dây trần thông tin bị đứt','1.537',90,'km/s',1,0,'',1,1,'2012-01-31','2012-05-04'),(105,'Làm biển treo đánh số đầu cáp TT','1.538',0.1,'cái',1,0,'',1,1,'2012-01-31','2012-05-04'),(106,'Làm dây co 5 sợi > 10m','1.539',18,'sợi',1,0,'',1,1,'2012-01-31','2012-05-04'),(107,'Làm dây co góc 5 sợi ≤ 10m','1.540',16,'sợi',1,0,'',1,1,'2012-01-31','2012-05-04'),(108,'Làm dây co góc 7 sợi > 10m','1.541',22,'sợi',1,0,'',1,1,'2012-01-31','2012-05-04'),(109,'Làm dây co góc 7 sợi ≤ 10m','1.542',20,'sợi',1,0,'',1,1,'2012-01-31','2012-05-04'),(110,'Làm gốc dây co 5 sợi','1.543',5,'cái',1,0,'',1,1,'2012-01-31','2012-05-04'),(111,'Làm gốc dây co 7 sợi','1.544',6,'cái',1,0,'',1,1,'2012-01-31','2012-05-04'),(112,'Làm thu lôi phân cấp','1.545',16,'bộ',1,0,'',1,1,'2012-01-31','2012-05-04'),(113,'Làm thu lôi thường','1.546',6,'cái',1,0,'',1,1,'2012-01-31','2012-05-04'),(114,'Lắp đặt ghế thử dây','1.547',16,'cái',1,0,'',1,1,'2012-01-31','2012-05-04'),(115,'Lắp đặt gông treo cáp quang ','1.548',1,'cái',1,0,'',1,1,'2012-01-31','2012-05-04'),(116,'Lắp đặt ống nhựa bảo vệ cáp các loại ','1.549',0.25,'m',1,0,'',1,1,'2012-01-31','2012-05-04'),(117,'Lấp đất rãnh cáp thông tin sụt lún','1.550',0.5,'m',1,0,'',1,1,'2012-01-31','2012-05-04'),(118,'Nắn chỉnh cọc mốc cáp','1.551',0.3,'cọc',1,0,'',1,1,'2012-01-31','2012-05-04'),(119,'Sửa chữa bể cáp các loại bị vỡ','1.552',4,'cái',1,0,'',1,1,'2012-01-31','2012-05-04'),(120,'Sửa chữa cầu ra cột cắt thử','1.553',16,'cái',1,0,'',1,1,'2012-01-31','2012-05-04'),(121,'Sửa chữa thang cột thử dây','1.554',8,'cái',1,0,'',1,1,'2012-01-31','2012-05-04'),(122,'Sửa chữa thu lôi phân cấp','1.555',4,'cái',1,0,'',1,1,'2012-01-31','2012-05-04'),(123,'Thay bàn đảo chữ H','1.556',4,'cái',1,0,'',1,1,'2012-01-31','2012-05-04'),(124,'Thay bu lông 12x100','1.557',0.5,'cái',1,0,'',1,1,'2012-01-31','2012-05-04'),(125,'Thay bu lông 12x120','1.558',0.5,'cái',1,0,'',1,1,'2012-01-31','2012-05-04'),(126,'Thay bu lông 12x150','1.559',0.5,'cái',1,0,'',1,1,'2012-01-31','2012-05-04'),(127,'Thay bu lông 12x180','1.560',0.5,'cái',1,0,'',1,1,'2012-01-31','2012-05-04'),(128,'Thay bu lông 12x200','1.561',0.5,'cái',1,0,'',1,1,'2012-01-31','2012-05-04'),(129,'Thay bu lông 12x220','1.562',0.5,'cái',1,0,'',1,1,'2012-01-31','2012-05-04'),(130,'Thay bu lông 12x250','1.563',0.5,'cái',1,0,'',1,1,'2012-01-31','2012-05-04'),(131,'Thay bu lông 12x300','1.564',0.5,'cái',1,0,'',1,1,'2012-01-31','2012-05-04'),(132,'Thay bu lông 12x50','1.565',0.5,'cái',1,0,'',1,1,'2012-01-31','2012-05-04'),(133,'Thay cáp đồng thông tin chôn đường dài','1.566',3,'m',1,0,'',1,1,'2012-01-31','2012-05-04'),(134,'Thay cáp đồng thông tin chôn nội hạt','1.567',3,'m',1,0,'',1,1,'2012-01-31','2012-05-04'),(135,'Thay cáp đồng thông tin treo đường dài','1.568',64,'km/s',1,0,'',1,1,'2012-01-31','2012-05-04'),(136,'Thay cáp đồng thông tin treo nội hạt','1.569',48,'km/s',1,0,'',1,1,'2012-01-31','2012-05-04'),(137,'Thay cáp quang chôn ','1.570',3,'m',1,0,'',1,1,'2012-01-31','2012-05-04'),(138,'Thay cáp quang treo ','1.571',64,'km/s',1,0,'',1,1,'2012-01-31','2012-05-04'),(139,'Thay cọc mốc cáp thông tin','1.572',1,'cọc',1,0,'',1,1,'2012-01-31','2012-05-04'),(140,'Thay cột bê tông đơn loại 7,3 m','1.573',48,'cột',1,0,'',1,1,'2012-01-31','2012-05-04'),(141,'Thay cột bê tông H loại 7,3 m','1.574',64,'cột',1,0,'',1,1,'2012-01-31','2012-05-04'),(142,'Thay cột chống loại 7,3 m','1.575',24,'cột',1,0,'',1,1,'2012-01-31','2012-05-04'),(143,'Thay cuống sứ A18','1.576',1,'cái',1,0,'',1,1,'2012-01-31','2012-05-04'),(144,'Thay cuống sứ đảo, xà sắt','1.577',1,'cái',1,0,'',1,1,'2012-01-31','2012-05-04'),(145,'Thay dây bọc các loại','1.578',0.2,'m',1,0,'',1,1,'2012-01-31','2012-05-04'),(146,'Thay dây chịu lực treo cáp ','1.579',64,'km/s',1,0,'',1,1,'2012-01-31','2012-05-04'),(147,'Thay dây Cs 3mm, thu hồi','1.580',64,'km/s',1,0,'',1,1,'2012-01-31','2012-05-04'),(148,'Thay dây Fe 4mm, thu hồi','1.581',90,'km/s',1,0,'',1,1,'2012-01-31','2012-05-04'),(149,'Thay dây xúp bưu điện','1.582',0.02,'m',1,0,'',1,1,'2012-01-31','2012-05-04'),(150,'Thay ghế thử dây','1.583',4,'cái',1,0,'',1,1,'2012-01-31','2012-05-04'),(151,'Thay hộp cáp TT > 100 đôi ','1.584',16,'hộp',1,0,'',1,1,'2012-01-31','2012-05-04'),(152,'Thay hộp cáp TT ≤ 20 đôi','1.585',6,'hộp',1,0,'',1,1,'2012-01-31','2012-05-04'),(153,'Thay hộp cáp TT 100 đôi','1.586',12,'hộp',1,0,'',1,1,'2012-01-31','2012-05-04'),(154,'Thay hộp cáp TT 30 đôi','1.587',8,'hộp',1,0,'',1,1,'2012-01-31','2012-05-04'),(155,'Thay hộp cáp TT 50 đôi','1.588',10,'hộp',1,0,'',1,1,'2012-01-31','2012-05-04'),(156,'Thay kẹp sứ ấm','1.589',2,'bộ',1,0,'',1,1,'2012-01-31','2012-05-04'),(157,'Thay kẹp treo cáp 3 đinh','1.590',0.5,'cái',1,0,'',1,1,'2012-01-31','2012-05-04'),(158,'Thay mối hãm Cu','1.591',0.25,'mối',1,0,'',1,1,'2012-01-31','2012-05-04'),(159,'Thay mối hãm Fe','1.592',0.25,'mối',1,0,'',1,1,'2012-01-31','2012-05-04'),(160,'Thay mối nối dây Cs','1.593',2,'mối',1,0,'',1,1,'2012-01-31','2012-05-04'),(161,'Thay mối nối dây Fe','1.594',2,'mối',1,0,'',1,1,'2012-01-31','2012-05-04'),(162,'Thay sắt chống xà 600','1.595',1,'cái',1,0,'',1,1,'2012-01-31','2012-05-04'),(163,'Thay sắt chống xà 900','1.596',1,'cái',1,0,'',1,1,'2012-01-31','2012-05-04'),(164,'Thay sắt nối cột L100x100x10x2550 (phủ bì =1,2)','1.597',12,'thanh',1,0,'',1,1,'2012-01-31','2012-05-04'),(165,'Thay sắt nối cột L100x100x10x3150 (phủ bì =1,2)','1.598',16,'thanh',1,0,'',1,1,'2012-01-31','2012-05-04'),(166,'Thay sắt nối cột L100x100x10x4350 (phủ bì =1,2)','1.599',16,'thanh',1,0,'',1,1,'2012-01-31','2012-05-04'),(167,'Thay sắt nối cột L100x100x10x4950 (phủ bì =1,2)','1.600',16,'thanh',1,0,'',1,1,'2012-01-31','2012-05-29'),(169,'Thay sắt nối cột L100x100x10x5550 (phủ bì =1,2)','1.601',16,'thanh',1,0,'',1,1,'2012-02-01','2012-05-29'),(170,'Thay sắt nối cột L100x100x10x6150 (phủ bì =1,2)','1.602',18,'thanh',1,0,'',1,1,'2012-02-01','2012-05-29'),(171,'CÔNG TÁC THÁNG','1.A',0,'hệ',0,1,'1.100 ; 1.200 ; 1.300 ; ',1,1,'2012-02-01','2012-05-31'),(172,'CÔNG TÁC NĂM','1.B',0,'hệ',0,1,'1.400 ; 1.500 ; ',1,1,'2012-02-01','2012-05-31'),(174,'TỔNG KẾ HOẠCH GIAO ','A',0,'giờ',0,1,'B ; C ; ',1,1,'2012-02-01','2012-05-29'),(175,'GIỜ BỔ TRỢ SẢN XUẤT ','B',0,'giờ',0,1,'8.100 ; 8.200 ; 8.300 ; 8.400 ; 8.500 ; 8.600 ; ',1,1,'2012-02-01','2012-06-05'),(176,'ĐỊNH KỲ','I',0,'giờ',0,1,'1.400 ; 2.400 ; 3.400 ; 4.400 ; 5.400 ; 6.400 ; 7.400 ; ',1,1,'2012-02-01','2012-06-08'),(177,'KHÔNG ĐỊNH KỲ','II',0,'giờ',0,1,'1.500 ; 2.500 ; 3.500 ; 4.500 ; 5.500 ; 6.500 ; 7.500 ; ',1,1,'2012-02-01','2012-06-08'),(181,'Thay sắt nối cột L100x100x10x7350 (phủ bì =1,2)','1.603',20,'thanh',1,0,'',1,1,'2012-02-01','2012-05-29'),(182,'Thay sắt nối cột L100x100x10x7950 (phủ bì =1,2)','1.604',20,'thanh',1,0,'',1,1,'2012-02-01','2012-05-29'),(183,'Thay sắt nối cột L100x100x10x8550 (phủ bì =1,2)','1.605',24,'thanh',1,0,'',1,1,'2012-02-01','2012-05-29'),(184,'Thay sắt nối cột L100x100x10x9150 (phủ bì =1,2)','1.606',24,'thanh',1,0,'',1,1,'2012-02-01','2012-05-29'),(185,'Thay sắt nối cột L100x100x10x9750 (phủ bì =1,2)','1.607',24,'thanh',1,0,'',1,1,'2012-02-01','2012-05-29'),(186,'Thay sứ A18','1.608',0.5,'qủa',1,0,'',1,1,'2012-02-01','2012-05-29'),(187,'Thay sứ ấm','1.609',0.5,'qủa',1,0,'',1,1,'2012-02-01','2012-05-29'),(188,'Thay tai dây co','1.610',1,'cái',1,0,'',1,1,'2012-02-01','2012-05-29'),(189,'Thay tấm đan bể cáp loại bể 2 đan','1.611',3,'cái',1,0,'',1,1,'2012-02-01','2012-05-29'),(190,'Thay tấm đan bể cáp loại bể 3 đan','1.612',36,'cái',3,0,'',1,1,'2012-02-01','2012-05-29'),(191,'Thay tăng đơ dây co','1.613',2,'cái',1,0,'',1,1,'2012-02-01','2012-05-29'),(192,'Thay thang cột thử dây','1.614',4,'cái',1,0,'',1,1,'2012-02-01','2012-05-29'),(193,'Thay thanh giằng cột H 75x75x8x1600','1.615',2,'thanh',1,0,'',1,1,'2012-02-01','2012-05-29'),(194,'Thay vít thử dây','1.616',2,'bộ',1,0,'',1,1,'2012-02-01','2012-05-29'),(195,'TRẠM-TỔNG ĐÀI','2.000',0,'hệ',0,1,'2.A ; 2.B ; ',1,1,'2012-02-01','2012-05-31'),(196,'Công tác trực giải quyết trở ngại','2.100',0,'hệ',0,2,NULL,1,1,'2012-02-01','2012-05-31'),(197,'Trực GQTN kiêm k.tra hệ p.thanh, Tăng âm','2.101',1,'hệ',92,3,NULL,1,1,'2012-02-01','2012-06-08'),(198,'Trực GQTN kiêm kiểm tra thiết bị TT quang ga','2.102',2,'ga',92,3,NULL,1,1,'2012-02-01','2012-06-08'),(199,'Trực GQTN kiêm kiểm tra thiết bị TT quang trạm','2.103',2,'trạm',92,3,NULL,1,1,'2012-02-01','2012-06-08'),(200,'Trực GQTN kiêm kiểm tra thiết bị trạm TT ','2.104',24,'trạm',92,3,NULL,1,1,'2012-02-01','2012-06-08'),(201,'Trực GQTN kiêm kiểm tra thiết bị trạm TT ??ng H?i ','2.105',8,'trạm',92,3,NULL,1,1,'2012-02-01','2012-06-08'),(202,'Trực GQTN kiêm kiểm tra tổng đài kỹ thuật số (SEI) ','2.106',1,'đài',92,3,NULL,1,1,'2012-02-01','2012-06-08'),(203,'Trực, thử điện thoại truyền hình, hội nghị','2.107',8,'ca',92,3,NULL,1,1,'2012-02-01','2012-06-08'),(204,'Trưc trạm trung tâm ','2.108',2,'trạm',92,3,NULL,1,1,'2012-02-01','2012-06-08'),(205,'Công tác kiểm tra','2.200',0,'hệ',0,2,NULL,1,1,'2012-02-01','2012-05-31'),(206,'Kiểm tra ngày bộ Giao tiếp các loại','2.201',0.17,'bộ',92,3,NULL,1,1,'2012-02-01','2012-06-08'),(207,'Kiểm tra ngày hệ thống phóng thanh ga ','2.202',0.5,'hệ',92,3,NULL,1,1,'2012-02-01','2012-06-08'),(208,'Kiểm tra ngày máy VTĐ ','2.203',0.25,'máy',92,3,NULL,1,1,'2012-02-01','2012-06-08'),(209,'Ki?m tra ngày máy FAX','2.204',0.17,'máy',92,3,NULL,1,1,'2012-02-01','2012-06-08'),(210,'Kiểm tra ngày máy điện thoại chạy tàu các loại ','2.205',0.167,'máy',92,3,NULL,1,1,'2012-02-01','2012-06-08'),(211,'Kiểm tra ngày máy tải ba 12 đường','2.206',1,'máy',92,3,NULL,1,1,'2012-02-01','2012-06-08'),(212,'Kiểm tra ngày máy tăng âm tải ba','2.207',0.5,'máy',91,3,NULL,1,1,'2012-02-01','2012-02-03'),(213,'Kiểm tra ngày thiết bị MP 2100','2.208',0.25,'máy',91,3,NULL,1,1,'2012-02-01','2012-02-03'),(214,'Kiểm tra ngày tổng đài điện tử số','2.209',0.5,'đài',91,3,NULL,1,1,'2012-02-01','2012-02-03'),(215,'Kiểm tra ngày tủ nguồn TT','2.210',0.25,'tủ',91,3,NULL,1,1,'2012-02-01','2012-02-03'),(216,'Kiểm tra ngày tổng đài âm tần','2.211',1,'đài',91,3,NULL,1,1,'2012-02-01','2012-02-03'),(217,'Kiểm tra ngày đài Tập trung trong ga','2.212',0.5,'đài',91,3,NULL,1,1,'2012-02-01','2012-02-03'),(218,'Kiểm tra ngày máy điện thoại chạy tàu các loại','2.213',0.17,'máy',91,3,NULL,1,1,'2012-02-01','2012-02-03'),(219,'Kiểm tra ngày phân cơ âm tần chạy tầu','2.214',0.25,'bộ',91,3,NULL,1,1,'2012-02-01','2012-02-03'),(220,'Kiểm tra ngày phân cơ âm tần hành chính','2.215',0.17,'bộ',91,3,NULL,1,1,'2012-02-01','2012-02-03'),(221,'Kiểm tra ngày thiết bị thông tin quang (ga)','2.216',0.5,'hệ',91,3,NULL,1,1,'2012-02-01','2012-02-03'),(222,'Kiểm tra ngày thiết bị thông tin quang (trạm)','2.217',0.75,'hệ',91,3,NULL,1,1,'2012-02-01','2012-02-03'),(223,'Kiểm tra ngày tổng đài SEI','2.218',0.5,'đài',91,3,NULL,1,1,'2012-02-01','2012-02-03'),(224,'Công tác duy tu tháng','2.300',0,'hệ',0,2,NULL,1,1,'2012-02-01','2012-05-31'),(225,'CÔNG TÁC THÁNG','2.A',1,'giờ',0,1,'2.100 ; 2.200 ; 2.300 ; ',1,1,'2012-02-01','2012-05-29'),(226,'CÔNG TÁC NĂM','2.B',1,'giờ',0,1,'2.400 ; 2.500 ; ',1,1,'2012-02-01','2012-05-29'),(227,'Duy tu quý Biến áp các loại','2.301',0.5,'cái',1,3,NULL,1,1,'2012-02-01','2012-02-03'),(228,'Duy tu quý Cầu đo điện','2.302',0.5,'bộ',1,3,NULL,1,1,'2012-02-01','2012-02-03'),(229,'Duy tu quý Hệ ADSL','2.303',0.25,'hệ',1,3,NULL,1,1,'2012-02-01','2012-02-03'),(230,'Duy tu quý Hệ thống chống sét lầu thông tin','2.305',2,'hệ',1,3,NULL,1,1,'2012-02-01','2012-02-03'),(231,'Trực trạm ĐTĐB','2.110',1,'Trạm',92,3,NULL,1,1,'2012-02-01','2012-06-08'),(232,'Trực GQTN kiêm kiểm tra TĐ điện tử số','2.109',1,'đài',92,3,NULL,1,1,'2012-02-01','2012-06-08'),(233,'Duy tu quý Hệ thống điện thoại truyền hình','2.306',1,'hệ',1,3,NULL,1,1,'2012-02-01','2012-02-03'),(234,'Duy tu quý Hệ thống máng cáp thông tin','2.307',2,'hệ',1,3,NULL,1,1,'2012-02-01','2012-02-03'),(235,'Duy tu quý Hộp cáp TT ','2.308',1,'hộp',1,3,NULL,1,1,'2012-02-01','2012-02-03'),(236,'Duy tu quý Quạt thông gió','2.309',0.5,'cái',1,3,NULL,1,1,'2012-02-01','2012-02-03'),(237,'Duy tu quý Thiết bị chống sét điện lưới SRF','2.310',0.25,'bộ',1,3,NULL,1,1,'2012-02-01','2012-02-03'),(238,'Duy tu tháng bể + ắc quy','2.311',1,'bể',3,3,NULL,1,1,'2012-02-01','2012-02-03'),(239,'Duy tu tháng Bộ nguồn các loại','2.312',1,'bộ',3,3,NULL,1,1,'2012-02-01','2012-02-03'),(240,'Duy tu tháng bộ giao tiếp các loại','2.313',0.25,'bộ',3,3,NULL,1,1,'2012-02-01','2012-02-03'),(241,'Duy tu tháng Máy điện thoại hành chính ','2.314',0.25,'máy ',3,3,NULL,1,1,'2012-02-01','2012-05-30'),(242,'Duy tu tháng Bộ lưu điện','2.315',0.5,'bộ',3,3,NULL,1,1,'2012-02-01','2012-02-03'),(243,'Duy tu tháng Bộ rung các loại','2.316',0.5,'bộ',3,3,NULL,1,1,'2012-02-01','2012-02-03'),(244,'Duy tu tháng Bộ tiêu hao R-C','2.317',0.25,'bộ',3,3,NULL,1,1,'2012-02-01','2012-02-03'),(245,'Duy tu tháng Máy điện thoại đi đường ','2.318',0.25,'máy ',3,3,NULL,1,1,'2012-02-01','2012-05-30'),(246,'Duy tu tháng Giá đo thử đường dài','2.319',1,'giá',3,3,NULL,1,1,'2012-02-01','2012-02-03'),(247,'Duy tu tháng Giá MDF, ODF, DDF','2.320',0.5,'giá',3,3,NULL,1,1,'2012-02-01','2012-02-03'),(248,'Duy tu tháng Hệ phóng thanh','2.321',3,'hệ',3,3,NULL,1,1,'2012-02-01','2012-02-03'),(249,'Duy tu tháng Hệ thống bán vé tự động','2.322',0.25,'hệ',3,3,NULL,1,1,'2012-02-01','2012-02-03'),(250,'Duy tu tháng Máy điện thoại nam châm','2.323',0.25,'máy',3,3,NULL,1,1,'2012-02-01','2012-02-03'),(251,'Duy tu tháng Máy điều độ nhánh ','2.324',0.5,'bộ',3,3,NULL,1,1,'2012-02-01','2012-02-03'),(252,'Duy tu tháng Máy điều hoà nhiệt độ ','2.325',1,'cái ',3,3,NULL,1,1,'2012-02-01','2012-05-30'),(253,'Duy tu tháng Máy đo phân cơ, máy đo các loại','2.326',0.25,'máy',3,3,NULL,1,1,'2012-02-01','2012-02-03'),(254,'Duy tu tháng Máy đo thông số bậc hai','2.327',0.25,'máy',3,3,NULL,1,1,'2012-02-01','2012-02-03'),(255,'Duy tu tháng Máy FAX','2.328',0.25,'máy',3,3,NULL,1,1,'2012-02-01','2012-02-03'),(256,'Duy tu tháng Máy hiện sóng','2.329',0.5,'máy',3,3,NULL,1,1,'2012-02-01','2012-02-03'),(257,'Duy tu tháng Máy hút bụi','2.330',0.25,'máy',3,3,NULL,1,1,'2012-02-01','2012-02-03'),(258,'Duy tu tháng Máy phân đường YDHF-1','2.331',1,'máy',3,3,NULL,1,1,'2012-02-01','2012-02-03'),(259,'Duy tu tháng Máy tải ba VBO-3','2.332',4,'máy',3,3,NULL,1,1,'2012-02-02','2012-02-03'),(260,'Duy tu tháng Máy tải ba VBO-12','2.333',8,'máy',3,3,NULL,1,1,'2012-02-03','2012-02-03'),(261,'Duy tu tháng Máy tăng âm tải 3','2.334',3,'máy',3,3,NULL,1,1,'2012-02-03','2012-02-03'),(262,'Duy tu tháng Máy tính cước','2.335',0.25,'máy',3,3,NULL,1,1,'2012-02-03','2012-02-03'),(263,'Duy tu tháng Máy tính quản lý','2.336',0.25,'máy',3,3,NULL,1,1,'2012-02-03','2012-02-03'),(264,'Duy tu tháng Máy vô tuyến điện ','2.337',1,'hệ',3,3,NULL,1,1,'2012-02-03','2012-02-03'),(265,'Duy tu tháng Modem các loại (của SDH và ADSL)','2.338',0.17,'cái',3,3,NULL,1,1,'2012-02-03','2012-02-03'),(266,'Duy tu tháng Ổn áp 1  pha các loại','2.339',1,'cái',3,3,NULL,1,1,'2012-02-03','2012-02-03'),(267,'Duy tu tháng Ổn áp 3 pha các loại','2.340',1.5,'cái',3,3,NULL,1,1,'2012-02-03','2012-02-03'),(268,'Duy tu tháng Phân cơ điện thoại âm tần các loại','2.341',0.5,'bộ',3,3,NULL,1,1,'2012-02-03','2012-02-03'),(269,'Duy tu tháng Phân cơ điện thoại hội nghị+loa+Mcrô','2.342',0.5,'hệ',3,3,NULL,1,1,'2012-02-03','2012-02-03'),(270,'Duy tu tháng Tăng âm 2 chiều SZ-1','2.343',1,'máy',3,3,NULL,1,1,'2012-02-03','2012-02-03'),(271,'Duy tu tháng Thiết bị chuyển tiếp DYF-1','2.344',0.5,'máy',3,3,NULL,1,1,'2012-02-03','2012-02-03'),(272,'Duy tu tháng Thiết bị kết nối chéo','2.345',3,'ht',3,3,NULL,1,1,'2012-02-03','2012-02-03'),(273,'Duy tu tháng thiết bị MP 2100','2.346',0.5,'máy',3,3,NULL,1,1,'2012-02-03','2012-02-03'),(274,'Duy tu tháng Thiết bị mux','2.347',1,'tb',3,3,NULL,1,1,'2012-02-03','2012-02-03'),(275,'Duy tu tháng Thiết bị SDH ','2.348',3,'tb',3,3,NULL,1,1,'2012-02-03','2012-02-03'),(276,'Duy tu tháng thiết bị t.dẫn quang: AN-FM-120-ETH','2.349',0.5,'máy',3,3,NULL,1,1,'2012-02-03','2012-02-03'),(277,'Duy tu tháng Tổng đài điện tử số (kể cả bàn PO)','2.350',4,'đài',3,3,NULL,1,1,'2012-02-03','2012-02-03'),(278,'Duy tu tháng Tổng đài điều độ, dưỡng lộ','2.351',2,'đài',3,3,NULL,1,1,'2012-02-03','2012-02-03'),(279,'Duy tu tháng Tổng đài kỹ thuật số SEI ','2.352',0.75,'đài',3,3,NULL,1,1,'2012-02-03','2012-02-03'),(280,'Duy tu tháng Tủ nguồn AC/DC cả ắc quy (SDH và TĐĐT)','2.353',1,'tủ',3,3,NULL,1,1,'2012-02-03','2012-02-03'),(281,'Điều tra lập kế hoạch quý trạm TT','2.354',24,'trạm',1,3,NULL,1,1,'2012-02-03','2012-02-03'),(282,'Đo kênh tải ba','2.355',8,'máy',1,3,NULL,1,1,'2012-02-03','2012-02-03'),(283,'Đo tiêu chuẩn điện khí 1 chiều đường dây cáp quang','2.356',10,'điểm',0,3,NULL,1,1,'2012-02-03','2012-02-03'),(284,'Đo tiêu chuẩn điện khí 1 chiều đường dây trần','2.357',10,'điểm',1,3,NULL,1,1,'2012-02-03','2012-02-03'),(285,'Bảo quản Tbị TT dự phòng tại trạm','2.358',0.25,'t.bộ',91,3,NULL,1,1,'2012-02-03','2012-02-03'),(286,'Phối hợp Quân đội đo cáp đồng luồng E1','2.359',10,'lần',3,3,NULL,1,1,'2012-02-03','2012-02-03'),(287,'Công tác duy tu năm định kỳ','2.400',0,'hệ',0,2,NULL,1,1,'2012-02-03','2012-05-31'),(288,'Duy tu năm Biến áp các loại','2.401',1,'cái',1,0,'',1,1,'2012-02-03','2012-05-31'),(289,'Duy tu năm Bộ nguồn các loại','2.402',1.5,'bộ',1,0,'',1,1,'2012-02-03','2012-05-31'),(290,'Duy tu năm bộ giao tiếp các loại','2.403',0.5,'bộ',1,0,'',1,1,'2012-02-03','2012-05-31'),(291,'Duy tu năm Bộ lọc, bộ thu lôi đường dài...','2.404',0.5,'bộ',1,0,'',1,1,'2012-02-03','2012-05-31'),(292,'Duy tu năm Bộ lưu điện','2.405',1,'bộ',1,0,'',1,1,'2012-02-03','2012-05-31'),(293,'Duy tu năm Bộ rung các loại ','2.406',1,'bộ',1,0,'',1,1,'2012-02-03','2012-05-31'),(294,'Duy tu năm Bộ tiêu hao R-C','2.407',0.5,'bộ',1,0,'',1,1,'2012-02-03','2012-05-31'),(295,'Duy tu năm Cầu đo điện','2.408',1,'bộ',1,0,'',1,1,'2012-02-03','2012-05-31'),(296,'Duy tu năm Đài tập trung trong ga','2.409',2,'đài',1,0,'',1,1,'2012-02-03','2012-05-31'),(297,'Duy tu năm Giá đo thử đường dài','2.410',2,'giá',1,0,'',1,1,'2012-02-03','2012-05-31'),(298,'Duy tu năm Giá MDF, ODF, DDF','2.411',1,'giá',1,0,'',1,1,'2012-02-03','2012-05-31'),(299,'Duy tu năm Hệ ADSL','2.412',0.5,'hệ',1,0,'',1,1,'2012-02-03','2012-05-31'),(300,'Duy tu năm Hệ ăng ten','2.413',3,'hệ',1,0,'',1,1,'2012-02-03','2012-05-31'),(301,'Duy tu năm Hệ phóng thanh','2.414',3,'hệ',1,0,'',1,1,'2012-02-03','2012-05-31'),(302,'Duy tu năm Hệ thống bán vé tự động','2.415',0.5,'hệ',1,0,'',1,1,'2012-02-03','2012-05-31'),(303,'Duy tu năm Hệ thống chống sét lầu thông tin','2.416',3,'hệ',1,0,'',1,1,'2012-02-03','2012-05-31'),(304,'Duy tu năm Hệ thống điện thoại truyền hình','2.417',1.5,'hệ',1,0,'',1,1,'2012-02-03','2012-05-31'),(305,'Duy tu năm Hệ thống máng cáp thông tin','2.418',3,'hệ',1,0,'',1,1,'2012-02-03','2012-05-31'),(306,'Duy tu năm Hệ thống tiếp đất','2.419',2,'hệ',1,0,'',1,1,'2012-02-03','2012-05-31'),(307,'Duy tu năm Hộp cáp TT','2.420',1.5,'hộp',1,0,'',1,1,'2012-02-03','2012-05-31'),(308,'Duy tu năm Máy điện thoại  nam châm','2.421',0.5,'máy',1,0,'',1,1,'2012-02-03','2012-05-31'),(309,'Duy tu năm Máy điện thoại  tự động, cộng điện','2.422',0.33,'máy',1,0,'',1,1,'2012-02-03','2012-05-31'),(310,'Duy tu năm Máy điều độ nhánh ','2.423',1,'bộ',1,0,'',1,1,'2012-02-03','2012-05-31'),(311,'Duy tu năm Máy điều hòa nhiệt độ ','2.424',4,'máy',1,0,'',1,1,'2012-02-03','2012-05-31'),(312,'Duy tu năm Máy đo ET 70 (cả thu và phát)','2.425',0.5,'bộ',1,0,'',1,1,'2012-02-03','2012-05-31'),(313,'Duy tu năm Máy đo phân cơ, máy đo các loại','2.426',0.5,'máy',1,0,'',1,1,'2012-02-03','2012-05-31'),(314,'Duy tu năm Máy đo thông số bậc hai','2.427',0.5,'máy',1,0,'',1,1,'2012-02-03','2012-05-31'),(315,'Duy tu năm Máy FAX','2.428',0.5,'máy',1,0,'',1,1,'2012-02-03','2012-05-31'),(316,'Duy tu năm Máy hiện sóng','2.429',1,'máy',1,0,'',1,1,'2012-02-03','2012-05-31'),(317,'Duy tu năm Máy hút bụi','2.430',0.5,'máy',1,0,'',1,1,'2012-02-03','2012-05-31'),(318,'Duy tu năm Máy phân đường YDHF-1','2.431',1.5,'máy',1,0,'',1,1,'2012-02-03','2012-05-31'),(319,'Duy tu năm Máy tải ba VBO 3','2.432',16,'máy',1,0,'',1,1,'2012-02-03','2012-05-31'),(320,'Duy tu năm Máy tải ba VBO-12','2.433',32,'máy',1,0,'',1,1,'2012-02-03','2012-05-31'),(321,'Duy tu năm Máy tăng âm tải 3','2.434',16,'máy',1,0,'',1,1,'2012-02-03','2012-05-31'),(322,'Duy tu năm Máy tính cước','2.435',0.5,'máy',1,0,'',1,1,'2012-02-03','2012-05-31'),(323,'Duy tu năm Máy tính quản lý','2.436',0.5,'máy',1,0,'',1,1,'2012-02-03','2012-05-31'),(324,'Duy tu năm Máy vô tuyến điện ','2.437',2,'máy',1,0,'',1,1,'2012-02-03','2012-05-31'),(325,'Duy tu năm Modem các loại (của SDH và ADSL)','2.438',0.5,'cái',1,0,'',1,1,'2012-02-03','2012-05-31'),(326,'Duy tu năm Ổn áp 1 pha các loại','2.439',1.5,'cái',1,0,'',1,1,'2012-02-03','2012-05-31'),(327,'Duy tu năm Ổn áp 3 pha các loại','2.440',2,'cái',1,0,'',1,1,'2012-02-03','2012-05-31'),(328,'Duy tu năm Phân cơ điện thoại âm tần các loại','2.441',1,'bộ',1,0,'',1,1,'2012-02-03','2012-05-31'),(329,'Duy tu năm Phân cơ điện thoại hội nghị+loa+Mcrô','2.442',1,'hệ',1,0,'',1,1,'2012-02-03','2012-05-31'),(330,'Duy tu năm Quạt thông gió','2.443',1,'cái',1,0,'',1,1,'2012-02-03','2012-05-31'),(331,'Duy tu năm Tăng âm 2 chiều SZ-1','2.444',1.5,'máy',1,0,'',1,1,'2012-02-03','2012-05-31'),(332,'Duy tu năm Thiết bị chống sét điện lưới SRF','2.445',0.5,'bộ',1,0,'',1,1,'2012-02-03','2012-05-31'),(333,'Duy tu năm Thiết bị chống sét đường truyền tín hiệu','2.446',0.5,'cái',1,0,'',1,1,'2012-02-03','2012-05-31'),(334,'Duy tu năm Thiết bị chuyển tiếp DYF-1','2.447',1,'máy',1,0,'',1,1,'2012-02-03','2012-05-31'),(335,'Duy tu năm Thiết bị kết nối chéo','2.448',8,'ht',1,0,'',1,1,'2012-02-03','2012-05-31'),(336,'Duy tu năm thiết bị MP 2100','2.449',1,'máy',1,0,'',1,1,'2012-02-03','2012-05-31'),(337,'Duy tu năm Thiết bị mux','2.450',4,'tb',1,0,'',1,1,'2012-02-03','2012-05-31'),(338,'Duy tu năm Thiết bị SDH ','2.451',8,'tb',1,0,'',1,1,'2012-02-03','2012-05-31'),(339,'Duy tu tháng thiết bị truyền dẫn quang: AN-FM-120-ETH','2.452',1,'máy',1,3,NULL,1,1,'2012-02-03','2012-02-03'),(340,'Duy tu năm Tổng đài điện tử số (kể cả bàn PO)','2.453',16,'đài',1,0,'',1,1,'2012-02-03','2012-05-31'),(341,'Duy tu năm Tổng đài điều độ, dưỡng lộ','2.454',8,'đài',1,0,'',1,1,'2012-02-03','2012-05-31'),(342,'Duy tu năm Tổng đài kỹ thuật số SEI ','2.455',2,'đài',1,0,'',1,1,'2012-02-03','2012-05-31'),(343,'Duy tu năm Tủ nguồn AC/DC cả ắc quy (SDH và TĐĐT)','2.456',2,'tủ',1,0,'',1,1,'2012-02-03','2012-05-31'),(344,'Công tác duy tu năm không định kỳ','2.500',0,'hệ',0,2,NULL,1,1,'2012-02-03','2012-05-31'),(345,'Di chuyển máy điện thoại','2.501',1,'cái',1,0,'',1,1,'2012-02-03','2012-05-04'),(346,'Làm + Thay dây đất','2.502',4,'sợi',1,0,'',1,1,'2012-02-03','2012-05-04'),(347,'Lắp đặt hệ dây đất các loại','2.503',12,'hệ',1,0,'',1,1,'2012-02-03','2012-05-04'),(348,'Lắp đặt mới máy điện thoại tự động','2.504',2,'cái',1,0,'',1,1,'2012-02-03','2012-05-04'),(349,'Sửa chữa bộ nguồn SDH-1600','2.505',8,'bộ',1,0,'',1,1,'2012-02-03','2012-05-04'),(350,'Sửa chữa bộ nguồn TĐĐT','2.506',8,'bộ',1,0,'',1,1,'2012-02-03','2012-05-04'),(351,'Sửa chữa Card các loại','2.507',16,'card',1,0,'',1,1,'2012-02-03','2012-05-04'),(353,'Sửa chữa hệ dây đất công tác','2.510',4,'hệ',1,0,'',1,1,'2012-02-03','2012-05-04'),(354,'Sửa chữa máy điện thoại các loại','2.511',8,'cái',1,0,'',1,1,'2012-02-03','2012-05-04'),(355,'Sửa chữa phân cơ âm tần','2.512',8,'bộ',1,0,'',1,1,'2012-02-03','2012-05-04'),(356,'\"Tăng cường giờ kiểm tra An toàn c/tàu Tết ','2.513',4,'ga',1,0,'',1,1,'2012-02-03','2012-05-04'),(357,'Thay bảng nhựa 150x200mm','2.514',0.5,'cái',1,0,'',1,1,'2012-02-03','2012-05-04'),(358,'Thay phân cơ điện thoại âm tần','2.515',1,'bộ',1,0,'',1,1,'2012-02-03','2012-05-04'),(359,'Thay máy điều hòa nhiệt độ','2.516',8,'cái',1,0,'',1,1,'2012-02-03','2012-05-04'),(360,'Thay bảng gỗ lắp phân cơ 400x600mm','2.517',1,'cái',1,0,'',1,1,'2012-02-03','2012-05-04'),(361,'Thay cụm lá mía máy phát điện','2.518',1,'cái',1,0,'',1,1,'2012-02-03','2012-05-04'),(362,'Thay bộ bảo an đế sứ PL350','2.519',0.5,'bộ',1,0,'',1,1,'2012-02-03','2012-05-04'),(363,'Thay cuộn cảm ứng','2.520',1,'cái',1,0,'',1,1,'2012-02-03','2012-05-04'),(364,'Thay khung phân cơ ','2.521',1.5,'cái',1,0,'',1,1,'2012-02-03','2012-05-04'),(365,'Thay cuộn dây chuông máy điện thoại','2.522',1,'cái',1,0,'',1,1,'2012-02-03','2012-05-04'),(366,'Thay dây cooc đông máy ĐTNC','2.523',0.1,'cái',1,0,'',1,1,'2012-02-03','2012-05-04'),(367,'Thay dây cooc đông máy ĐTTĐ','2.524',0.1,'cái',1,0,'',1,1,'2012-02-03','2012-05-04'),(368,'Thay dây link máy điện thoại','2.525',0.1,'cái',1,0,'',1,1,'2012-02-03','2012-05-04'),(369,'Thay dây tổ hợp bàn PO, máy ĐT','2.526',0.1,'cái',1,0,'',1,1,'2012-02-03','2012-05-04'),(370,'Thay hộp đựng pin loại 2 viên','2.527',0.5,'cái',1,0,'',1,1,'2012-02-03','2012-05-04'),(371,'TÍN HIỆU RA, VÀO GA','3.000',0,'hệ',0,1,'3.A ; 3.B ; ',1,1,'2012-02-06','2012-05-31'),(372,'Công tác thường trực','3.100',0,'giờ',0,2,NULL,1,1,'2012-02-06','2012-05-31'),(373,'Trực, GQTN kiêm kiểm tra thiết bị ga THĐM ≤ 3 đường ','3.101',6,'ga',91,3,NULL,1,1,'2012-02-06','2012-02-06'),(374,'Trực, GQTN kiêm kiểm tra thiết bị ga THĐM > 3 đường ','3.102',10,'ga',91,3,NULL,1,1,'2012-02-06','2012-02-06'),(375,'Trực GQTN kiêm kiểm tra thiết bị ga tín hiệu ĐKTT ≤ 3 đường','3.103',14,'ga',91,3,NULL,1,1,'2012-02-06','2012-02-06'),(376,'Trực GQTN kiêm kiểm tra thiết bị ga tín hiệu ĐKTT > 3 đường','3.104',22,'ga',91,3,NULL,1,1,'2012-02-06','2012-02-06'),(377,'Công tác kiểm tra','3.200',0,'hệ',0,2,NULL,1,1,'2012-02-20','2012-05-29'),(378,'Kiểm tra ngày cột tín hiệu cầu chung','3.201',0.583,'cột',91,3,NULL,1,1,'2012-02-28','2012-02-28'),(379,'Kiểm tra ngày cột tín hiệu đường ngang cự ly < 3km','3.202',0.583,'cột',91,3,NULL,1,1,'2012-02-28','2012-02-28'),(380,'Kiểm tra ngày cột tín hiệu đường ngang cự ly 3km - ≤ 7km','3.203',0.583,'cột',91,3,NULL,1,1,'2012-02-28','2012-02-28'),(381,'Kiểm tra ngày cột tín hiệu đường ngang cự ly > 7km','3.204',0.583,'cột',91,3,NULL,1,1,'2012-02-28','2012-02-28'),(382,'Kiểm tra ngày cột tín hiệu vào ga','3.205',0.25,'cột',91,3,NULL,1,1,'2012-02-28','2012-02-28'),(383,'Kiểm tra tầm nhìn tín hiệu','3.206',0.33,'cột',6,3,NULL,1,1,'2012-02-28','2012-02-28'),(384,'Kiểm tra ngày cột tín hiệu đèn mầu báo trước ','3.207',0.25,'cột',91,3,NULL,1,1,'2012-02-28','2012-02-28'),(385,'Kiểm tra ngày cột tín hiệu đèn mầu chặn đường','3.208',0.33,'cột',91,3,NULL,1,1,'2012-02-28','2012-02-28'),(386,'Kiểm tra ngày cột tín hiệu ra ga cao','3.209',0.25,'cột',91,3,NULL,1,1,'2012-02-28','2012-02-28'),(387,'Kiểm tra ngày cột tín hiệu ra ga thấp','3.210',0.167,'cột',91,3,NULL,1,1,'2012-02-28','2012-02-28'),(388,'Kiểm tra ngày Cột tín hiệu phòng vệ ','3.211',0.25,'cột',91,3,NULL,1,1,'2012-02-28','2012-02-28'),(389,'Kiểm tra ngày Cột thao tác tài xế','3.212',0.25,'cột',91,3,NULL,1,1,'2012-02-28','2012-02-28'),(390,'Kiểm tra ngày Hệ tín hiệu cơ khí 3 cánh (cột bê tông)','3.213',0.217,'hệ',91,3,NULL,1,1,'2012-02-28','2012-02-28'),(391,'Kiểm tra ngày Hệ tín hiệu cơ khí 2 cánh (cột sắt)','3.214',0.33,'hệ',91,3,NULL,1,1,'2012-02-28','2012-02-28'),(392,'ĐỘT XUẤT ','III',0,'giờ',0,3,NULL,1,1,'2012-03-18','2012-03-18'),(393,'TỔNG GIỜ TRỰC TIẾP ','C',0,'giờ',0,1,'C.1 ; C.2 ; ',1,1,'2012-03-18','2012-05-29'),(394,'TỔNG CÔNG TÁC THÁNG ','C.1',0,'giờ',0,1,'1.A ; 2.A ; 3.A ; 4.A ; 5.A ; 6.A ; 7.A ; ',1,1,'2012-03-18','2012-06-08'),(395,'TỔNG CÔNG TÁC NĂM  ','C.2',0,'giờ',0,1,'I ; II ; III ; ',1,1,'2012-03-18','2012-05-29'),(396,'Thay xà bê tông 2,5m','1.617',8,'cái',1,0,'',1,1,'2012-05-04','2012-05-29'),(397,'Thay xà gỗ 1,1m','1.618',4,'cái',1,0,'',1,1,'2012-05-04','2012-05-29'),(398,'Thay xà gỗ 2,5m','1.619',8,'cái',1,0,'',1,1,'2012-05-04','2012-05-29'),(399,'Thay xà sắt 2,5m','1.620',8,'cái',1,0,'',1,1,'2012-05-04','2012-05-29'),(400,'Thu hồi cột bê tông','1.621',24,'cột',1,0,'',1,1,'2012-05-04','2012-05-29'),(401,'Tổ cáp quang','1.622',1,'tổ',1,0,'',1,1,'2012-05-04','2012-05-29'),(402,'Xây bể cáp quang loại 2 đan','1.623',94,'bể',1,0,'',1,1,'2012-05-04','2012-05-29'),(403,'Xây bể cáp quang loại 3 đan','1.624',108,'bể',1,0,'',1,1,'2012-05-04','2012-05-29'),(404,'Xây kè cột bị xói lỡ bằng đá hộc','1.625',32,'m3',1,0,'',1,1,'2012-05-04','2012-05-29'),(405,'Xây ụ chân dây co bằng đá hộc','1.626',16,'ụ',1,0,'',1,1,'2012-05-04','2012-05-29'),(406,'Xây ụ quầy cột đơn bằng đá hộc','1.627',20,'ụ',1,0,'',1,1,'2012-05-04','2012-05-29'),(407,'Xây ụ quầy cột H bằng đá hộc','1.628',24,'ụ',1,0,'',1,1,'2012-05-04','2012-05-29'),(408,'Thay hộp đựng pin loại 4 viên','2.528',0.5,'cái',1,0,'',1,1,'2012-05-04','2012-05-29'),(409,'Thay hộp đấu dây máy điện thoại','2.529',0.5,'cái',1,0,'',1,1,'2012-05-04','2012-05-29'),(410,'Thay máy điện thoại đi đường','2.530',0.5,'cái',1,0,'',1,1,'2012-05-04','2012-05-29'),(411,'Thay máy điện thoại dưỡng lộ','2.531',0.5,'cái',1,0,'',1,1,'2012-05-04','2012-05-29'),(412,'Thay máy điện thoại nam châm','2.532',0.5,'cái',1,0,'',1,1,'2012-05-04','2012-05-29'),(413,'Thay máy điện thoại tự động','2.533',0.5,'cái',1,0,'',1,1,'2012-05-04','2012-05-29'),(414,'Thay nẹp nhựa loại 20mm','2.534',0.2,'m',1,0,'',1,1,'2012-05-04','2012-05-29'),(415,'Thay nẹp nhựa loại 40mm','2.535',0.2,'m',1,0,'',1,1,'2012-05-04','2012-05-29'),(417,'Kiểm tra ngày Hệ tín hiệu cơ khí 1 cánh (cột sắt)','3.215',0.417,'hệ',90,3,NULL,1,1,'2012-05-04','2012-05-04'),(418,'Công tác duy tu tháng','3.300',0,'hệ',0,2,NULL,1,1,'2012-05-04','2012-05-29'),(419,'Duy tu tháng Cột tín hiệu đèn mầu báo trước ','3.301',0.67,'cột',3,3,NULL,1,1,'2012-05-04','2012-05-04'),(420,'Duy tu tháng Cột tín hiệu đèn mầu chặn đường','3.302',0.67,'cột',3,3,NULL,1,1,'2012-05-04','2012-05-04'),(421,'Duy tu tháng Cột tín hiệu đèn mầu dồn, ngăn dồn ','3.303',0.67,'cột',3,3,NULL,1,1,'2012-05-04','2012-05-04'),(422,'Duy tu tháng Cột tín hiệu đèn mầu lặp lại','3.304',0.67,'cột',3,3,NULL,1,1,'2012-05-04','2012-05-04'),(423,'Duy tu tháng Cột tín hiệu đèn mầu ra ga cao','3.305',0.67,'cột',3,3,NULL,1,1,'2012-05-04','2012-05-04'),(424,'Duy tu tháng Cột tín hiệu đèn màu ra ga kiêm dồn cao','3.306',0.67,'cột',3,3,NULL,1,1,'2012-05-04','2012-05-04'),(425,'Duy tu tháng Cột tín hiệu đèn màu ra ga kiêm dồn thấp','3.307',0.5,'cột',3,3,NULL,1,1,'2012-05-04','2012-05-04'),(426,'Duy tu tháng Cột tín hiệu đèn mầu ra ga thấp','3.308',0.5,'cột',3,3,NULL,1,1,'2012-05-04','2012-05-04'),(427,'Duy tu tháng Cột tín hiệu đèn mầu vào ga','3.309',1.33,'cột',3,3,NULL,1,1,'2012-05-04','2012-05-04'),(428,'Duy tu tháng Cột tín hiệu đường ngang ','3.310',1,'cột',3,3,NULL,1,1,'2012-05-04','2012-05-04'),(429,'Duy tu tháng Cột tín hiệu phòng vệ ','3.311',0.67,'cột',3,3,NULL,1,1,'2012-05-04','2012-05-04'),(430,'Duy tu tháng Cột thao tác tài xế','3.312',0.67,'cột',3,3,NULL,1,1,'2012-05-04','2012-05-04'),(431,'Duy tu tháng Hệ tín hiệu cơ khí 3 cánh (cột bê tông)','3.313',2,'hệ',3,3,NULL,1,1,'2012-05-04','2012-05-04'),(432,'Duy tu tháng Hệ tín hiệu cơ khí 2 cánh (cột sắt)','3.314',2,'hệ',3,3,NULL,1,1,'2012-05-04','2012-05-04'),(433,'Duy tu tháng Hệ tín hiệu cơ khí 1 cánh (cột sắt)','3.315',1.5,'hệ',3,3,NULL,1,1,'2012-05-04','2012-05-04'),(434,'Công tác năm ','3.B',0,'hệ',0,1,'3.400 ; 3.500 ; ',1,1,'2012-05-04','2012-05-29'),(435,'Công tác duy tu năm định kỳ','3.400',0,'hệ',0,2,NULL,1,1,'2012-05-04','2012-05-29'),(436,'Duy tu năm cột tín hiệu đèn mầu báo trước ','3.401',11,'cột',1,0,'',1,1,'2012-05-04','2012-05-31'),(437,'Duy tu năm cột tín hiệu đèn mầu chặn đường','3.402',11,'cột',1,0,'',1,1,'2012-05-04','2012-05-31'),(438,'Duy tu năm cột tín hiệu đèn mầu dồn, ngăn dồn ','3.403',11,'cột',1,0,'',1,1,'2012-05-04','2012-05-31'),(439,'Duy tu năm cột tín hiệu đèn mầu lặp lại','3.404',11,'cột',1,0,'',1,1,'2012-05-04','2012-05-31'),(440,'Duy tu năm cột tín hiệu đèn mầu ra ga cao','3.405',6,'cột',1,0,'',1,1,'2012-05-04','2012-05-31'),(441,'Duy tu năm cột tín hiệu đèn màu ra ga kiêm dồn cao','3.406',6,'cột',1,0,'',1,1,'2012-05-04','2012-05-31'),(442,'Duy tu năm cột tín hiệu đèn màu ra ga kiêm dồn thấp','3.407',2,'cột',1,0,'',1,1,'2012-05-04','2012-05-31'),(443,'Duy tu năm cột tín hiệu đèn mầu ra ga thấp','3.408',2,'cột',1,0,'',1,1,'2012-05-04','2012-05-31'),(444,'Duy tu năm cột tín hiệu đèn mầu vào ga','3.409',17.5,'cột',1,0,'',1,1,'2012-05-04','2012-05-31'),(445,'Duy tu năm cột tín hiệu đường ngang ','3.410',9.33,'cột',1,0,'',1,1,'2012-05-04','2012-05-31'),(446,'Duy tu năm cột tín hiệu phòng vệ ','3.411',9.33,'cột',1,0,'',1,1,'2012-05-04','2012-05-31'),(447,'Duy tu năm cột thao tác tài xế','3.412',6,'cột',1,0,'',1,1,'2012-05-04','2012-05-31'),(448,'Duy tu năm hệ tín hiệu cơ khí 1 cánh (cột sắt)','3.413',11,'hệ',1,0,'',1,1,'2012-05-04','2012-05-31'),(449,'Duy tu năm hệ tín hiệu cơ khí 2 cánh (cột sắt)','3.414',16,'hệ',1,0,'',1,1,'2012-05-04','2012-05-31'),(450,'Duy tu năm hệ tín hiệu cơ khí 3 cánh (cột bê tông)','3.415',18,'hệ',1,0,'',1,1,'2012-05-04','2012-05-31'),(451,'Quét vôi thân cột tín hiệu bê tông ','3.416',6,'cột',1,0,'',1,1,'2012-05-04','2012-05-31'),(452,'Quét vôi phụ kiện bê tông trong ga ≤ 3 đường','3.417',6,'ga',1,0,'',1,1,'2012-05-04','2012-05-31'),(453,'Quét vôi phụ kiện bê tông trong ga > 3 đường','3.418',8,'ga',1,0,'',1,1,'2012-05-04','2012-05-31'),(454,'Sơn cạo cột tín hiệu cơ khí 1 cánh cột sắt (cả thang)','3.419',33.3,'cột',1,0,'',1,1,'2012-05-04','2012-05-31'),(455,'Sơn cạo cột tín hiệu cơ khí 2 cánh cột sắt (cả thang)','3.420',35,'cột',1,0,'',1,1,'2012-05-04','2012-05-31'),(456,'Sơn cạo cột tín hiệu cơ khí 3 cánh cột bê tông (cả thang)','3.421',26.7,'cột',1,0,'',1,1,'2012-05-04','2012-05-31'),(457,'Sơn cạo cột tín hiệu cơ khí 3 cánh cột sắt (cả thang)','3.422',37,'cột',1,0,'',1,1,'2012-05-04','2012-05-31'),(458,'Sơn cạo cột tín hiệu đèn mầu báo trước (cả thang)','3.423',18,'cột',1,0,'',1,1,'2012-05-04','2012-05-31'),(459,'Sơn cạo cột tín hiệu đèn mầu chặn đường (cả thang)','3.424',33,'cột',1,0,'',1,1,'2012-05-04','2012-05-31'),(460,'Sơn cạo cột tín hiệu đèn mầu dồn, ngăn dồn ','3.425',18,'cột',1,0,'',1,1,'2012-05-04','2012-05-31'),(461,'Sơn cạo cột tín hiệu đèn mầu lặp lại (cả thang)','3.426',18,'cột',1,0,'',1,1,'2012-05-04','2012-05-31'),(462,'Sơn cạo cột tín hiệu đèn mầu ra ga cao (cả thang)','3.427',18,'cột',1,0,'',1,1,'2012-05-04','2012-05-31'),(463,'Sơn cạo cột tín hiệu đèn màu ra ga kiêm dồn cao','3.428',18,'cột',1,0,'',1,1,'2012-05-04','2012-05-31'),(464,'Sơn cạo cột tín hiệu đèn màu ra ga kiêm dồn thấp','3.429',6,'cột',1,0,'',1,1,'2012-05-04','2012-05-31'),(465,'Sơn cạo cột tín hiệu đèn mầu ra ga thấp','3.430',6,'cột',1,0,'',1,1,'2012-05-04','2012-05-31'),(466,'Sơn cạo cột tín hiệu đèn mầu vào ga (cả thang)','3.431',22,'cột',1,0,'',1,1,'2012-05-04','2012-05-31'),(467,'Sơn cạo cột tín hiệu đường ngang ','3.432',24,'cột',1,0,'',1,1,'2012-05-04','2012-05-31'),(468,'Sơn cạo cột tín hiệu phòng vệ ','3.433',18,'cột',1,0,'',1,1,'2012-05-04','2012-05-31'),(469,'Sơn cạo hệ dây kéo tín hiệu','3.434',8,'hệ',1,0,'',1,1,'2012-05-04','2012-05-31'),(470,'Sơn cạo tay bẻ tín hiệu','3.435',10.4,'bộ',1,0,'',1,1,'2012-05-04','2012-05-31'),(471,'Sơn phủ cột tín hiệu đèn mầu lặp lại (cả thang)','3.436',9.5,'cột',1,0,'',1,1,'2012-05-04','2012-05-31'),(472,'Sơn phủ cột tín hiệu đèn mầu ra ga thấp','3.437',2,'cột',1,0,'',1,1,'2012-05-04','2012-05-31'),(473,'Sơn phủ cột tín hiệu cơ khí 1 cánh cột sắt (cả thang)','3.438',6,'cột',1,0,'',1,1,'2012-05-04','2012-05-31'),(474,'Sơn phủ cột tín hiệu cơ khí 2 cánh cột sắt (cả thang)','3.439',7.5,'cột',1,0,'',1,1,'2012-05-04','2012-05-31'),(475,'Sơn phủ cột tín hiệu cơ khí 3 cánh cột bê tông (cả thang)','3.440',5,'cột',1,0,'',1,1,'2012-05-04','2012-05-31'),(476,'Sơn phủ cột tín hiệu cơ khí 3 cánh cột sắt (cả thang)','3.441',7.5,'cột',1,0,'',1,1,'2012-05-04','2012-05-31'),(477,'Sơn phủ cột tín hiệu đèn mầu báo trước (cả thang)','3.442',6,'cột',1,0,'',1,1,'2012-05-04','2012-05-31'),(478,'Sơn phủ cột tín hiệu đèn mầu chặn đường (cả thang)','3.443',6,'cột',1,0,'',1,1,'2012-05-04','2012-05-31'),(479,'Sơn phủ cột tín hiệu đèn mầu dồn, ngăn dồn ','3.444',6,'cột',1,0,'',1,1,'2012-05-04','2012-05-31'),(480,'Sơn phủ cột tín hiệu đèn mầu lặp lại (cả thang)','3.445',6,'cột',1,0,'',1,1,'2012-05-04','2012-05-31'),(481,'Sơn phủ cột tín hiệu đèn mầu  ra ga cao (cả thang)','3.446',5,'cột',1,0,'',1,1,'2012-05-04','2012-05-31'),(482,'Sơn phủ Cột tín hiệu đèn màu ra ga kiêm dồn cao','3.447',5,'cột',1,0,'',1,1,'2012-05-04','2012-05-31'),(483,'Sơn phu cột tín hiệu đèn màu ra ga kiêm dồn thấp','3.448',2,'cột',1,0,'',1,1,'2012-05-04','2012-05-31'),(484,'Sơn phủ cột tín hiệu đèn mầu vào ga (cả thang)','3.449',7.5,'cột',1,0,'',1,1,'2012-05-04','2012-05-31'),(485,'Sơn phủ cột tín hiệu đường ngang ','3.450',5,'cột',1,0,'',1,1,'2012-05-04','2012-05-31'),(486,'Sơn phủ cột tín hiệu phòng vệ ','3.451',6,'cột',1,0,'',1,1,'2012-05-04','2012-05-31'),(487,'Sơn phủ hệ dây kéo tín hiệu','3.452',5,'hệ',1,0,'',1,1,'2012-05-04','2012-05-31'),(488,'Sơn phủ tay bẻ tín hiệu','3.453',7.5,'bộ',1,0,'',1,1,'2012-05-04','2012-05-31'),(489,'Công tác duy tu năm không định kỳ','3.500',0,'hệ',0,2,NULL,1,1,'2012-05-04','2012-05-31'),(490,'Chặt cây che tầm nhìn tín hiệu','3.501',1.5,'cây',1,0,'',1,1,'2012-05-04','2012-05-29'),(491,'Đào rãnh thoát nước móng cột TH','3.502',0.5,'m',1,0,'',1,1,'2012-05-04','2012-05-29'),(492,'Đắp đất chân móng cột TH','3.503',8,'cột',1,0,'',1,1,'2012-05-04','2012-05-29'),(493,'Di chuyển cột THĐM cao 1 cơ cấu ','3.504',82,'cột',1,0,'',1,1,'2012-05-04','2012-05-29'),(494,'Di chuyển cột THĐM vào ga','3.505',96,'cột',1,0,'',1,1,'2012-05-04','2012-05-29'),(495,'Di chuyển cột THĐN các loại','3.506',68,'cột',1,0,'',1,1,'2012-05-04','2012-05-29'),(496,'Kéo chỉnh lại cột tín hiệu nghiêng','3.507',16,'cột',1,0,'',1,1,'2012-05-04','2012-05-29'),(497,'Láng nền chân cột tín hiệu ','3.508',5,'m2',1,0,'',1,1,'2012-05-04','2012-05-29'),(498,'Nâng, chỉnh cơ cấu TH','3.509',2,'cột',1,0,'',1,1,'2012-05-04','2012-05-29'),(499,'Nâng, chỉnh cột tín hiệu ra ga thấp','3.510',8,'cột',1,0,'',1,1,'2012-05-04','2012-05-29'),(500,'Nâng, chỉnh hệ dây kéo TH','3.511',4,'hệ',1,0,'',1,1,'2012-05-04','2012-05-29'),(501,'Sửa chữa bộ giao nhận thẻ đường','3.512',8,'bộ',1,0,'',1,1,'2012-05-04','2012-05-29'),(502,'Sửa chữa giá lắp đèn TH các loại','3.513',1,'cái',1,0,'',1,1,'2012-05-04','2012-05-29'),(503,'Sửa chữa nền chân cột TH (1,2x1,2x0,3)','3.514',12,'nền',1,0,'',1,1,'2012-05-04','2012-05-29'),(504,'Sửa chữa nền chân cột TH (2,5x1,2x0,3)','3.515',16,'nền',1,0,'',1,1,'2012-05-04','2012-05-29'),(505,'Sửa chữa thang cột TH','3.516',4,'cái',1,0,'',1,1,'2012-05-04','2012-05-29'),(506,'Thay bánh xe rõ rẽ','3.517',0.5,'cái',1,0,'',1,1,'2012-05-04','2012-05-29'),(507,'Thay biển 242A','3.518',0.5,'cái',1,0,'',1,1,'2012-05-04','2012-05-29'),(508,'Thay biến áp các loại','3.519',2,'cái',1,0,'',1,1,'2012-05-04','2012-05-29'),(509,'Thay biển đèn đỏ dừng lại','3.520',0.5,'cái',1,0,'',1,1,'2012-05-04','2012-05-29'),(510,'Thay bu lông các loại','3.521',0.2,'cái',1,0,'',1,1,'2012-05-04','2012-05-29'),(511,'Thay cánh tín hiệu cơ khí','3.522',1,'cái',1,0,'',1,1,'2012-05-04','2012-05-29'),(512,'Thay chuông điện đường ngang 1 chiều 24V','3.523',1,'cái',1,0,'',1,1,'2012-05-04','2012-05-29'),(513,'Thay cơ cấu TH đèn màu 2 biểu thị cao','3.524',3,'bộ',1,0,'',1,1,'2012-05-04','2012-05-29'),(514,'Thay cơ cấu TH đèn màu 2 biểu thị thấp','3.525',2,'bộ',1,0,'',1,1,'2012-05-04','2012-05-29'),(515,'Thay cơ cấu TH đèn màu 3 biểu thị cao','3.526',4,'bộ',1,0,'',1,1,'2012-05-04','2012-05-29'),(516,'Thay cơ cấu TH đèn màu 3 biểu thị thấp','3.527',2,'bộ',1,0,'',1,1,'2012-05-04','2012-05-29'),(517,'Thay cơ cấu TH đèn màu dẫn đường','3.528',2,'bộ',1,0,'',1,1,'2012-05-04','2012-05-29'),(518,'Thay cột rõ rẽ','3.529',2,'cái',1,0,'',1,1,'2012-05-04','2012-05-29'),(519,'Thay cột tín hiệu đường ngang các loại','3.530',48,'cột',1,0,'',1,1,'2012-05-04','2012-05-29'),(520,'Thay dây điện mềm 1x2,5 mm luồn cột hiệu','3.531',0.1,'m',1,0,'',1,1,'2012-05-04','2012-05-29'),(521,'Thay đinh bắt tán che đèn','3.532',0.1,'cái',1,0,'',1,1,'2012-05-04','2012-05-29'),(522,'Thay đinh lắp bộ rõ rẽ','3.533',0.2,'cái',1,0,'',1,1,'2012-05-04','2012-05-29'),(523,'Thay giá lắp cơ cấu đèn THĐN (2 biểu thị)','3.534',4,'cái',1,0,'',1,1,'2012-05-04','2012-05-29'),(524,'Thay giá lắp cơ cấu đèn THĐN (3 biểu thị)','3.535',4,'cái',1,0,'',1,1,'2012-05-04','2012-05-29'),(525,'Thay gông lắp đui bóng đèn cột THĐM','3.536',0.5,'cái',1,0,'',1,1,'2012-05-04','2012-05-29'),(526,'Thay mảng đèn led đỏ bức xạ cao','3.538',0.5,'cái',1,0,'',1,1,'2012-05-04','2012-05-29'),(527,'Thay mảng đèn led vàng bức xạ cao','3.539',0.5,'cái',1,0,'',1,1,'2012-05-04','2012-05-29'),(528,'Thay ổ khoá chuyên dùng','3.540',0,'cái',0,0,'',1,1,'2012-05-04','2012-05-29'),(529,'Thay ống rắn luồn dây cột tín hiệu','3.541',0.5,'cái',1,0,'',1,1,'2012-05-04','2012-05-29'),(530,'Thay ốp kính đèn tín hiệu ','3.542',0.5,'cái',1,0,'',1,1,'2012-05-04','2012-05-29'),(531,'Thay rọ bảo vệ đèn tín hiệu','3.543',1,'cái',1,0,'',1,1,'2012-05-04','2012-05-29'),(532,'Thay tán che đèn lưỡi trai loại 300 mm','3.544',1,'cái',1,0,'',1,1,'2012-05-04','2012-05-29'),(533,'Thay tán che đèn lưỡi trai loại 500 mm','3.545',1,'cái',1,0,'',1,1,'2012-05-04','2012-05-29'),(534,'Thay tăng đơ dây kéo tín hiệu','3.546',1,'cái',1,0,'',1,1,'2012-05-04','2012-05-29'),(535,'Thay thang cột tín hiệu các loại','3.547',8,'cái',1,0,'',1,1,'2012-05-04','2012-05-29'),(536,'Xây kè đá hộc bảo vệ cột TH ','3.548',32,'m3',1,0,'',1,1,'2012-05-04','2012-05-29'),(537,'Xây, lát gạch nền chân cột TH (1,2x1,2x0,3m)','3.549',24,'nền',1,0,'',1,1,'2012-05-04','2012-05-29'),(538,'Xây, lát gạch nền chân cột TH (2,5x1,2x0,3m)','3.550',32,'nền',1,0,'',1,1,'2012-05-04','2012-05-29'),(539,'THIẾT BỊ KHỐNG CHẾ','4.000',0,'hệ',0,1,'4.A ; 4.B ; ',1,1,'2012-05-04','2012-05-30'),(540,'Công tác tháng','4.A',0,'hệ',0,1,'4.200 ; 4.300 ; ',1,1,'2012-05-04','2012-05-29'),(541,'Công tác kiểm tra','4.200',0,'hệ',0,2,NULL,1,1,'2012-05-04','2012-05-29'),(542,'Kiểm tra ngày ghi cơ khí đơn có khóa','4.201',0.12,'bộ',91,3,NULL,1,1,'2012-05-04','2012-05-04'),(543,'Kiểm tra ngày ghi cơ khí đơn không khóa','4.202',0.08,'bộ',91,3,NULL,1,1,'2012-05-04','2012-05-04'),(544,'Kiểm tra ngày ghi điện đơn có bộ khoá chặt','4.203',0.17,'bộ',91,3,NULL,1,1,'2012-05-04','2012-05-04'),(545,'Kiểm tra ngày ghi điện đơn không có bộ khoá chặt','4.204',0.12,'bộ',91,3,NULL,1,1,'2012-05-04','2012-05-04'),(546,'Kiểm tra ngày ghi điện liên động','4.205',0.36,'bộ',91,3,NULL,1,1,'2012-05-04','2012-05-04'),(547,'Kiểm tra ngày ghi động cơ','4.206',0.25,'bộ',91,3,NULL,1,1,'2012-05-04','2012-05-04'),(548,'Kiểm tra ngày ghi khu gian','4.207',1.5,'bộ',91,3,NULL,1,1,'2012-05-04','2012-05-04'),(549,'Công tác duy tu tháng','4.300',0,'hệ',0,2,NULL,1,1,'2012-05-04','2012-05-29'),(550,'Duy tu tháng ghi cơ khí đơn có khóa','4.301',0.67,'bộ',6,3,NULL,1,1,'2012-05-04','2012-05-04'),(551,'Duy tu tháng ghi cơ khí đơn không khóa','4.302',0.5,'bộ',6,3,NULL,1,1,'2012-05-04','2012-05-04'),(552,'Duy tu tháng ghi điện đơn có bộ khoá chặt','4.303',1.5,'bộ',6,3,NULL,1,1,'2012-05-04','2012-05-04'),(553,'Duy tu tháng ghi điện đơn không có bộ khoá chặt','4.304',1.17,'bộ',6,3,NULL,1,1,'2012-05-04','2012-05-04'),(554,'Duy tu tháng ghi điện liên động','4.305',4.5,'bộ',6,3,NULL,1,1,'2012-05-04','2012-05-04'),(555,'Duy tu tháng ghi động cơ','4.306',1,'bộ',6,3,NULL,1,1,'2012-05-04','2012-05-04'),(556,'Duy tu tháng ghi khu gian','4.307',2,'bộ',6,3,NULL,1,1,'2012-05-04','2012-05-04'),(557,'Công tác năm','4.B',0,'hệ',0,1,'4.500 ; 4.400 ; ',1,1,'2012-05-04','2012-05-29'),(558,'Công tác duy tu năm định kỳ','4.400',0,'hệ',0,2,NULL,1,1,'2012-05-04','2012-05-29'),(559,'Tháo lau ghi cơ khí đơn ','4.401',4,'bộ',1,0,'',1,1,'2012-05-04','2012-05-31'),(560,'Tháo lau ghi điện đơn có bộ khoá chặt ','4.402',8.5,'bộ',1,0,'',1,1,'2012-05-04','2012-05-31'),(561,'Tháo lau ghi điện đơn không có bộ khoá chặt','4.403',8,'bộ',1,0,'',1,1,'2012-05-04','2012-05-31'),(562,'Tháo lau ghi động cơ ','4.404',4,'bộ',1,0,'',1,1,'2012-05-04','2012-05-31'),(563,'Tháo lau ghi khu gian','4.405',6,'bộ',1,0,'',1,1,'2012-05-04','2012-05-31'),(564,'Tháo lau ghi điện liên động ','4.406',21.5,'bộ',1,0,'',1,1,'2012-05-04','2012-05-31'),(565,'Sơn cạo ghi cơ khí đơn ','4.407',6,'bộ',1,0,'',1,1,'2012-05-04','2012-05-31'),(566,'Sơn cạo ghi điện đơn có bộ khoá chặt ','4.408',17.3,'bộ',1,0,'',1,1,'2012-05-04','2012-05-31'),(567,'Sơn cạo ghi điện đơn không có bộ khoá chặt','4.409',15.8,'bộ',1,0,'',1,1,'2012-05-04','2012-05-31'),(568,'Sơn cạo ghi điện liên động ','4.410',57.8,'bộ',1,0,'',1,1,'2012-05-04','2012-05-31'),(569,'Sơn cạo ghi động cơ ','4.411',6.75,'bộ',1,0,'',1,1,'2012-05-04','2012-05-31'),(570,'Sơn cạo ghi khu gian','4.412',8,'bộ',1,0,'',1,1,'2012-05-04','2012-05-31'),(571,'Viết số thiết bị tín hiệu','4.419',0.2,'t.bị',1,0,'',1,1,'2012-05-04','2012-05-31'),(572,'Công tác duy tu năm không định kỳ','4.500',0,'hệ',0,2,NULL,1,1,'2012-05-04','2012-05-29'),(573,'Dịch, chỉnh trụ ghi cơ khí bị lệch','4.501',4,'trụ',1,0,'',1,1,'2012-05-04','2012-05-29'),(574,'Bổ sung giờ kiểm tra ghi chính tuyến','4.502',0.25,'bộ',1,0,'',1,1,'2012-05-04','2012-05-29'),(575,'Cắt bản khóa hình quạt','4.503',16,'cái',1,0,'',1,1,'2012-05-04','2012-05-29'),(576,'Đào rãnh thoát nước móng ghi','4.504',32,'m3',1,0,'',1,1,'2012-05-04','2012-05-29'),(577,'Đo điều chỉnh tiêu chuẩn kỹ thuật ghi','4.505',8,'ga',1,0,'',1,1,'2012-05-04','2012-05-29'),(578,'Nắn, chỉnh đường ống đạo quản','4.506',0.5,'m',1,0,'',1,1,'2012-05-04','2012-05-29'),(579,'Nâng, chỉnh móng trụ biểu trí ghi ','4.507',16,'trụ',1,0,'',1,1,'2012-05-04','2012-05-29'),(580,'Nâng, chỉnh móng trụ cáp đèn ghi','4.508',2,'trụ',1,0,'',1,1,'2012-05-04','2012-05-29'),(581,'Nâng, chỉnh móng trụ đỡ ống đạo quản','4.509',2,'trụ',1,0,'',1,1,'2012-05-04','2012-05-29'),(582,'Nâng, chỉnh móng trụ ghi điện','4.510',32,'trụ',1,0,'',1,1,'2012-05-04','2012-05-29'),(583,'Sửa chữa nền bộ khóa chặt','4.511',24,'nền',1,0,'',1,1,'2012-05-04','2012-05-29'),(584,'Thay bạc trụ ghi cơ khí','4.512',2,'cái',1,0,'',1,1,'2012-05-04','2012-05-29'),(585,'Thay bạc trụ tay quay ghi điện','4.513',2,'cái',1,0,'',1,1,'2012-05-04','2012-05-29'),(586,'Thay bàn gang khuỷu ghi','4.514',4,'bộ',1,0,'',1,1,'2012-05-04','2012-05-29'),(587,'Thay bản khoá hình quạt','4.515',16,'cái',1,0,'',1,1,'2012-05-04','2012-05-29'),(588,'Thay bánh xe đỡ ống đạo quản','4.516',0.5,'cái',1,0,'',1,1,'2012-05-04','2012-05-29'),(589,'Thay bê tông ụ quầy ghi','4.517',2,'cái',1,0,'',1,1,'2012-05-04','2012-05-29'),(590,'Thay biển biểu trí ghi','4.518',0.5,'cái',1,0,'',1,1,'2012-05-04','2012-05-29'),(591,'Thay bộ khoá chặt','4.519',12,'bộ',1,0,'',1,1,'2012-05-04','2012-05-29'),(592,'Thay bu long đầu dẹt mũi ghi','4.520',0.2,'cái',1,0,'',1,1,'2012-05-04','2012-05-29'),(593,'Thay bu long M20','4.521',0.3,'cái',1,0,'',1,1,'2012-05-04','2012-05-29'),(594,'Thay bu lông tín hiệu các loại ','4.522',0.2,'cái',1,0,'',1,1,'2012-05-04','2012-05-29'),(595,'Thay cần chữ T','4.523',1,'cái',1,0,'',1,1,'2012-05-04','2012-05-29'),(596,'Thay cần đẩy biểu trí ghi ','4.524',4,'cái',1,0,'',1,1,'2012-05-04','2012-05-29'),(597,'Thay cần điều chỉnh độ khít lưỡi ghi ','4.525',4,'cái',1,0,'',1,1,'2012-05-04','2012-05-29'),(598,'Thay cần đuôi chuột HKĐ','4.526',0.5,'cái',1,0,'',1,1,'2012-05-04','2012-05-29'),(599,'Thay cần khoá bộ khoá chặt ','4.527',4,'cái',1,0,'',1,1,'2012-05-04','2012-05-29'),(600,'Thay cần liên kết ghi các loại','4.528',4,'cái',1,0,'',1,1,'2012-05-04','2012-05-29'),(601,'Thay cần ngàm đứng ','4.529',4,'cái',1,0,'',1,1,'2012-05-04','2012-05-29'),(602,'Thay cần nhôm hộp khóa điện','4.530',1,'cái',1,0,'',1,1,'2012-05-04','2012-05-29'),(603,'Thay chổi than ghi động cơ','4.531',1,'cái',1,0,'',1,1,'2012-05-04','2012-05-29'),(604,'Thay chốt + xích tay quay ghi cơ khí','4.532',0.5,'cái',1,0,'',1,1,'2012-05-04','2012-05-29'),(605,'Thay chốt an toàn ghi cơ khí','4.533',0.5,'cái',1,0,'',1,1,'2012-05-04','2012-05-29'),(606,'Thay con trượt vuông góc ghi điện','4.534',1,'cái',1,0,'',1,1,'2012-05-04','2012-05-29'),(607,'Thay công tắc đạp chân','4.535',1,'cái',1,0,'',1,1,'2012-05-04','2012-05-29'),(608,'Thay đèn ghi thắp điện','4.536',0.5,'cái',1,0,'',1,1,'2012-05-04','2012-05-29'),(609,'Thay Êbônit HKĐ','4.537',1,'cái',1,0,'',1,1,'2012-05-04','2012-05-29'),(610,'Thay hộp khoá điện ghi','4.538',4,'hộp',1,0,'',1,1,'2012-05-04','2012-05-29'),(611,'Thay khung trượt hình cung','4.539',4,'cái',1,0,'',1,1,'2012-05-04','2012-05-29'),(612,'Thay khuỷu chữ Y bộ khoá chặt','4.540',4,'cái',1,0,'',1,1,'2012-05-04','2012-05-29'),(613,'Thay khuỷu M','4.541',2,'cái',1,0,'',1,1,'2012-05-04','2012-05-29'),(614,'Thay khuỷu vuông góc','4.542',2,'cái',1,0,'',1,1,'2012-05-04','2012-05-29'),(615,'Thay lò xo cần chữ T','4.543',1,'cái',1,0,'',1,1,'2012-05-04','2012-05-29'),(616,'Thay móng trụ biểu trí ghi','4.544',16,'cái',1,0,'',1,1,'2012-05-04','2012-05-29'),(617,'Thay móng trụ ghi điện','4.545',60,'cái',1,0,'',1,1,'2012-05-04','2012-05-29'),(618,'Thay nắp đậy BKC','4.546',0.1,'cái',1,0,'',1,1,'2012-05-04','2012-05-29'),(619,'Thay nắp đậy hộp khóa điện','4.547',0.1,'cái',1,0,'',1,1,'2012-05-04','2012-05-29'),(620,'Thay ốc A ghi cơ khí','4.548',0.5,'cái',1,0,'',1,1,'2012-05-04','2012-05-29'),(621,'Thay ống đạo quản','4.549',2,'m',1,0,'',1,1,'2012-05-04','2012-05-29'),(622,'Thay tay quay ghi cơ khí','4.550',4,'cái',1,0,'',1,1,'2012-05-04','2012-05-29'),(623,'Thay tay quay ghi điện','4.551',16,'bộ',1,0,'',1,1,'2012-05-04','2012-05-29'),(624,'Thay thanh chống xô ','4.552',2,'thanh',1,0,'',1,1,'2012-05-04','2012-05-29'),(625,'Thay thanh gá lắp ghi 1200 mm','4.553',2,'thanh',1,0,'',1,1,'2012-05-04','2012-05-29'),(626,'Thay thanh gá lắp ghi 3100mm','4.554',4,'thanh',1,0,'',1,1,'2012-05-04','2012-05-29'),(627,'Thay thanh gá lắp ghi 3200mm','4.555',4,'thanh',1,0,'',1,1,'2012-05-04','2012-05-29'),(628,'Thay thanh giằng mũi ghi','4.556',4,'thanh',1,0,'',1,1,'2012-05-04','2012-05-29'),(629,'Thay thanh khoá chặt','4.557',4,'thanh',1,0,'',1,1,'2012-05-04','2012-05-29'),(630,'Thay trụ biểu trí ghi điện','4.558',6,'cái',1,0,'',1,1,'2012-05-04','2012-05-29'),(631,'Thay trụ đỡ ống đạo quản','4.559',2,'cột',1,0,'',1,1,'2012-05-04','2012-05-29'),(632,'Xây kè đá hộc bảo vệ ghi','4.560',32,'m3',1,0,'',1,1,'2012-05-04','2012-05-29'),(633,'Xây, lát nền bộ khóa chặt (k/thước theo qđịnh)','4.561',60,'nền',1,0,'',1,1,'2012-05-04','2012-05-29'),(634,'THIẾT BỊ ĐIỀU KHIỂN','5.000',0,'hệ',0,1,'5.A ; 5.B ; ',1,1,'2012-05-04','2012-05-30'),(635,'Công tác tháng','5.A',0,'hệ',0,1,'5.200 ; 5.300 ; ',1,1,'2012-05-04','2012-05-29'),(636,'Công tác kiểm tra','5.200',0,'hệ',0,2,NULL,1,1,'2012-05-04','2012-05-29'),(637,'Kiểm tra ngày cảm biến địa chấn','5.201',0.17,'cái',91,3,NULL,1,1,'2012-05-04','2012-05-04'),(638,'Kiểm tra ngày cảm biến từ, quang','5.202',0.17,'cái',91,3,NULL,1,1,'2012-05-04','2012-05-04'),(639,'Kiểm tra ngày cột giao nhận thẻ đường','5.203',0.25,'cột',91,3,NULL,1,1,'2012-05-04','2012-05-04'),(640,'Kiểm tra ngày bộ CPU + màn điều khiển ','5.204',0.5,'bộ',91,3,NULL,1,1,'2012-05-04','2012-05-04'),(641,'Kiểm tra ngày đài khống chế 12-22 nút ấn','5.205',0.33,'đài',91,3,NULL,1,1,'2012-05-04','2012-05-04'),(642,'Kiểm tra ngày đài khống chế 8 - 12 tay bẻ','5.206',0.33,'đài',91,3,NULL,1,1,'2012-05-04','2012-05-04'),(643,'Kiểm tra ngày giá rơ le 8 tầng','5.207',0.25,'giá',91,3,NULL,1,1,'2012-05-04','2012-05-04'),(644,'Kiểm tra ngày giá TFM','5.208',0.25,'giá',91,3,NULL,1,1,'2012-05-04','2012-05-04'),(645,'Kiểm tra ngày giá tủ hòm 64 D','5.209',0.17,'giá',91,3,NULL,1,1,'2012-05-04','2012-05-04'),(646,'Kiểm tra ngày mạch ray 25 - 30 m','5.210',0.17,'mạch',91,3,NULL,1,1,'2012-05-04','2012-05-04'),(647,'Kiểm tra ngày máy thẻ đường đơn','5.211',0.18,'máy',91,3,NULL,1,1,'2012-05-04','2012-05-04'),(648,'Kiểm tra ngày máy thẻ đường kép','5.212',0.22,'máy',91,3,NULL,1,1,'2012-05-04','2012-05-04'),(649,'Kiểm tra ngày tủ đếm trục','5.213',0.25,'tủ',91,3,NULL,1,1,'2012-05-04','2012-05-04'),(650,'Kiểm tra ngày tủ điều khiển ĐN CBTĐ','5.214',0.25,'tủ',182,3,NULL,1,1,'2012-05-04','2012-05-04'),(651,'Kiểm tra ngày tủ điều khiển ĐN có gác','5.215',0.25,'tủ',91,3,NULL,1,1,'2012-05-04','2012-05-04'),(652,'Kiểm tra ngày tủ nguồn điện','5.216',0.25,'tủ',91,3,NULL,1,1,'2012-05-04','2012-05-04'),(653,'Kiểm tra ngày tủ, chòi  rơ le','5.217',0.33,'tủ',91,3,NULL,1,1,'2012-05-04','2012-05-04'),(654,'BS giờ kiểm tra HT giám sát ĐN CBTĐ','5.218',2,'đài',91,3,NULL,1,1,'2012-05-04','2012-05-04'),(655,'Công tác duy tu tháng','5.300',0,'hệ',0,2,NULL,1,1,'2012-05-04','2012-05-29'),(656,'Duy tu tháng cảm biến từ, quang','5.301',0.33,'bộ',3,3,NULL,1,1,'2012-05-04','2012-05-04'),(657,'Duy tu tháng cột giao nhận thẻ đường','5.302',0.67,'cột',3,3,NULL,1,1,'2012-05-04','2012-05-04'),(658,'Duy tu tháng bộ CPU + màn điều khiển ','5.303',1,'bộ',3,3,NULL,1,1,'2012-05-04','2012-05-04'),(659,'Duy tu tháng đài khống chế 12-22 nút ấn','5.304',3,'đài',3,3,NULL,1,1,'2012-05-04','2012-05-04'),(660,'Duy tu tháng đài khống chế 8 - 12 tay bẻ','5.305',2,'đài',3,3,NULL,1,1,'2012-05-04','2012-05-04'),(661,'Duy tu tháng giá rơ le 8 tầng','5.306',2,'giá',3,3,NULL,1,1,'2012-05-04','2012-05-04'),(662,'Duy tu tháng giá TFM','5.307',2,'giá',3,3,NULL,1,1,'2012-05-04','2012-05-04'),(663,'Duy tu tháng giá tủ hòm 64 D','5.308',1,'giá',3,3,NULL,1,1,'2012-05-04','2012-05-04'),(664,'Duy tu tháng mạch ray 25 - 30 m','5.309',0.83,'mạch',3,3,NULL,1,1,'2012-05-04','2012-05-04'),(665,'Duy tu tháng máy thẻ đường đơn','5.310',1,'máy',3,3,NULL,1,1,'2012-05-04','2012-05-04'),(666,'Duy tu tháng máy thẻ đường kép','5.311',2.16,'máy',3,3,NULL,1,1,'2012-05-04','2012-05-04'),(667,'Duy tu tháng tủ đếm trục','5.312',0.33,'bộ',3,3,NULL,1,1,'2012-05-04','2012-05-04'),(668,'Duy tu tháng tủ điều khiển ĐN CBTĐ','5.313',1,'tủ',3,3,NULL,1,1,'2012-05-04','2012-05-04'),(669,'Duy tu tháng tủ điều khiển ĐN có gác','5.314',1,'tủ',3,3,NULL,1,1,'2012-05-04','2012-05-04'),(670,'Duy tu tháng tủ nguồn điện','5.315',1,'tủ',3,3,NULL,1,1,'2012-05-04','2012-05-04'),(671,'Duy tu tháng tủ, chòi  rơ le','5.316',2,'tủ',3,3,NULL,1,1,'2012-05-04','2012-05-04'),(672,'Duy tu tháng đài kiểm tu rơ le AX','5.317',8,'cái',3,3,NULL,1,1,'2012-05-04','2012-05-04'),(673,'Duy tu tháng đài đo hòm 64 D','5.318',8,'đài',3,3,NULL,1,1,'2012-05-04','2012-05-04'),(674,'Duy tu tháng thiết bị Trạm Kiểm tu','5.319',4,'trạm',3,3,NULL,1,1,'2012-05-04','2012-05-04'),(675,'Duy tu tháng phòng thiết bị thực hành','5.320',14,'phòng',3,3,NULL,1,1,'2012-05-04','2012-05-04'),(676,'Công tác năm','5.B',0,'hệ',0,1,'5.400 ; 5.500 ; ',1,1,'2012-05-04','2012-05-29'),(677,'Công tác duy tu năm định kỳ','5.400',0,'hệ',0,2,NULL,1,1,'2012-05-04','2012-05-29'),(678,'Duy tu năm cảm biến từ, quang','5.401',0.62,'bộ',1,0,'',1,1,'2012-05-04','2012-05-31'),(679,'Duy tu năm cột giao nhận thẻ đường','5.402',1,'cột',1,0,'',1,1,'2012-05-04','2012-05-31'),(680,'Duy tu năm bộ CPU + màn điều khiển ','5.403',2,'bộ',1,0,'',1,1,'2012-05-04','2012-05-31'),(681,'Duy tu năm đài khống chế 12-22 nút ấn','5.404',28,'đài',1,0,'',1,1,'2012-05-04','2012-05-31'),(682,'Duy tu năm đài khống chế 8-12 tay bẻ','5.405',16,'đài',1,0,'',1,1,'2012-05-04','2012-05-31'),(683,'Duy tu năm giá rơ le 8 tầng','5.406',10.3,'giá',1,0,'',1,1,'2012-05-04','2012-05-31'),(684,'Duy tu năm giá TFM','5.407',10.3,'giá',1,0,'',1,1,'2012-05-04','2012-05-31'),(685,'Duy tu năm mạch ray 25 - 30 m','5.409',2.5,'mạch',1,0,'',1,1,'2012-05-04','2012-05-31'),(686,'Duy tu năm máy thẻ đường đơn','5.410',6,'máy',1,0,'',1,1,'2012-05-04','2012-05-31'),(687,'Duy tu năm máy thẻ đường kép','5.411',7,'máy',1,0,'',1,1,'2012-05-04','2012-05-31'),(688,'Duy tu năm tủ đếm trục','5.412',8,'bộ',1,0,'',1,1,'2012-05-04','2012-05-31'),(689,'Duy tu năm tủ điều khiển ĐN CBTĐ','5.413',7,'tủ',1,0,'',1,1,'2012-05-04','2012-05-31'),(690,'Duy tu năm tủ điều khiển đường ngang có gác','5.414',7,'đài',1,0,'',1,1,'2012-05-04','2012-05-31'),(691,'Duy tu năm tủ nguồn điện','5.415',8,'tủ',1,0,'',1,1,'2012-05-04','2012-05-31'),(692,'Duy tu năm tủ, chòi  rơ le','5.416',12,'tủ',1,0,'',1,1,'2012-05-04','2012-05-31'),(693,'Sơn cạo tủ  rơ le ra, vào ga','5.417',10,'tủ',1,0,'',1,1,'2012-05-04','2012-05-31'),(694,'Sơn cạo, quét vôi cột giao nhận thẻ đường','5.418',12,'cột',1,0,'',1,1,'2012-05-04','2012-05-31'),(695,'Sơn phủ đài khống chế các loại','5.419',8,'đài',1,0,'',1,1,'2012-05-04','2012-05-31'),(696,'Sơn phủ  hộp cảm biến quang','5.420',0.5,'cột',1,0,'',1,1,'2012-05-04','2012-05-31'),(697,'Sơn phủ giá rơ le','5.421',2,'tủ',1,0,'',1,1,'2012-05-04','2012-05-31'),(698,'Sơn phủ tủ điều khiển ĐN có gác, CBTĐ','5.422',4,'tủ',1,0,'',1,1,'2012-05-04','2012-05-31'),(699,'Sơn phủ tủ rơ le ra, vào ga ','5.423',4,'tủ',1,0,'',1,1,'2012-05-04','2012-05-31'),(700,'Thay rơ le tại đường ngang ≤ 5km','5.424',1,'cái',1,0,'',1,1,'2012-05-04','2012-05-31'),(701,'Thay rơ le tại đường ngang > 5km','5.425',1.5,'cái',1,0,'',1,1,'2012-05-04','2012-05-31'),(702,'Thay rơ le tại ga ','5.426',1,'cái',1,0,'',1,1,'2012-05-04','2012-05-31'),(703,'Duy tu năm rơ le có cực, chỉnh lưu','5.427',3.5,'cái',1,0,'',1,1,'2012-05-04','2012-05-31'),(704,'Duy tu năm rơ le vô cực','5.428',2.5,'cái',1,0,'',1,1,'2012-05-04','2012-05-31'),(705,'Điều tra lập kế hoạch quý trạm Kiểm tu','5.429',48,'trạm',1,3,NULL,1,1,'2012-05-04','2012-05-04'),(706,'Công tác duy tu năm không định kỳ','5.500',0,'hệ',0,2,NULL,1,1,'2012-05-04','2012-05-29'),(707,'Đắp đất chân móng chòi rơ le, tủ điều khiển','5.501',32,'m3',1,0,'',1,1,'2012-05-04','2012-05-29'),(708,'Đấu phối lại tủ điều khiển ĐN, giá rơ le','5.502',16,'cái',1,0,'',1,1,'2012-05-04','2012-05-29'),(709,'Dịch chuyển hộp cáp tín hiệu','5.503',4,'hộp',1,0,'',1,1,'2012-05-04','2012-05-29'),(710,'Đo, xử lý tiêu chuẩn điện khí mạch ray','5.504',2,'mr',1,0,'',1,1,'2012-05-04','2012-05-29'),(711,'Làm dây đất thiết bị','5.505',16,'hệ',1,0,'',1,1,'2012-05-04','2012-05-29'),(712,'Láng nền thiết bị','5.506',4,'m2',1,0,'',1,1,'2012-05-04','2012-05-29'),(713,'Nâng tủ điều khiển các loại','5.507',48,'tủ',1,0,'',1,1,'2012-05-04','2012-05-29'),(714,'Nâng, chỉnh cảm biến địa chấn','5.508',16,'cái',1,0,'',1,1,'2012-05-04','2012-05-29'),(715,'Quấn biến áp BG1-50','5.509',50,'cái',1,0,'',1,1,'2012-05-04','2012-05-29'),(716,'Quấn biến áp BX-30','5.510',50,'cái',1,0,'',1,1,'2012-05-04','2012-05-29'),(717,'Quấn biến áp T5','5.511',80,'cái',1,0,'',1,1,'2012-05-04','2012-05-29'),(718,'Quấn cuộn dây hộp khóa điện','5.512',12,'cái',1,0,'',1,1,'2012-05-04','2012-05-29'),(719,'Sửa chữa cảm biến địa chấn','5.513',51,'cái',1,0,'',1,1,'2012-05-04','2012-05-29'),(720,'Sửa chữa hệ dây đất các loại tủ điều khiển','5.514',8,'hệ',1,0,'',1,1,'2012-05-04','2012-05-29'),(721,'Sửa chữa hòm đựng rơ le','5.515',4,'cái',1,0,'',1,1,'2012-05-04','2012-05-29'),(722,'Sửa chữa mặt đài điều khiển','5.516',8,'cái',1,0,'',1,1,'2012-05-04','2012-05-29'),(723,'Sửa chữa, cải tạo lại tủ nguồn ga THĐM','5.517',24,'cái',1,0,'',1,1,'2012-05-04','2012-05-29'),(724,'Tăng cường KT ĐNCBTĐ p/vụ chạy tàu Tết','5.518',2,'đn',22,0,'',1,1,'2012-05-04','2012-05-29'),(725,'Thay bộ chống sét đường truyền tín hiệu','5.519',1,'cái',1,0,'',1,1,'2012-05-04','2012-05-29'),(726,'Thay bộ chuyển mạch tủ nguồn','5.520',4,'bộ',1,0,'',1,1,'2012-05-04','2012-05-29'),(727,'Thay bộ giao tiếp đầu ra ','5.521',1,'bộ',1,0,'',1,1,'2012-05-04','2012-05-29'),(728,'Thay bộ giao tiếp đầu vào ','5.522',1,'bộ',1,0,'',1,1,'2012-05-04','2012-05-29'),(729,'Thay bo mạch in rơ le ','5.523',5,'cái',1,0,'',1,1,'2012-05-04','2012-05-29'),(730,'Thay bộ nạp nguồn AQ tự động robot ','5.524',2,'bộ',1,0,'',1,1,'2012-05-04','2012-05-29'),(731,'Thay bộ vi xử lý (PLC)','5.525',1,'bộ',1,0,'',1,1,'2012-05-04','2012-05-29'),(732,'Thay bu lông mạch ray','5.526',0.5,'cái',1,0,'',1,1,'2012-05-04','2012-05-29'),(733,'Thay cách điện chữ  I ','5.527',2,'cái',1,0,'',1,1,'2012-05-04','2012-05-29'),(734,'Thay cách điện dây câu ray','5.528',0.5,'cái',1,0,'',1,1,'2012-05-04','2012-05-29'),(735,'Thay cảm biến địa chấn ','5.529',16,'cái',1,0,'',1,1,'2012-05-04','2012-05-29'),(736,'Thay chống sét cảm biến địa chấn','5.530',0.5,'cái',1,0,'',1,1,'2012-05-04','2012-05-29'),(737,'Thay chống sét đài giám sát ','5.531',0.5,'cái',1,0,'',1,1,'2012-05-04','2012-05-29'),(738,'Thay chống sét đường nguồn 320V-20KA','5.532',0.5,'cái',1,0,'',1,1,'2012-05-04','2012-05-29'),(739,'Thay chuông điện 24VDC (ĐKC)','5.533',1,'cái',1,0,'',1,1,'2012-05-04','2012-05-29'),(740,'Thay công tắc hành trình','5.534',2,'cái',1,0,'',1,1,'2012-05-04','2012-05-29'),(741,'Thay dây câu ray loại 1,8 m','5.535',1,'sợi',1,0,'',1,1,'2012-05-04','2012-05-29'),(742,'Thay dây câu ray loại 1,8 m (1 đầu đóng)','5.536',1,'sợi',1,0,'',1,1,'2012-05-04','2012-05-29'),(743,'Thay dây câu ray loại 2,5 m','5.537',1,'sợi',1,0,'',1,1,'2012-05-04','2012-05-29'),(744,'Thay dây câu ray loại 3,6 m','5.538',1,'sợi',1,0,'',1,1,'2012-05-04','2012-05-29'),(745,'Thay dây phối tuyến','5.539',0.01,'m',1,0,'',1,1,'2012-05-04','2012-05-29'),(746,'Thay đế gỗ tủ nguồn','5.540',2,'cái',1,0,'',1,1,'2012-05-04','2012-05-29'),(747,'Thay điện trở điều chỉnh các loại','5.541',1,'cái',1,0,'',1,1,'2012-05-04','2012-05-29'),(748,'Thay đòn gánh tiếp điểm','5.542',5,'cái',1,0,'',1,1,'2012-05-04','2012-05-29'),(749,'Thay Đồng hồ A 1 chiều','5.543',0.5,'cái',1,0,'',1,1,'2012-05-04','2012-05-29'),(750,'Thay đồng hồ vôn 1 chiều','5.544',0.5,'cái',1,0,'',1,1,'2012-05-04','2012-05-29'),(751,'Thay đui đèn ĐKC','5.545',0.2,'cái',1,0,'',1,1,'2012-05-04','2012-05-29'),(752,'Thay giá chống rung rơ le 2 vị trí','5.546',0.5,'cái',1,0,'',1,1,'2012-05-04','2012-05-29'),(753,'Thay giá chống rung rơ le 5 vị trí','5.547',0.5,'cái',1,0,'',1,1,'2012-05-04','2012-05-29'),(754,'Thay lập lách cách điện mạch ray','5.548',0.5,'cái',1,0,'',1,1,'2012-05-04','2012-05-29'),(755,'Thay long đen cách điện','5.549',0.2,'cái',1,0,'',1,1,'2012-05-04','2012-05-29'),(756,'Thay lòng mo cách điện MR','5.550',0.5,'cái',1,0,'',1,1,'2012-05-04','2012-05-29'),(757,'Thay móng đỡ dây câu ray','5.551',1,'cái',1,0,'',1,1,'2012-05-04','2012-05-29'),(758,'Thay nút ấn đài điều khiển các loại','5.552',0.3,'cái',1,0,'',1,1,'2012-05-04','2012-05-29'),(759,'Thay nút ấn đài khống chế','5.553',0.5,'cái',1,0,'',1,1,'2012-05-04','2012-05-29'),(760,'Thay ổn áp LiOA dãi rộng (90V - 250V)','5.554',0.5,'cái',1,0,'',1,1,'2012-05-04','2012-05-29'),(761,'Thay ống c/điện MR có vành (liền lông đen)','5.555',0.5,'cái',1,0,'',1,1,'2012-05-04','2012-05-29'),(762,'Thay quạt thông gió trong thiết bị','5.556',1,'cái',1,0,'',1,1,'2012-05-04','2012-05-29'),(763,'Thay tấm gỗ lót đáy tủ rơ le các loại','5.557',1,'tấm',1,0,'',1,1,'2012-05-04','2012-05-29'),(764,'Thay tem rơ le','5.558',0.133,'cái',1,0,'',1,1,'2012-05-04','2012-05-29'),(765,'Thay tủ điều khiển ĐN có người gác','5.559',32,'tủ',1,0,'',1,1,'2012-05-04','2012-05-29'),(766,'Thay tủ điều khiển đường ngang CBTĐ','5.560',32,'tủ',1,0,'',1,1,'2012-05-04','2012-05-29'),(767,'Thay vỏ tủ điều khiển đường ngang có gác','5.561',32,'tủ',1,0,'',1,1,'2012-05-04','2012-05-29'),(768,'Thay vỏ hộp đựng chuông ĐN ','5.562',1,'cái',1,0,'',1,1,'2012-05-04','2012-05-29'),(769,'Thay vỏ tủ điều khiển đường ngang CBTĐ','5.563',32,'tủ',1,0,'',1,1,'2012-05-04','2012-05-29'),(770,'Thay vỏ tủ rơ le ra ga','5.564',32,'cái',1,0,'',1,1,'2012-05-04','2012-05-29'),(771,'Thay vỏ tủ rơ le vào ga','5.565',32,'cái',1,0,'',1,1,'2012-05-04','2012-05-29'),(772,'Trạm Kiểm tu','5.566',1,'trạm',1,0,'',1,1,'2012-05-04','2012-05-29'),(773,'Xây kè bảo vệ tủ điều khiển ĐN','5.567',32,'m3',1,0,'',1,1,'2012-05-04','2012-05-29'),(774,'HỆ THỐNG CÁP TÍN HIỆU','6.000',0,'hệ',0,1,'6.A ; 6.B ; ',1,1,'2012-05-04','2012-05-30'),(775,'Công tác tháng','6.A',0,'hệ',0,1,'6.200 ; 6.300 ; ',1,1,'2012-05-04','2012-05-29'),(776,'Công tác kiểm tra','6.200',0,'hệ',0,2,NULL,1,1,'2012-05-04','2012-05-29'),(777,'Đường cáp tín hiệu chôn','6.201',0.67,'km/s',12,3,NULL,1,1,'2012-05-04','2012-05-04'),(778,'Kiểm tra hòm biến thế, hộp cáp','6.202',0.05,'hòm',91,3,NULL,1,1,'2012-05-04','2012-05-04'),(779,'Công tác duy tu tháng','6.300',0,'hệ',0,2,NULL,1,1,'2012-05-04','2012-05-29'),(780,'Duy tu tháng hòm biến thế các loại','6.301',0.167,'hòm',3,3,NULL,1,1,'2012-05-04','2012-05-04'),(781,'Duy tu tháng hộp cáp các loại ','6.302',0.15,'hộp',3,3,NULL,1,1,'2012-05-04','2012-05-04'),(782,'Công tác năm','6.B',0,'hệ',0,1,'6.400 ; 6.500 ; ',1,1,'2012-05-04','2012-05-29'),(783,'Công tác duy tu năm định kỳ','6.400',0,'hệ',0,2,NULL,1,1,'2012-05-04','2012-05-29'),(784,'Duy tu năm cáp treo tín hiệu','6.401',8,'km/s',1,0,'',1,1,'2012-05-04','2012-05-31'),(785,'Duy tu năm hòm biến thế BX','6.402',1.5,'hòm',1,0,'',1,1,'2012-05-04','2012-05-31'),(786,'Duy tu năm hòm biến thế HB','6.403',1.5,'hòm',1,0,'',1,1,'2012-05-04','2012-05-31'),(787,'Duy tu năm hộp cáp HF các loại','6.404',1,'hộp',1,0,'',1,1,'2012-05-04','2012-05-31'),(788,'Duy tu năm hộp cáp HZ các loại','6.405',0.5,'hộp',1,0,'',1,1,'2012-05-04','2012-05-31'),(789,'Sơn phủ hòm biến thế BX ','6.406',1.5,'hòm',1,0,'',1,1,'2012-05-04','2012-05-31'),(790,'Sơn phủ hòm biến thế HB','6.407',1.5,'hòm',1,0,'',1,1,'2012-05-04','2012-05-31'),(791,'Sơn phủ hộp cáp HF các loại','6.408',1,'hộp',1,0,'',1,1,'2012-05-04','2012-05-31'),(792,'Sơn phủ hộp cáp HZ các loại','6.409',0.5,'hộp',1,0,'',1,1,'2012-05-04','2012-05-31'),(793,'Công tác duy tu năm không định kỳ','6.500',0,'hệ',0,2,NULL,1,1,'2012-05-04','2012-05-29'),(794,'BS ống kẽm phi 34mm luồn cáp chôn','6.501',3,'m',1,0,'',1,1,'2012-05-04','2012-05-29'),(795,'BS ống luồn cáp 2 mãnh phi 40mm','6.502',1,'m',1,0,'',1,1,'2012-05-04','2012-05-29'),(796,'Chỉnh lại mốc cáp nghiêng','6.503',0.5,'cái',1,0,'',1,1,'2012-05-04','2012-05-29'),(797,'Dịch chuyển hòm biến thế các loại','6.504',16,'hòm',1,0,'',1,1,'2012-05-04','2012-05-29'),(798,'Đổ bê tông b/vệ đầu cáp M50 (0,3x0,3x0,3)m','6.505',1,'điểm',1,0,'',1,1,'2012-05-04','2012-05-29'),(799,'Đổ êbôxy mối nối cáp treo','6.506',2,'mối',1,0,'',1,1,'2012-05-04','2012-05-29'),(800,'Đổ xi cách điện hộp cáp, hòm biến thế các loại','6.507',1,'hộp',1,0,'',1,1,'2012-05-04','2012-05-29'),(801,'Gia cố đường ống sắt bảo vệ cáp qua cầu, hầm','6.508',0.5,'m',1,0,'',1,1,'2012-05-04','2012-05-29'),(802,'Làm dây đất hộp cáp','6.509',4,'hệ',1,0,'',1,1,'2012-05-04','2012-05-29'),(803,'Làm lại đầu cáp tín hiệu','6.510',2,'hộp',1,0,'',1,1,'2012-05-04','2012-05-29'),(804,'Lấp đá ống bảo vệ cáp trên cầu','6.511',0.5,'m',1,0,'',1,1,'2012-05-04','2012-05-29'),(805,'Lấp đất rãnh cáp bị lún, sụt','6.512',0.5,'m',1,0,'',1,1,'2012-05-04','2012-05-29'),(806,'Nâng hộp cáp, hòm biến thế các loại','6.513',2,'hộp',1,0,'',1,1,'2012-05-04','2012-05-29'),(807,'Sơn phòng rỉ đường ống bảo vệ cáp','6.514',0.25,'m',1,0,'',1,1,'2012-05-04','2012-05-29'),(808,'Sơn, viết số cọc mốc cáp ','6.515',0.1,'cọc',1,0,'',1,1,'2012-05-04','2012-05-29'),(809,'Sửa chữa rãnh cáp các loại','6.516',1,'m',1,0,'',1,1,'2012-05-04','2012-05-29'),(810,'Thay bảng đấu dây','6.517',0.5,'cái',1,0,'',1,1,'2012-05-04','2012-05-29'),(811,'Thay cáp công tắc đạp chân','6.518',2,'m',1,0,'',1,1,'2012-05-04','2012-05-29'),(812,'Thay cáp ngầm TH','6.519',3,'m',1,0,'',1,1,'2012-05-04','2012-05-29'),(813,'Thay cáp TH hộp khoá điện ','6.520',2,'m',1,0,'',1,1,'2012-05-04','2012-05-29'),(814,'Thay cáp treo TH','6.521',48,'km/s',1,0,'',1,1,'2012-05-04','2012-05-29'),(815,'Thay cọc mốc cáp ','6.522',1,'cái',1,0,'',1,1,'2012-05-04','2012-05-29'),(816,'Thay đai ốp bảo vệ ống luồn cáp','6.523',0.5,'cái',1,0,'',1,1,'2012-05-04','2012-05-29'),(817,'Thay dây chịu lực cáp treo TH','6.524',40,'km/s',1,0,'',1,1,'2012-05-04','2012-05-29'),(818,'Thay hòm biến thế HB-0','6.525',12,'hòm',1,0,'',1,1,'2012-05-04','2012-05-29'),(819,'Thay hòm biến thế HB-1','6.526',12,'hòm',1,0,'',1,1,'2012-05-04','2012-05-29'),(820,'Thay hòm biến thế HB-2','6.527',12,'hòm',1,0,'',1,1,'2012-05-04','2012-05-29'),(821,'Thay hộp cáp HF-4','6.528',4,'hộp',1,0,'',1,1,'2012-05-04','2012-05-29'),(822,'Thay hộp cáp HF-7','6.529',8,'hộp',1,0,'',1,1,'2012-05-04','2012-05-29'),(823,'Thay hộp cáp HZ-12','6.530',1,'hộp',1,0,'',1,1,'2012-05-04','2012-05-29'),(824,'Thay hộp cáp HZ-24','6.531',1,'hộp',1,0,'',1,1,'2012-05-04','2012-05-29'),(825,'Thay kẹp treo cáp','6.532',0.5,'cái',1,0,'',1,1,'2012-05-04','2012-05-29'),(826,'Thay móng hộp cáp loại 1 đinh','6.533',1,'cái',1,0,'',1,1,'2012-05-04','2012-05-29'),(827,'Thay móng hộp cáp loại 2 đinh','6.534',1,'cái',1,0,'',1,1,'2012-05-04','2012-05-29'),(828,'Thay nắp đậy máng cáp ','6.535',0.2,'cái',1,0,'',1,1,'2012-05-04','2012-05-29'),(829,'Thay nắp hộp cáp HF-4','6.536',0.2,'cái',1,0,'',1,1,'2012-05-04','2012-05-29'),(830,'Thay nắp hộp cáp HF-7','6.537',0.2,'cái',1,0,'',1,1,'2012-05-04','2012-05-29'),(831,'Thay nắp hộp cáp HZ-12','6.538',0.2,'cái',1,0,'',1,1,'2012-05-04','2012-05-29'),(832,'Thay nắp hộp cáp HZ-24','6.539',0.2,'cái',1,0,'',1,1,'2012-05-04','2012-05-29'),(833,'Thay ống luồn cáp lên hộp cáp TH','6.540',0.5,'cái',1,0,'',1,1,'2012-05-04','2012-05-29'),(834,'Thay ống nhựa luồn cáp treo','6.541',0.5,'m',1,0,'',1,1,'2012-05-04','2012-05-29'),(835,'Thay tấm đấu dây loại 12 cọc','6.542',2,'cái',1,0,'',1,1,'2012-05-04','2012-05-29'),(836,'Thay tấm đấu dây loại 4 cọc','6.543',1,'cái',1,0,'',1,1,'2012-05-04','2012-05-29'),(837,'Thay tấm đấu dây loại 6 cọc','6.544',1.2,'cái',1,0,'',1,1,'2012-05-04','2012-05-29'),(838,'Thay tấm gỗ lót tủ nguồn, hòm biến thế ','6.545',1,'tấm',1,0,'',1,1,'2012-05-04','2012-05-29'),(840,'HỆ THỐNG NGUỒN ĐIỆN','7.000',0,'hệ',0,1,'7.A ; 7.B ; ',1,1,'2012-05-29','2012-05-30'),(841,'Công tác tháng','7.A',0,'hệ',0,1,'7.100 ; 7.200 ; 7.300  ; ',1,1,'2012-05-29','2012-05-29'),(842,'Công tác thường trực','7.100',0,'hệ',0,2,NULL,1,1,'2012-05-29','2012-05-29'),(843,'Trực nạp accus, GQTN kiêm kiểm tra t.bị cung nguồn, máy nổ','7.101',16,'cung',91,3,NULL,1,1,'2012-05-29','2012-05-29'),(844,'Trực GQTN kiêm kiểm tra mạng điện k.vực cơ quan công ty','7.102',5,'kv',91,3,NULL,1,1,'2012-05-29','2012-05-29'),(845,'Trực, kiểm tra, GQTN mạng điện khu vực cơ quan TT','7.103',1,'kv',91,3,NULL,1,1,'2012-05-29','2012-05-29'),(846,'Công tác kiểm tra','7.200',0,'hệ',0,2,NULL,1,1,'2012-05-29','2012-05-29'),(847,'Kiểm tra hệ thống nguồn điện','7.201',0.25,'điểm',91,3,NULL,1,1,'2012-05-29','2012-05-29'),(848,'Kiểm tra ngày đường dây trần điện lực ','7.202',0.5,'km/tr ',91,3,NULL,1,1,'2012-05-29','2012-06-08'),(849,'Duy tu thang đường cáp TT ngầm','1.306',2,'km/tr ',3,3,NULL,1,1,'2012-05-29','2012-06-08'),(850,'Duy tu tháng đường cáp TT treo ','1.307',4,'km/tr ',3,3,NULL,1,1,'2012-05-29','2012-06-08'),(851,'Kiểm tra ngày Cáp điện lực ','7.203',0.5,'km/tr ',91,3,NULL,1,1,'2012-05-29','2012-06-08'),(852,'Công tác duy tu tháng ','7.300',0,'hệ',0,2,NULL,1,1,'2012-05-29','2012-06-08'),(853,'Duy tu quý bảng điện các loại ','7.301',0.3,'cái ',1,3,NULL,1,1,'2012-05-29','2012-06-08'),(854,'Duy tu quý cầu giao 1 pha các loại ','7.302',0.5,'cái ',1,3,NULL,1,1,'2012-05-29','2012-06-08'),(855,'Duy tu quý công tơ điện  ','7.303',0.5,'cái ',1,3,NULL,1,1,'2012-05-29','2012-06-08'),(856,'Duy tu quý hệ thống tiếp đất (cả đo điện khí) ','7.304',1,'hệ',1,3,NULL,1,1,'2012-05-29','2012-06-08'),(857,'Duy tu quý máng cáp ','7.305',2,'cung ',1,3,NULL,1,1,'2012-05-29','2012-06-08'),(858,'Duy tu quý máy điều hòa nhiệt độ  ','7.306',2,'máy ',1,3,NULL,1,1,'2012-05-29','2012-06-08'),(859,'Duy tu quý nồi nấu nước cất ','7.307',0.5,'cái ',1,3,NULL,1,1,'2012-05-29','2012-06-08'),(860,'Duy tu tháng Automat các loại ','7.308',0.3,'cái ',3,3,NULL,1,1,'2012-05-29','2012-06-08'),(861,'Duy tu tháng ắc quy axit các loại ','7.309',0.3,'tổ',3,3,NULL,1,1,'2012-05-29','2012-06-08'),(862,'Duy tu tháng ắc quy kiềm các loại ','7.310',0.2,'bình ',3,3,NULL,1,1,'2012-05-29','2012-06-08'),(863,'Duy tu tháng máy nạp ắc quy loại 1 pha ','7.311',1.5,'máy ',3,3,NULL,1,1,'2012-05-29','2012-06-08'),(864,'Duy tu tháng máy nạp ắc quy loại 3 pha ','7.312',2,'máy ',3,3,NULL,1,1,'2012-05-29','2012-06-08'),(865,'Duy tu tháng máy phát điện một pha ','7.313',2.18,'máy ',3,3,NULL,1,1,'2012-05-29','2012-06-08'),(866,'Duy tu tháng máy phát điện ba pha ','7.314',3,'máy ',3,3,NULL,1,1,'2012-05-29','2012-06-08'),(867,'Duy tu tháng ổn áp 3 pha ','7.316',1,'cái ',3,3,NULL,1,1,'2012-05-29','2012-06-08'),(868,'Duy tu tháng tủ phân phối điện các loại ','7.317',1.5,'tủ',3,3,NULL,1,1,'2012-05-29','2012-06-08'),(869,'Duy tu tháng tủ ??t thiết bị điện chôn ngầm ','7.318',0.5,'tủ',3,3,NULL,1,1,'2012-05-29','2012-06-08'),(870,'Duy tu tháng tủ ??t thiết bị điện trạm biến áp ','7.319',0.5,'tủ ',3,3,NULL,1,1,'2012-05-29','2012-06-08'),(871,'Duy tu tháng tủ điều khiển cáp điện 3 pha ','7.320',0.5,'tủ',3,3,NULL,1,1,'2012-05-29','2012-06-08'),(872,'Điều tra lập kế hoạch quý ','7.321',32,'cung ',1,3,NULL,1,1,'2012-05-29','2012-06-08'),(873,'Nấu nước cất ','7.322',0.3,'lít ',1,3,NULL,1,1,'2012-05-29','2012-06-08'),(874,'Công tác tháng','3.A',0,'hệ',0,1,'3.100 ; 3.200 ; 3.300 ; ',1,1,'2012-05-29','2012-05-29'),(875,'Thay ắc quy Axít đường ngang ','7.323',5.5,'tổ',1,3,NULL,1,1,'2012-05-29','2012-06-08'),(876,'Thay Ắc quy Axít thiết bị ga','7.324',2,'tổ',1,3,NULL,1,1,'2012-05-29','2012-05-29'),(877,'Thay Ắc quy Axít thiết bị trạm','7.325',0.5,'tổ',1,3,NULL,1,1,'2012-05-29','2012-05-29'),(878,'Thay Ắc quy kiềm đường ngang','7.326',0.5,'bình',1,3,NULL,1,1,'2012-05-29','2012-05-29'),(879,'Thay Ắc quy kiềm thiết bị ga','7.327',0.3,'bình',1,3,NULL,1,1,'2012-05-29','2012-05-29'),(880,'Duy tu quý cầu giao 3 pha < 100A','7.328',0.5,'cái',1,3,NULL,1,1,'2012-05-29','2012-05-29'),(881,'Duy tu quý cầu giao 3 pha ≥100A','7.329',0.5,'cái',1,3,NULL,1,1,'2012-05-29','2012-05-29'),(882,'Duy tu tháng máy nạp Ắc quy','7.330',2,'máy',3,3,NULL,1,1,'2012-05-29','2012-05-29'),(883,'Duy tu tháng máy phát điện ba pha < 10KVA','7.331',2,'máy',3,3,NULL,1,1,'2012-05-29','2012-05-29'),(884,'Duy tu tháng tủ nguồn một chiều ','7.332',1,'tủ',3,3,NULL,1,1,'2012-05-29','2012-05-29'),(885,'Duy tu tháng tủ nguồn xoay chiều ','7.333',1.5,'tủ',3,3,NULL,1,1,'2012-05-29','2012-05-29'),(886,'Duy tu tháng bể + ắc quy','7.334',1,'bể',3,3,NULL,1,1,'2012-05-29','2012-05-29'),(887,'Duy tu tháng ổn áp 1 pha','7.335',0.5,'cái',3,3,NULL,1,1,'2012-05-29','2012-05-29'),(888,'Duy tu tháng tủ phân phối điện ','7.336',1.5,'tủ',3,3,NULL,1,1,'2012-05-29','2012-05-29'),(889,'Công tác năm','7.B',0,'hệ',0,1,'7.400 ; 7.500 ; ',1,1,'2012-05-29','2012-06-08'),(890,'Công tác duy tu năm  định kỳ','7.400',0,'h?',0,2,'',1,1,'2012-05-29','2012-06-08'),(891,'Duy tu năm Automat 1 pha','7.401',0.3,'cái',1,0,'',1,1,'2012-05-29','2012-05-31'),(892,'Duy tu năm Automat 3 pha','7.402',0.5,'cái',1,0,'',1,1,'2012-05-29','2012-05-31'),(893,'Duy tu năm ắc quy axit các loại','7.403',0.5,'tổ',1,0,'',1,1,'2012-05-29','2012-05-31'),(894,'Duy tu năm ăc quy kiềm các loại','7.404',0.17,'bình',1,0,'',1,1,'2012-05-29','2012-05-31'),(895,'Duy tu năm bảng điện các loại','7.405',0.5,'bảng',1,0,'',1,1,'2012-05-29','2012-05-31'),(896,'Duy tu năm bể ac quy các loại','7.406',1,'bể',1,0,'',1,1,'2012-05-29','2012-05-31'),(897,'Duy tu năm bể đựng nước','7.407',2,'bể',1,0,'',1,1,'2012-05-29','2012-05-31'),(898,'Duy tu năm cầu giao 1 pha ','7.409',0.7,'cái',1,0,'',1,1,'2012-05-29','2012-05-31'),(899,'Duy tu năm cầu giao 3 pha ','7.410',1,'cái',1,0,'',1,1,'2012-05-29','2012-05-31'),(900,'Duy tu năm công tơ điện','7.411',1,'cái',1,0,'',1,1,'2012-05-29','2012-05-31'),(901,'Duy tu năm đèn cao áp','7.412',2,'bộ',1,0,'',1,1,'2012-05-29','2012-05-31'),(902,'Duy tu năm đèn chiếu sáng (Ne ông)','7.413',1,'bộ',1,0,'',1,1,'2012-05-29','2012-05-31'),(903,'Duy tu năm hệ thống tiếp đất (cả đo điện khí)','7.414',2,'hệ',1,0,'',1,1,'2012-05-29','2012-05-31'),(904,'Duy tu năm máng cáp','7.415',4,'cái',1,0,'',1,1,'2012-05-29','2012-05-31'),(905,'Duy tu năm máy bơm nước','7.416',2,'máy',1,0,'',1,1,'2012-05-29','2012-05-31'),(906,'Duy tu năm máy điều hòa nhiệt độ ','7.417',4,'máy',1,0,'',1,1,'2012-05-29','2012-05-31'),(907,'Duy tu năm máy nạp Ắc quy loại 1 pha','7.418',3,'máy',1,0,'',1,1,'2012-05-29','2012-05-31'),(908,'Duy tu năm máy nạp Ắc quy loại 3 pha','7.419',4,'máy',1,0,'',1,1,'2012-05-29','2012-05-31'),(909,'Duy tu năm máy phát điện 1 pha ','7.420',4,'máy',1,0,'',1,1,'2012-05-29','2012-05-31'),(910,'Duy tu năm máy phát điện 3 pha ','7.421',8,'máy',1,0,'',1,1,'2012-05-29','2012-05-31'),(911,'Duy tu năm máy phóng điện','7.422',0.5,'cái',1,0,'',1,1,'2012-05-29','2012-05-31'),(912,'Duy tu năm ổn áp 3 pha','7.424',1.5,'cái',1,0,'',1,1,'2012-05-29','2012-05-31'),(913,'Duy tu năm quạt bàn, cây, treo tường ','7.425',0.5,'cái',1,0,'',1,1,'2012-05-29','2012-05-31'),(914,'Duy tu năm quạt trần ','7.426',3,'cái',1,0,'',1,1,'2012-05-29','2012-05-31'),(915,'Duy tu năm hệ thống thông gió','7.427',0.5,'hệ',1,0,'',1,1,'2012-05-29','2012-05-31'),(916,'Duy tu năm tủ phân phối điện','7.428',3,'tủ',1,0,'',1,1,'2012-05-29','2012-05-31'),(917,'Duy tu năm tủ đặt thiết bị điện chôn ngầm','7.429',2,'tủ',1,0,'',1,1,'2012-05-29','2012-05-31'),(918,'Duy tu năm tủ đặt thiết bị điện trạm biến áp','7.430',2,'tủ',1,0,'',1,1,'2012-05-29','2012-05-31'),(919,'Duy tu năm tủ điều khiển cấp điện 3 pha','7.431',2,'tủ',1,0,'',1,1,'2012-05-29','2012-05-31'),(920,'Sơn, viết số vỏ thùng Ắc quy','7.432',1,'cái',1,0,'',1,1,'2012-05-29','2012-06-01'),(921,'Súc rửa ac quy kiềm ','7.433',1,'bình ',1,0,'',1,1,'2012-05-29','2012-06-01'),(922,'Ghi chỉ số công tơ, thu tiền điện','7.434',32,'lần',3,3,NULL,1,1,'2012-05-29','2012-05-29'),(923,'Duy tu năm hộp cáp điện lực','7.435',1,'hộp',1,0,'',1,1,'2012-05-29','2012-05-31'),(924,'Duy tu năm tủ nguồn một chiều','7.436',3,'tủ',1,0,'',1,1,'2012-05-29','2012-05-31'),(925,'Duy tu năm tủ nguồn xoay chiều','7.437',4,'tủ',1,0,'',1,1,'2012-05-29','2012-05-31'),(926,'Công tác duy tu n?m không ??nh k?','7.500',0,'h?',0,2,'',1,1,'2012-05-29','2012-06-08'),(927,'Chặt cây chạm đường dây điện lực','7.501',1.5,'cây',1,0,'',1,1,'2012-05-29','2012-05-29'),(928,'Kéo cáp điện lực chùng','7.502',32,'km/s',1,0,'',1,1,'2012-05-29','2012-05-29'),(929,'Kéo cột điện lực nghiêng','7.503',4,'cột',1,0,'',1,1,'2012-05-29','2012-05-29'),(930,'Làm dây co 3 sợi cột điện lực ','7.504',12,'cái',1,0,'',1,1,'2012-05-29','2012-05-29'),(931,'Phục hồi dung lượng Ắc quy ','7.505',2,'tổ',1,0,'',1,1,'2012-05-29','2012-05-29'),(932,'Sửa chữa bể ắc quy các loại','7.506',2,'cái',1,0,'',1,1,'2012-05-29','2012-05-29'),(933,'Sửa chữa vỏ thùng gỗ ắc quy','7.507',1.2,'cái',1,0,'',1,1,'2012-05-29','2012-05-29'),(934,'Sửa chữa vỏ thùng sắt ắc quy','7.508',1.2,'cái',1,0,'',1,1,'2012-05-29','2012-05-29'),(935,'Thay attomat 1 pha 15A','7.509',1,'cái',1,0,'',1,1,'2012-05-29','2012-05-29'),(936,'Thay attomat 3 pha 100A','7.510',2,'cái',1,0,'',1,1,'2012-05-29','2012-05-29'),(937,'Thay bảng điện các loại','7.511',2,'cái',1,0,'',1,1,'2012-05-29','2012-05-29'),(938,'Thay bể ắc quy A1','7.512',4,'cái',1,0,'',1,1,'2012-05-29','2012-05-29'),(939,'Thay bóng đèn cao áp các loại','7.513',1,'cái',1,0,'',1,1,'2012-05-29','2012-05-29'),(940,'Thay bóng đèn Neon các loại','7.514',0.1,'cái',1,0,'',1,1,'2012-05-29','2012-05-29'),(941,'Thay bóng đèn sợi đốt, com pax','7.515',0.1,'cái',1,0,'',1,1,'2012-05-29','2012-05-29'),(942,'Thay cáp bọc điện lực chôn các loại','7.516',3,'m',1,0,'',1,1,'2012-05-29','2012-05-29'),(943,'Thay cáp bọc điện lực treo các loại','7.517',48,'km/s',1,0,'',1,1,'2012-05-29','2012-05-29'),(944,'Thay cầu dao điện 1 pha 15A','7.518',1,'cái',1,3,NULL,1,1,'2012-05-29','2012-05-29'),(945,'Thay cầu dao điện 3 pha >100A','7.525',2,'cái',1,0,'',1,1,'2012-05-29','2012-05-29'),(946,'Thay cầu dao điện 3 pha 60A','7.519',1.5,'cái',1,0,'',1,1,'2012-05-29','2012-05-29'),(947,'Thay chân vịt đấu ắc quy','7.520',0.1,'cái',1,0,'',1,1,'2012-05-29','2012-05-29'),(948,'Thay công tắc các loại','7.521',0.2,'cái',1,0,'',1,1,'2012-05-29','2012-05-29'),(949,'Thay công tơ điện 1 pha','7.522',1,'cái',1,0,'',1,1,'2012-05-29','2012-05-29'),(950,'Thay công tơ điện 3 pha','7.523',1,'cái',1,0,'',1,1,'2012-05-29','2012-05-29'),(951,'Thay cột điện lực bằng bê tông','7.524',40,'cái',1,0,'',1,1,'2012-05-29','2012-05-29'),(952,'Thay dây cấp nguồn AQ loại 1x2,5','7.526',0.2,'m',1,0,'',1,1,'2012-05-29','2012-05-29'),(953,'Thay dây điện lực chôn tường các loại','7.527',0.5,'m',1,0,'',1,1,'2012-05-29','2012-05-29'),(954,'Thay dây curoa máy phát điện','7.528',0.5,'sợi',1,0,'',1,1,'2012-05-29','2012-05-29'),(955,'Thay dây đất bảo vệ thiết bị','7.529',4,'hệ',1,0,'',1,1,'2012-05-29','2012-05-29'),(956,'Thay dây điện lực trong nẹp các loại','7.530',0.1,'m',1,0,'',1,1,'2012-05-29','2012-05-29'),(957,'Thay dây maiso nồi nước cất','7.531',0.3,'cái',1,0,'',1,1,'2012-05-29','2012-05-29'),(958,'Thay dây súp điện đơn ','7.532',0.2,'m',1,0,'',1,1,'2012-05-29','2012-05-29'),(959,'Thay dây súp điện nhiều ruột ','7.533',0.2,'m',1,0,'',1,1,'2012-05-29','2012-05-29'),(960,'Thay đầu bọp AQ các loại','7.534',0.2,'cái',1,0,'',1,1,'2012-05-29','2012-05-29'),(961,'Thay giá để AQ các loại','7.535',1,'cái',1,0,'',1,1,'2012-05-29','2012-05-29'),(962,'Thay hộp đựng công tơ','7.536',2,'cái',1,0,'',1,1,'2012-05-29','2012-05-29'),(963,'Thay lọc gió máy phát điện 1 pha','7.537',1,'cái',1,0,'',1,1,'2012-05-29','2012-05-29'),(964,'Thay lọc gió máy phát điện 3 pha','7.538',1,'cái',1,0,'',1,1,'2012-05-29','2012-05-29'),(965,'Thay nắp bể ắc quy A1','7.539',1,'cái',1,0,'',1,1,'2012-05-29','2012-05-29'),(966,'Thay nút AQ các loại','7.540',0.1,'cái',1,0,'',1,1,'2012-05-29','2012-05-29'),(967,'Thay quạt trần phòng máy','7.541',4,'cái',1,0,'',1,1,'2012-05-29','2012-05-29'),(968,'Thay vỏ thùng AQ loại 10 bình 22Ah','7.542',1,'cái',1,0,'',1,1,'2012-05-29','2012-05-29'),(969,'Thay vỏ thùng AQ loại 5 bình 100Ah','7.543',2,'cái',1,0,'',1,1,'2012-05-29','2012-05-29'),(970,'Thay vỏ thùng AQ loại 5 bình 45Ah','7.544',1.5,'cái',1,0,'',1,1,'2012-05-29','2012-05-29'),(971,'Thay vỏ thùng AQ loại 5 bình 55Ah','7.545',1.5,'cái',1,3,NULL,1,1,'2012-05-29','2012-05-29'),(972,'Đổ bê tông chân cột điện lực','7.546',16,'ụ',1,0,'',1,1,'2012-05-29','2012-05-29'),(973,'Thay attomat 1 pha 20A','7.547',1,'cái',1,0,'',1,1,'2012-05-29','2012-05-29'),(974,'Thay attomat 1 pha 30A','7.548',1,'cái',1,0,'',1,1,'2012-05-29','2012-05-29'),(975,'Thay attomat 3 pha 60A','7.549',1,'cái',1,0,'',1,1,'2012-05-29','2012-05-29'),(976,'Thay cầu chì đèn ghi','7.550',0.1,'cái',1,0,'',1,1,'2012-05-29','2012-05-29'),(977,'Thay cầu chì tủ nguồn','7.551',0.1,'cái',1,0,'',1,1,'2012-05-29','2012-05-29'),(978,'Thay đèn Neon các loại','7.552',1,'bộ',1,0,'',1,1,'2012-05-29','2012-05-29'),(979,'Thay đui đèn sợi đốt, com pax','7.553',0.2,'cái',1,0,'',1,1,'2012-05-29','2012-05-29'),(980,'Thay hộp cáp điện lực ','7.554',4,'cái',1,0,'',1,1,'2012-05-29','2012-05-29'),(981,'Thay đế gổ máy nổ','7.555',0.5,'cái',1,0,'',1,1,'2012-05-29','2012-05-29'),(982,'Thay ổ cắm các loại','7.556',0.5,'cái',1,0,'',1,1,'2012-05-29','2012-05-29'),(983,'Thay ổ khóa tủ nguồn điện TN - 31','7.557',0.5,'cái',1,0,'',1,1,'2012-05-29','2012-05-29'),(984,'Thay quạt treo tường phòng máy','7.558',2,'cái',1,0,'',1,1,'2012-05-29','2012-05-29'),(985,'Thay vỏ tủ nguồn các loại','7.559',32,'cái',1,0,'',1,1,'2012-05-29','2012-05-29'),(986,'Xây ụ quầy cột điện lực (1x0,6x0,6)m','7.561',20,'ụ',1,0,'',1,1,'2012-05-29','2012-05-29'),(987,'BS giờ mua xăng máy phát điện','7.562',24,'?i?m',1,0,'',1,1,'2012-05-29','2012-06-08'),(988,'Sơn cạo đường ống thông gió','7.563',2,'m',1,0,'',1,1,'2012-05-29','2012-05-29'),(989,'Sửa chữa đế gỗ để ắc quy các loại','7.564',2,'cái',1,0,'',1,1,'2012-05-29','2012-05-29'),(990,'Sửa chữa đế gỗ để máy nổ','7.565',4,'cái',1,0,'',1,1,'2012-05-29','2012-05-29'),(991,'Thay hộp đựng cầu dao','7.566',1,'cái',2,0,'',1,1,'2012-05-29','2012-05-29'),(992,'VC, bốc xếp vật tư','7.560',8,'lần',1,0,'',1,1,'2012-05-29','2012-05-29'),(993,'Duy tu năm Tủ d?n nh?p ','2.457',2,'tủ ',1,0,'',1,1,'2012-05-30','2012-06-08'),(994,'Duy tu năm Tủ phân phối nguồn DC (của TĐài KTS) ','2.459',2,'tủ ',1,0,'',1,1,'2012-05-30','2012-06-08'),(995,'Duy tu n?m khay ODF các ga ','2.462',1,'cái ',1,0,'',1,1,'2012-05-30','2012-06-08'),(996,'Duy tu năm thiết bị ghép kênh 1511 BA ','2.463 ',4,'t.bị ',1,0,'',1,1,'2012-05-30','2012-05-31'),(997,'SC+GQTN mạng tr/dẫn+Tbị TT nội hạt ','2.465',1,'mạng ',91,3,NULL,1,1,'2012-05-30','2012-06-08'),(998,'Duy tu năm Bộ ghép kênh ','2.466 ',0.3,'bộ ',1,0,'',1,1,'2012-05-30','2012-05-31'),(999,'Duy tu năm Bộ lọc, bộ thu lôi đường dài... ','2.467 ',0.5,'bộ ',1,0,'',1,1,'2012-05-30','2012-05-31'),(1000,'Duy tu năm Bộ phân phối nguồn AC/ĐC bộ chỉnh lưu UPS lioa ','2.468 ',0.3,'bộ ',1,0,'',1,1,'2012-05-30','2012-05-31'),(1001,'Duy tu năm Bộ tiêu hao RLC ','2.469 ',0.5,'bộ ',1,0,'',1,1,'2012-05-30','2012-05-31'),(1002,'Duy tu năm đài tập trung trong ga ','2.470',2,'đài ',1,0,'',1,1,'2012-05-30','2012-06-08'),(1003,'Duy tu năm Hệ thống thông báo giờ tàu tự động ','2.471 ',0.5,'hệ ',1,0,'',1,1,'2012-05-30','2012-05-31'),(1004,'Duy tu năm Máy điện báo ','2.472 ',1,'máy ',1,0,'',1,1,'2012-05-30','2012-05-31'),(1005,'Duy tu năm Máy điện thoại đi đường ','2.473 ',0.5,'máy ',1,0,'',1,1,'2012-05-30','2012-05-31'),(1006,'Duy tu năm Máy điện thoại hành chính ','2.474 ',0.3,'máy ',1,0,'',1,1,'2012-05-30','2012-05-31'),(1007,'Duy tu năm Máy hiện sóng ','2.475 ',1,'máy ',1,0,'',1,1,'2012-05-30','2012-05-31'),(1008,'Duy tu năm Máy phân đường YDHF-1 ','2.476 ',1.5,'máy ',1,0,'',1,1,'2012-05-30','2012-05-31'),(1009,'Duy tu năm Máy tải ba VBO 3 ','2.477 ',8,'máy ',1,0,'',1,1,'2012-05-30','2012-05-31'),(1010,'Duy tu năm Ổn áp AC - 250V ','2.478 ',1.5,'cái ',1,0,'',1,1,'2012-05-30','2012-05-31'),(1011,'Duy tu năm Thiết bị chống sét đường truyền tín hiệu ','2.479 ',0.5,'cái ',1,0,'',1,1,'2012-05-30','2012-05-31'),(1012,'Duy tu năm Tổng đài kỹ thuật số SEI  ','2.480 ',2,'đài ',1,0,'',1,1,'2012-05-30','2012-05-31'),(1013,'Phát cây thông thoại đường dây trần ','1.438',2,'km/t ',3,0,'',1,1,'2012-05-30','2012-06-08'),(1014,'Kiểm tra ngày cột tín hiệu lặp lại ','3.216 ',0.25,'hệ',91,3,NULL,1,1,'2012-05-30','2012-05-30'),(1015,'Tổng hợp, báo cáo số liệu đo chỉ tiêu KT cáp và thiết bị thông tin quang ','2.219 ',8,'t.bị ',3,3,NULL,1,1,'2012-05-30','2012-05-30'),(1016,'Kiểm tra ngày Hệ thống SDH ','2.220',0.25,'ht ',91,3,NULL,1,1,'2012-05-30','2012-06-08'),(1017,'Kiểm tra ngày Hệ thống kết nối MUX ','2.221',0.25,'ht ',91,3,NULL,1,1,'2012-05-30','2012-06-08'),(1018,'Thay đèn típ 1m2','7.580',0,'cái',1,0,'',1,1,'2012-05-31','2012-06-08'),(1020,'Gián tiếp Cung trưởng ','8.100',48,'người',3,0,'',1,1,'2012-06-05','2012-06-05'),(1021,'Gián tiếp Bí thư Đoàn TN, CTCĐ ','8.200',32,'Người ',3,0,'',1,1,'2012-06-05','2012-06-05'),(1022,'Họp bàn nhiệm vụ sản xuất ','8.300',4,'người ',3,0,'',1,1,'2012-06-05','2012-06-05'),(1023,'Sửa chữa dụng cụ phục vụ sản xuất ','8.400',8,'tổ',3,0,'',1,1,'2012-06-05','2012-06-05'),(1024,'Nhận vật tư  ','8.500',8,'tổ',3,0,'',1,1,'2012-06-05','2012-06-05'),(1025,'Cấp dưỡng hiện trường','8.600',2,'ngày',1,0,'',1,1,'2012-06-05','2012-06-05');
/*!40000 ALTER TABLE `task` ENABLE KEYS */;
UNLOCK TABLES;

--
-- Temporary table structure for view `taskdetail_nam_view`
--

DROP TABLE IF EXISTS `taskdetail_nam_view`;
/*!50001 DROP VIEW IF EXISTS `taskdetail_nam_view`*/;
SET @saved_cs_client     = @@character_set_client;
SET character_set_client = utf8;
/*!50001 CREATE TABLE `taskdetail_nam_view` (
  `taskId` bigint(20),
  `taskTypeCode` int(11),
  `stationId` bigint(20),
  `year` int(11),
  `subTaskId` bigint(20),
  `branchId` bigint(20),
  `lastYearValue` double,
  `increaseValue` double,
  `decreaseValue` double,
  `q1` double,
  `q2` double,
  `q3` double,
  `q4` double
) ENGINE=MyISAM */;
SET character_set_client = @saved_cs_client;

--
-- Table structure for table `systemlog`
--

DROP TABLE IF EXISTS `systemlog`;
/*!40101 SET @saved_cs_client     = @@character_set_client */;
/*!40101 SET character_set_client = utf8 */;
CREATE TABLE `systemlog` (
  `id` int(11) NOT NULL AUTO_INCREMENT,
  `type` int(11) NOT NULL,
  `content` text,
  `className` varchar(250) DEFAULT NULL,
  `methodName` varchar(250) DEFAULT NULL,
  `exceptionClass` varchar(250) DEFAULT NULL,
  `createdDate` date NOT NULL,
  `updatedDate` date NOT NULL,
  `createBy` bigint(20) DEFAULT NULL,
  `updateBy` bigint(20) DEFAULT NULL,
  PRIMARY KEY (`id`)
) ENGINE=MyISAM DEFAULT CHARSET=latin1;
/*!40101 SET character_set_client = @saved_cs_client */;

--
-- Dumping data for table `systemlog`
--

LOCK TABLES `systemlog` WRITE;
/*!40000 ALTER TABLE `systemlog` DISABLE KEYS */;
/*!40000 ALTER TABLE `systemlog` ENABLE KEYS */;
UNLOCK TABLES;

--
-- Temporary table structure for view `taskdetail_kdk_view`
--

DROP TABLE IF EXISTS `taskdetail_kdk_view`;
/*!50001 DROP VIEW IF EXISTS `taskdetail_kdk_view`*/;
SET @saved_cs_client     = @@character_set_client;
SET character_set_client = utf8;
/*!50001 CREATE TABLE `taskdetail_kdk_view` (
  `taskId` bigint(20),
  `stationId` bigint(20),
  `taskTypeCode` int(11),
  `subTaskId` bigint(20),
  `branchId` bigint(20),
  `year` int(11),
  `q1` double,
  `q2` double,
  `q3` double,
  `q4` double
) ENGINE=MyISAM */;
SET character_set_client = @saved_cs_client;

--
-- Temporary table structure for view `taskdetail_dk_view`
--

DROP TABLE IF EXISTS `taskdetail_dk_view`;
/*!50001 DROP VIEW IF EXISTS `taskdetail_dk_view`*/;
SET @saved_cs_client     = @@character_set_client;
SET character_set_client = utf8;
/*!50001 CREATE TABLE `taskdetail_dk_view` (
  `taskId` bigint(20),
  `taskTypeCode` int(11),
  `stationId` bigint(20),
  `subTaskId` bigint(20),
  `branchId` bigint(20),
  `year` int(11),
  `lastYearValue` double,
  `increaseValue` double,
  `decreaseValue` double
) ENGINE=MyISAM */;
SET character_set_client = @saved_cs_client;

--
-- Table structure for table `station`
--

DROP TABLE IF EXISTS `station`;
/*!40101 SET @saved_cs_client     = @@character_set_client */;
/*!40101 SET character_set_client = utf8 */;
CREATE TABLE `station` (
  `id` bigint(20) NOT NULL AUTO_INCREMENT,
  `name` varchar(100) CHARACTER SET utf8 COLLATE utf8_unicode_ci NOT NULL,
  `company` tinyint(1) NOT NULL,
  `createdDate` date NOT NULL,
  `updatedDate` date NOT NULL,
  `createBy` bigint(20) NOT NULL,
  `updateBy` bigint(20) NOT NULL,
  PRIMARY KEY (`id`)
) ENGINE=InnoDB AUTO_INCREMENT=36 DEFAULT CHARSET=latin1;
/*!40101 SET character_set_client = @saved_cs_client */;

--
-- Dumping data for table `station`
--

LOCK TABLES `station` WRITE;
/*!40000 ALTER TABLE `station` DISABLE KEYS */;
INSERT INTO `station` VALUES (27,'Công ty',1,'2011-12-31','2011-12-31',1,1),(31,'Trung tâm Thanh Hóa',0,'2012-01-08','2012-01-08',1,1),(32,'Trung tâm Cầu Giát',0,'2012-01-08','2012-01-08',1,1),(33,'Trung tâm Vinh',0,'2012-01-08','2012-01-08',1,1),(34,'Trung tâm Đồng Lê',0,'2012-01-08','2012-01-08',1,1),(35,'Xí nghiệp XL và DV TTTH Điện',0,'2012-01-08','2012-02-01',1,1);
/*!40000 ALTER TABLE `station` ENABLE KEYS */;
UNLOCK TABLES;

--
-- Table structure for table `user`
--

DROP TABLE IF EXISTS `user`;
/*!40101 SET @saved_cs_client     = @@character_set_client */;
/*!40101 SET character_set_client = utf8 */;
CREATE TABLE `user` (
  `id` bigint(20) NOT NULL AUTO_INCREMENT,
  `userName` varchar(50) CHARACTER SET utf8 COLLATE utf8_unicode_ci NOT NULL,
  `passWord` varchar(50) CHARACTER SET utf8 COLLATE utf8_unicode_ci NOT NULL,
  `userRole` varchar(10) CHARACTER SET utf8 COLLATE utf8_unicode_ci NOT NULL,
  `stationId` bigint(20) DEFAULT NULL,
  `createdDate` date NOT NULL,
  `updatedDate` date NOT NULL,
  `createBy` bigint(20) NOT NULL,
  `updateBy` bigint(20) NOT NULL,
  PRIMARY KEY (`id`),
  UNIQUE KEY `username` (`userName`),
  KEY `fk_user_station` (`stationId`),
  CONSTRAINT `fk_user_station` FOREIGN KEY (`stationId`) REFERENCES `station` (`id`) ON DELETE NO ACTION ON UPDATE NO ACTION
) ENGINE=InnoDB AUTO_INCREMENT=45 DEFAULT CHARSET=latin1;
/*!40101 SET character_set_client = @saved_cs_client */;

--
-- Dumping data for table `user`
--

LOCK TABLES `user` WRITE;
/*!40000 ALTER TABLE `user` DISABLE KEYS */;
INSERT INTO `user` VALUES (8,'admin','21232f297a57a5a743894a0e4a801fc3','ADMIN',27,'2011-12-28','2011-12-28',1,1),(30,'quanly','76ce09fc04225228897e61087b1172a8','MANAGER',27,'2012-01-08','2012-01-08',1,1),(33,'hoaa','dcc86935fdabd462ac2298ad004df366','USER',32,'2012-01-09','2012-01-09',1,1),(34,'dien','52ec538941f82416e7ce1caf283a765f','USER',33,'2012-01-16','2012-01-16',1,1),(35,'hoan','892e2583ccbd69cb1081fec008ce4735','USER',34,'2012-01-27','2012-01-27',1,1),(36,'long','0f5264038205edfb1ac05fbb0e8c5e94','USER',35,'2012-01-27','2012-01-27',1,1),(38,'dung','625d45c587033e8970af8b4e3fdb575c','USER',31,'2012-05-25','2012-05-25',1,1);
/*!40000 ALTER TABLE `user` ENABLE KEYS */;
UNLOCK TABLES;

--
-- Table structure for table `branch`
--

DROP TABLE IF EXISTS `branch`;
/*!40101 SET @saved_cs_client     = @@character_set_client */;
/*!40101 SET character_set_client = utf8 */;
CREATE TABLE `branch` (
  `id` bigint(20) NOT NULL AUTO_INCREMENT,
  `stationId` bigint(20) NOT NULL,
  `name` varchar(200) COLLATE utf8_unicode_ci NOT NULL,
  `createdDate` date NOT NULL,
  `updatedDate` date NOT NULL,
  `createBy` bigint(20) NOT NULL,
  `updateBy` bigint(20) NOT NULL,
  PRIMARY KEY (`id`),
  KEY `fk_branch_station1` (`stationId`),
  CONSTRAINT `fk_branch_station1` FOREIGN KEY (`stationId`) REFERENCES `station` (`id`) ON DELETE NO ACTION ON UPDATE NO ACTION
) ENGINE=InnoDB AUTO_INCREMENT=54 DEFAULT CHARSET=utf8 COLLATE=utf8_unicode_ci;
/*!40101 SET character_set_client = @saved_cs_client */;

--
-- Dumping data for table `branch`
--

LOCK TABLES `branch` WRITE;
/*!40000 ALTER TABLE `branch` DISABLE KEYS */;
INSERT INTO `branch` VALUES (8,31,'Cung Bỉm Sơn','2012-01-09','2012-01-31',1,1),(9,31,'Cung Đò Lèn','2012-01-30','2012-01-30',1,1),(11,31,'Cung Thanh Hóa','2012-01-27','2012-01-31',1,1),(12,31,'Cung Minh Khôi','2012-01-30','2012-01-31',1,1),(13,31,'Cung Văn Trai','2012-01-30','2012-01-31',1,1),(14,31,'Trạm Thông tin Thanh Hóa','2012-01-30','2012-01-31',1,1),(19,31,'Cung Nguồn điện Thanh Hóa','2012-01-31','2012-01-31',1,1),(20,31,'Trạm ĐTĐB Thanh Hóa','2012-01-31','2012-01-31',1,1),(21,32,'Cung Trường Lâm','2012-01-31','2012-01-31',1,1),(22,32,'Cung Cầu Giát','2012-01-31','2012-01-31',1,1),(23,32,'Cung Chợ Sy','2012-01-31','2012-01-31',1,1),(24,32,'Cung Quán Hành','2012-01-31','2012-01-31',1,1),(25,32,'Cung Nghĩa Thuận','2012-01-31','2012-01-31',1,1),(26,32,'Trạm Thông tin Cầu Giát','2012-01-31','2012-01-31',1,1),(27,32,'Cung Nguồn điện Cầu Giát','2012-01-31','2012-01-31',1,1),(28,32,'Trạm ĐTĐB Cầu Giát','2012-01-31','2012-01-31',1,1),(29,33,'Cung Vinh','2012-01-31','2012-01-31',1,1),(30,33,'Cung Yên Trung','2012-01-31','2012-01-31',1,1),(31,33,'Cung Đức Lạc','2012-01-31','2012-01-31',1,1),(32,33,'Cung Thanh Luyện','2012-01-31','2012-01-31',1,1),(33,33,'Cung Hương Phố','2012-02-01','2012-02-01',1,1),(34,33,'Cung Phúc Trạch','2012-02-01','2012-02-01',1,1),(35,33,'Trạm Thông tin Vinh','2012-02-01','2012-02-01',1,1),(36,33,'Cung Nguồn điện Vinh','2012-02-01','2012-02-01',1,1),(37,33,'Trạm ĐTĐB Vinh','2012-02-01','2012-02-01',1,1),(38,34,'Cung Kim Lũ','2012-02-01','2012-02-01',1,1),(39,34,'Cung Đồng Lê','2012-02-01','2012-02-01',1,1),(40,34,'Cung Lạc Sơn','2012-02-01','2012-02-01',1,1),(41,34,'Cung Minh Lễ','2012-02-01','2012-02-01',1,1),(42,34,'Cung Hoàn Lão','2012-02-01','2012-02-01',1,1),(43,34,'Cung Phúc Tự','2012-02-01','2012-02-01',1,1),(44,34,'Trạm Thông tin Đồng Lê','2012-02-01','2012-02-01',1,1),(45,34,'Cung Nguồn điện Đồng Lê','2012-02-01','2012-02-01',1,1),(46,34,'Trạm ĐTĐB Đồng Lê','2012-02-01','2012-02-01',1,1),(47,35,'Trạm Kiểm tu','2012-02-01','2012-02-01',1,1),(48,35,'Tổ QL cáp quang','2012-02-01','2012-02-01',1,1),(49,35,'Tổ Bổ trợ','2012-02-01','2012-02-01',1,1),(50,31,'Trung tâm Thanh Hóa','2012-02-09','2012-02-09',1,1),(51,32,'Trung tâm Cầu Giát','2012-06-03','2012-06-03',1,1),(52,33,'Trung tâm Vinh','2012-06-03','2012-06-03',1,1),(53,34,'Trung tâm Đồng Lê','2012-06-03','2012-06-03',1,1);
/*!40000 ALTER TABLE `branch` ENABLE KEYS */;
UNLOCK TABLES;

--
-- Table structure for table `taskdetail_nam`
--

DROP TABLE IF EXISTS `taskdetail_nam`;
/*!40101 SET @saved_cs_client     = @@character_set_client */;
/*!40101 SET character_set_client = utf8 */;
CREATE TABLE `taskdetail_nam` (
  `id` bigint(20) NOT NULL AUTO_INCREMENT,
  `taskId` bigint(20) NOT NULL,
  `branchId` bigint(20) NOT NULL,
  `year` int(11) NOT NULL,
  `lastYearValue` double DEFAULT NULL,
  `increaseValue` double DEFAULT NULL,
  `decreaseValue` double DEFAULT NULL,
  `q1` double DEFAULT NULL,
  `q2` double DEFAULT NULL,
  `q3` double DEFAULT NULL,
  `q4` double DEFAULT NULL,
  `createdDate` date NOT NULL,
  `updatedDate` date NOT NULL,
  `updateBy` bigint(20) NOT NULL,
  `createBy` bigint(20) NOT NULL,
  PRIMARY KEY (`id`),
  UNIQUE KEY `taskdetail_nam_index` (`taskId`,`branchId`),
  KEY `fk_taskdetail_kdk_task1` (`taskId`),
  KEY `fk_taskdetail_kdk_branch1` (`branchId`),
  CONSTRAINT `taskdetail_nam_ibfk_3` FOREIGN KEY (`taskId`) REFERENCES `task` (`id`) ON DELETE NO ACTION ON UPDATE NO ACTION,
  CONSTRAINT `taskdetail_nam_ibfk_4` FOREIGN KEY (`branchId`) REFERENCES `branch` (`id`) ON DELETE NO ACTION ON UPDATE NO ACTION
) ENGINE=InnoDB DEFAULT CHARSET=utf8 COLLATE=utf8_unicode_ci;
/*!40101 SET character_set_client = @saved_cs_client */;

--
-- Dumping data for table `taskdetail_nam`
--

LOCK TABLES `taskdetail_nam` WRITE;
/*!40000 ALTER TABLE `taskdetail_nam` DISABLE KEYS */;
/*!40000 ALTER TABLE `taskdetail_nam` ENABLE KEYS */;
UNLOCK TABLES;

--
-- Table structure for table `taskdetail_dk`
--

DROP TABLE IF EXISTS `taskdetail_dk`;
/*!40101 SET @saved_cs_client     = @@character_set_client */;
/*!40101 SET character_set_client = utf8 */;
CREATE TABLE `taskdetail_dk` (
  `id` bigint(20) NOT NULL AUTO_INCREMENT,
  `taskId` bigint(20) NOT NULL,
  `branchId` bigint(20) NOT NULL,
  `year` int(11) NOT NULL,
  `lastYearValue` double DEFAULT NULL,
  `increaseValue` double DEFAULT NULL,
  `decreaseValue` double DEFAULT NULL,
  `createdDate` date NOT NULL,
  `updatedDate` date NOT NULL,
  `updateBy` bigint(20) NOT NULL,
  `createBy` bigint(20) NOT NULL,
  PRIMARY KEY (`id`),
  UNIQUE KEY `sub_task_detail_annual_index` (`taskId`,`branchId`),
  KEY `fk_taskdetail_kdk_task1` (`taskId`),
  KEY `fk_taskdetail_kdk_branch1` (`branchId`),
  CONSTRAINT `fk_taskdetail_kdk_branch1` FOREIGN KEY (`branchId`) REFERENCES `branch` (`id`) ON DELETE NO ACTION ON UPDATE NO ACTION,
  CONSTRAINT `fk_taskdetail_kdk_task1` FOREIGN KEY (`taskId`) REFERENCES `task` (`id`) ON DELETE NO ACTION ON UPDATE NO ACTION
) ENGINE=InnoDB DEFAULT CHARSET=utf8 COLLATE=utf8_unicode_ci;
/*!40101 SET character_set_client = @saved_cs_client */;

--
-- Dumping data for table `taskdetail_dk`
--

LOCK TABLES `taskdetail_dk` WRITE;
/*!40000 ALTER TABLE `taskdetail_dk` DISABLE KEYS */;
/*!40000 ALTER TABLE `taskdetail_dk` ENABLE KEYS */;
UNLOCK TABLES;

--
-- Table structure for table `stationlock`
--

DROP TABLE IF EXISTS `stationlock`;
/*!40101 SET @saved_cs_client     = @@character_set_client */;
/*!40101 SET character_set_client = utf8 */;
CREATE TABLE `stationlock` (
  `id` int(11) NOT NULL AUTO_INCREMENT,
  `stationId` bigint(20) NOT NULL,
  `code` int(2) NOT NULL,
  `updatedDate` date NOT NULL,
  `createdDate` date NOT NULL,
  `createBy` bigint(20) NOT NULL,
  `updateBy` bigint(20) NOT NULL,
  PRIMARY KEY (`id`),
  UNIQUE KEY `stationlock_index` (`stationId`,`code`),
  KEY `fk_stationlock_station1` (`stationId`)
) ENGINE=MyISAM AUTO_INCREMENT=46 DEFAULT CHARSET=latin1;
/*!40101 SET character_set_client = @saved_cs_client */;

--
-- Dumping data for table `stationlock`
--

LOCK TABLES `stationlock` WRITE;
/*!40000 ALTER TABLE `stationlock` DISABLE KEYS */;
/*!40000 ALTER TABLE `stationlock` ENABLE KEYS */;
UNLOCK TABLES;

--
-- Table structure for table `taskdetail_kdk`
--

DROP TABLE IF EXISTS `taskdetail_kdk`;
/*!40101 SET @saved_cs_client     = @@character_set_client */;
/*!40101 SET character_set_client = utf8 */;
CREATE TABLE `taskdetail_kdk` (
  `id` bigint(20) NOT NULL AUTO_INCREMENT,
  `taskId` bigint(20) NOT NULL,
  `branchId` bigint(20) NOT NULL,
  `year` int(11) NOT NULL,
  `q1` double DEFAULT NULL,
  `q2` double DEFAULT NULL,
  `q3` double DEFAULT NULL,
  `q4` double DEFAULT NULL,
  `createdDate` date NOT NULL,
  `updatedDate` date NOT NULL,
  `updateBy` bigint(20) NOT NULL,
  `createBy` bigint(20) NOT NULL,
  PRIMARY KEY (`id`),
  UNIQUE KEY `sub_task_detail_index` (`taskId`,`branchId`),
  KEY `fk_taskdetail_dk_task1` (`taskId`),
  KEY `fk_taskdetail_dk_branch1` (`branchId`),
  CONSTRAINT `fk_taskdetail_dk_branch1` FOREIGN KEY (`branchId`) REFERENCES `branch` (`id`) ON DELETE NO ACTION ON UPDATE NO ACTION,
  CONSTRAINT `fk_taskdetail_dk_task1` FOREIGN KEY (`taskId`) REFERENCES `task` (`id`) ON DELETE NO ACTION ON UPDATE NO ACTION
) ENGINE=InnoDB DEFAULT CHARSET=utf8 COLLATE=utf8_unicode_ci;
/*!40101 SET character_set_client = @saved_cs_client */;

--
-- Dumping data for table `taskdetail_kdk`
--

LOCK TABLES `taskdetail_kdk` WRITE;
/*!40000 ALTER TABLE `taskdetail_kdk` DISABLE KEYS */;
/*!40000 ALTER TABLE `taskdetail_kdk` ENABLE KEYS */;
UNLOCK TABLES;

--
-- Final view structure for view `taskdetail_nam_view`
--

/*!50001 DROP TABLE IF EXISTS `taskdetail_nam_view`*/;
/*!50001 DROP VIEW IF EXISTS `taskdetail_nam_view`*/;
/*!50001 SET @saved_cs_client          = @@character_set_client */;
/*!50001 SET @saved_cs_results         = @@character_set_results */;
/*!50001 SET @saved_col_connection     = @@collation_connection */;
/*!50001 SET character_set_client      = utf8 */;
/*!50001 SET character_set_results     = utf8 */;
/*!50001 SET collation_connection      = utf8_general_ci */;
/*!50001 CREATE ALGORITHM=UNDEFINED */
/*!50013 DEFINER=`root`@`localhost` SQL SECURITY DEFINER */
/*!50001 VIEW `taskdetail_nam_view` AS select `task`.`id` AS `taskId`,`task`.`taskTypeCode` AS `taskTypeCode`,`branch`.`stationId` AS `stationId`,`taskdetail_nam`.`year` AS `year`,`taskdetail_nam`.`id` AS `subTaskId`,`taskdetail_nam`.`branchId` AS `branchId`,`taskdetail_nam`.`lastYearValue` AS `lastYearValue`,`taskdetail_nam`.`increaseValue` AS `increaseValue`,`taskdetail_nam`.`decreaseValue` AS `decreaseValue`,`taskdetail_nam`.`q1` AS `q1`,`taskdetail_nam`.`q2` AS `q2`,`taskdetail_nam`.`q3` AS `q3`,`taskdetail_nam`.`q4` AS `q4` from ((`task` join `taskdetail_nam` on((`task`.`id` = `taskdetail_nam`.`taskId`))) join `branch` on((`taskdetail_nam`.`branchId` = `branch`.`id`))) */;
/*!50001 SET character_set_client      = @saved_cs_client */;
/*!50001 SET character_set_results     = @saved_cs_results */;
/*!50001 SET collation_connection      = @saved_col_connection */;

--
-- Final view structure for view `taskdetail_kdk_view`
--

/*!50001 DROP TABLE IF EXISTS `taskdetail_kdk_view`*/;
/*!50001 DROP VIEW IF EXISTS `taskdetail_kdk_view`*/;
/*!50001 SET @saved_cs_client          = @@character_set_client */;
/*!50001 SET @saved_cs_results         = @@character_set_results */;
/*!50001 SET @saved_col_connection     = @@collation_connection */;
/*!50001 SET character_set_client      = utf8 */;
/*!50001 SET character_set_results     = utf8 */;
/*!50001 SET collation_connection      = utf8_general_ci */;
/*!50001 CREATE ALGORITHM=UNDEFINED */
/*!50013 DEFINER=`root`@`localhost` SQL SECURITY DEFINER */
/*!50001 VIEW `taskdetail_kdk_view` AS select `task`.`id` AS `taskId`,`branch`.`stationId` AS `stationId`,`task`.`taskTypeCode` AS `taskTypeCode`,`taskdetail_kdk`.`id` AS `subTaskId`,`taskdetail_kdk`.`branchId` AS `branchId`,`taskdetail_kdk`.`year` AS `year`,`taskdetail_kdk`.`q1` AS `q1`,`taskdetail_kdk`.`q2` AS `q2`,`taskdetail_kdk`.`q3` AS `q3`,`taskdetail_kdk`.`q4` AS `q4` from ((`task` join `taskdetail_kdk` on((`task`.`id` = `taskdetail_kdk`.`taskId`))) join `branch` on((`taskdetail_kdk`.`branchId` = `branch`.`id`))) */;
/*!50001 SET character_set_client      = @saved_cs_client */;
/*!50001 SET character_set_results     = @saved_cs_results */;
/*!50001 SET collation_connection      = @saved_col_connection */;

--
-- Final view structure for view `taskdetail_dk_view`
--

/*!50001 DROP TABLE IF EXISTS `taskdetail_dk_view`*/;
/*!50001 DROP VIEW IF EXISTS `taskdetail_dk_view`*/;
/*!50001 SET @saved_cs_client          = @@character_set_client */;
/*!50001 SET @saved_cs_results         = @@character_set_results */;
/*!50001 SET @saved_col_connection     = @@collation_connection */;
/*!50001 SET character_set_client      = utf8 */;
/*!50001 SET character_set_results     = utf8 */;
/*!50001 SET collation_connection      = utf8_general_ci */;
/*!50001 CREATE ALGORITHM=UNDEFINED */
/*!50013 DEFINER=`root`@`localhost` SQL SECURITY DEFINER */
/*!50001 VIEW `taskdetail_dk_view` AS select `task`.`id` AS `taskId`,`task`.`taskTypeCode` AS `taskTypeCode`,`branch`.`stationId` AS `stationId`,`taskdetail_dk`.`id` AS `subTaskId`,`taskdetail_dk`.`branchId` AS `branchId`,`taskdetail_dk`.`year` AS `year`,`taskdetail_dk`.`lastYearValue` AS `lastYearValue`,`taskdetail_dk`.`increaseValue` AS `increaseValue`,`taskdetail_dk`.`decreaseValue` AS `decreaseValue` from ((`task` join `taskdetail_dk` on((`task`.`id` = `taskdetail_dk`.`taskId`))) join `branch` on((`taskdetail_dk`.`branchId` = `branch`.`id`))) */;
/*!50001 SET character_set_client      = @saved_cs_client */;
/*!50001 SET character_set_results     = @saved_cs_results */;
/*!50001 SET collation_connection      = @saved_col_connection */;
/*!40103 SET TIME_ZONE=@OLD_TIME_ZONE */;

/*!40101 SET SQL_MODE=@OLD_SQL_MODE */;
/*!40014 SET FOREIGN_KEY_CHECKS=@OLD_FOREIGN_KEY_CHECKS */;
/*!40014 SET UNIQUE_CHECKS=@OLD_UNIQUE_CHECKS */;
/*!40101 SET CHARACTER_SET_CLIENT=@OLD_CHARACTER_SET_CLIENT */;
/*!40101 SET CHARACTER_SET_RESULTS=@OLD_CHARACTER_SET_RESULTS */;
/*!40101 SET COLLATION_CONNECTION=@OLD_COLLATION_CONNECTION */;
/*!40111 SET SQL_NOTES=@OLD_SQL_NOTES */;

-- Dump completed on 2012-06-12 11:43:18
